solid Mesh
  facet normal 0 0 1
    outer loop
      vertex 11.5 42 3
      vertex -11.5 42 3
      vertex 11.5 32 3
    endloop
  endfacet
  facet normal 0 0 1
    outer loop
      vertex -11.5 42 3
      vertex -11.5 32 3
      vertex 11.5 32 3
    endloop
  endfacet
  facet normal 1 0 0
    outer loop
      vertex -11.5 32 3
      vertex -11.5 42 3
      vertex -11.5 32 28
    endloop
  endfacet
  facet normal 1 0 0
    outer loop
      vertex -11.5 42 3
      vertex -11.5 42 28
      vertex -11.5 32 28
    endloop
  endfacet
  facet normal 0 -1 0
    outer loop
      vertex -11.5 42 3
      vertex 11.5 42 3
      vertex -11.5 42 28
    endloop
  endfacet
  facet normal 0 -1 0
    outer loop
      vertex 11.5 42 3
      vertex 11.5 42 28
      vertex -11.5 42 28
    endloop
  endfacet
  facet normal -1 0 0
    outer loop
      vertex 11.5 42 3
      vertex 11.5 32 3
      vertex 11.5 42 28
    endloop
  endfacet
  facet normal -1 0 0
    outer loop
      vertex 11.5 32 3
      vertex 11.5 32 28
      vertex 11.5 42 28
    endloop
  endfacet
  facet normal 0 1 0
    outer loop
      vertex 11.5 32 3
      vertex -11.5 32 3
      vertex 11.5 32 28
    endloop
  endfacet
  facet normal 0 1 0
    outer loop
      vertex -11.5 32 3
      vertex -11.5 32 28
      vertex 11.5 32 28
    endloop
  endfacet
  facet normal 0 1 0
    outer loop
      vertex -13.5 44 0
      vertex -13.5 44 28
      vertex 13.5 44 0
    endloop
  endfacet
  facet normal 0 1 0
    outer loop
      vertex -13.5 44 28
      vertex 13.5 44 28
      vertex 13.5 44 0
    endloop
  endfacet
  facet normal -1 0 0
    outer loop
      vertex -13.5 44 28
      vertex -13.5 44 0
      vertex -13.5 32 28
    endloop
  endfacet
  facet normal -1 0 0
    outer loop
      vertex -13.5 44 0
      vertex -13.5 32 0
      vertex -13.5 32 28
    endloop
  endfacet
  facet normal 1 0 0
    outer loop
      vertex 13.5 44 0
      vertex 13.5 44 28
      vertex 13.5 32 0
    endloop
  endfacet
  facet normal 1 0 0
    outer loop
      vertex 13.5 44 28
      vertex 13.5 32 28
      vertex 13.5 32 0
    endloop
  endfacet
  facet normal -0.999762 -0.0218142 -1.33574e-17
    outer loop
      vertex 7.5 4.59243e-16 0
      vertex 7.5 -1.37773e-15 3
      vertex 7.49286 0.327145 0
    endloop
  endfacet
  facet normal -0.999762 -0.0218142 0
    outer loop
      vertex 7.5 -1.37773e-15 3
      vertex 7.49286 0.327145 3
      vertex 7.49286 0.327145 0
    endloop
  endfacet
  facet normal -0.997859 -0.0654028 0
    outer loop
      vertex 7.49286 0.327145 0
      vertex 7.49286 0.327145 3
      vertex 7.47146 0.653668 0
    endloop
  endfacet
  facet normal -0.997859 -0.0654028 0
    outer loop
      vertex 7.49286 0.327145 3
      vertex 7.47146 0.653668 3
      vertex 7.47146 0.653668 0
    endloop
  endfacet
  facet normal -0.994056 -0.108868 0
    outer loop
      vertex 7.47146 0.653668 0
      vertex 7.47146 0.653668 3
      vertex 7.43584 0.978946 0
    endloop
  endfacet
  facet normal -0.994056 -0.108868 0
    outer loop
      vertex 7.47146 0.653668 3
      vertex 7.43584 0.978946 3
      vertex 7.43584 0.978946 0
    endloop
  endfacet
  facet normal -0.988362 -0.152123 0
    outer loop
      vertex 7.43584 0.978946 0
      vertex 7.43584 0.978946 3
      vertex 7.38606 1.30236 0
    endloop
  endfacet
  facet normal -0.988362 -0.152123 0
    outer loop
      vertex 7.43584 0.978946 3
      vertex 7.38606 1.30236 3
      vertex 7.38606 1.30236 0
    endloop
  endfacet
  facet normal -0.980785 -0.19509 0
    outer loop
      vertex 7.38606 1.30236 0
      vertex 7.38606 1.30236 3
      vertex 7.32222 1.6233 0
    endloop
  endfacet
  facet normal -0.980785 -0.19509 0
    outer loop
      vertex 7.38606 1.30236 3
      vertex 7.32222 1.6233 3
      vertex 7.32222 1.6233 0
    endloop
  endfacet
  facet normal -0.971342 -0.237687 0
    outer loop
      vertex 7.32222 1.6233 0
      vertex 7.32222 1.6233 3
      vertex 7.24444 1.94114 0
    endloop
  endfacet
  facet normal -0.971342 -0.237687 0
    outer loop
      vertex 7.32222 1.6233 3
      vertex 7.24444 1.94114 3
      vertex 7.24444 1.94114 0
    endloop
  endfacet
  facet normal -0.96005 -0.279828 0
    outer loop
      vertex 7.24444 1.94114 0
      vertex 7.24444 1.94114 3
      vertex 7.15288 2.25529 0
    endloop
  endfacet
  facet normal -0.96005 -0.279828 0
    outer loop
      vertex 7.24444 1.94114 3
      vertex 7.15288 2.25529 3
      vertex 7.15288 2.25529 0
    endloop
  endfacet
  facet normal -0.94693 -0.32144 0
    outer loop
      vertex 7.15288 2.25529 0
      vertex 7.15288 2.25529 3
      vertex 7.04769 2.56515 0
    endloop
  endfacet
  facet normal -0.94693 -0.32144 0
    outer loop
      vertex 7.15288 2.25529 3
      vertex 7.04769 2.56515 3
      vertex 7.04769 2.56515 0
    endloop
  endfacet
  facet normal -0.932008 -0.362439 0
    outer loop
      vertex 7.04769 2.56515 0
      vertex 7.04769 2.56515 3
      vertex 6.9291 2.87013 0
    endloop
  endfacet
  facet normal -0.932008 -0.362439 0
    outer loop
      vertex 7.04769 2.56515 3
      vertex 6.9291 2.87013 3
      vertex 6.9291 2.87013 0
    endloop
  endfacet
  facet normal -0.915312 -0.402746 0
    outer loop
      vertex 6.9291 2.87013 0
      vertex 6.9291 2.87013 3
      vertex 6.79731 3.16964 0
    endloop
  endfacet
  facet normal -0.915312 -0.402746 0
    outer loop
      vertex 6.9291 2.87013 3
      vertex 6.79731 3.16964 3
      vertex 6.79731 3.16964 0
    endloop
  endfacet
  facet normal -0.896872 -0.44229 0
    outer loop
      vertex 6.79731 3.16964 0
      vertex 6.79731 3.16964 3
      vertex 6.65258 3.46311 0
    endloop
  endfacet
  facet normal -0.896872 -0.44229 0
    outer loop
      vertex 6.79731 3.16964 3
      vertex 6.65258 3.46311 3
      vertex 6.65258 3.46311 0
    endloop
  endfacet
  facet normal -0.876727 -0.480989 0
    outer loop
      vertex 6.65258 3.46311 0
      vertex 6.65258 3.46311 3
      vertex 6.49519 3.75 0
    endloop
  endfacet
  facet normal -0.876727 -0.480989 0
    outer loop
      vertex 6.65258 3.46311 3
      vertex 6.49519 3.75 3
      vertex 6.49519 3.75 0
    endloop
  endfacet
  facet normal -0.854912 -0.518773 0
    outer loop
      vertex 6.49519 3.75 0
      vertex 6.49519 3.75 3
      vertex 6.32544 4.02975 0
    endloop
  endfacet
  facet normal -0.854912 -0.518773 0
    outer loop
      vertex 6.49519 3.75 3
      vertex 6.32544 4.02975 3
      vertex 6.32544 4.02975 0
    endloop
  endfacet
  facet normal -0.831469 -0.55557 0
    outer loop
      vertex 6.32544 4.02975 0
      vertex 6.32544 4.02975 3
      vertex 6.14364 4.30182 0
    endloop
  endfacet
  facet normal -0.831469 -0.55557 0
    outer loop
      vertex 6.32544 4.02975 3
      vertex 6.14364 4.30182 3
      vertex 6.14364 4.30182 0
    endloop
  endfacet
  facet normal -0.806445 -0.591309 0
    outer loop
      vertex 6.14364 4.30182 0
      vertex 6.14364 4.30182 3
      vertex 5.95015 4.56571 0
    endloop
  endfacet
  facet normal -0.806445 -0.591309 0
    outer loop
      vertex 6.14364 4.30182 3
      vertex 5.95015 4.56571 3
      vertex 5.95015 4.56571 0
    endloop
  endfacet
  facet normal -0.779884 -0.625924 0
    outer loop
      vertex 5.95015 4.56571 0
      vertex 5.95015 4.56571 3
      vertex 5.74533 4.82091 0
    endloop
  endfacet
  facet normal -0.779884 -0.625924 0
    outer loop
      vertex 5.95015 4.56571 3
      vertex 5.74533 4.82091 3
      vertex 5.74533 4.82091 0
    endloop
  endfacet
  facet normal -0.75184 -0.659345 0
    outer loop
      vertex 5.74533 4.82091 0
      vertex 5.74533 4.82091 3
      vertex 5.52958 5.06693 0
    endloop
  endfacet
  facet normal -0.75184 -0.659345 0
    outer loop
      vertex 5.74533 4.82091 3
      vertex 5.52958 5.06693 3
      vertex 5.52958 5.06693 0
    endloop
  endfacet
  facet normal -0.722364 -0.691513 0
    outer loop
      vertex 5.52958 5.06693 0
      vertex 5.52958 5.06693 3
      vertex 5.3033 5.3033 0
    endloop
  endfacet
  facet normal -0.722364 -0.691513 0
    outer loop
      vertex 5.52958 5.06693 3
      vertex 5.3033 5.3033 3
      vertex 5.3033 5.3033 0
    endloop
  endfacet
  facet normal -0.691513 -0.722364 0
    outer loop
      vertex 5.3033 5.3033 0
      vertex 5.3033 5.3033 3
      vertex 5.06693 5.52958 0
    endloop
  endfacet
  facet normal -0.691513 -0.722364 0
    outer loop
      vertex 5.3033 5.3033 3
      vertex 5.06693 5.52958 3
      vertex 5.06693 5.52958 0
    endloop
  endfacet
  facet normal -0.659345 -0.75184 0
    outer loop
      vertex 5.06693 5.52958 0
      vertex 5.06693 5.52958 3
      vertex 4.82091 5.74533 0
    endloop
  endfacet
  facet normal -0.659345 -0.75184 0
    outer loop
      vertex 5.06693 5.52958 3
      vertex 4.82091 5.74533 3
      vertex 4.82091 5.74533 0
    endloop
  endfacet
  facet normal -0.625924 -0.779884 0
    outer loop
      vertex 4.82091 5.74533 0
      vertex 4.82091 5.74533 3
      vertex 4.56571 5.95015 0
    endloop
  endfacet
  facet normal -0.625924 -0.779884 0
    outer loop
      vertex 4.82091 5.74533 3
      vertex 4.56571 5.95015 3
      vertex 4.56571 5.95015 0
    endloop
  endfacet
  facet normal -0.591309 -0.806445 0
    outer loop
      vertex 4.56571 5.95015 0
      vertex 4.56571 5.95015 3
      vertex 4.30182 6.14364 0
    endloop
  endfacet
  facet normal -0.591309 -0.806445 0
    outer loop
      vertex 4.56571 5.95015 3
      vertex 4.30182 6.14364 3
      vertex 4.30182 6.14364 0
    endloop
  endfacet
  facet normal -0.55557 -0.831469 0
    outer loop
      vertex 4.30182 6.14364 0
      vertex 4.30182 6.14364 3
      vertex 4.02975 6.32544 0
    endloop
  endfacet
  facet normal -0.55557 -0.831469 0
    outer loop
      vertex 4.30182 6.14364 3
      vertex 4.02975 6.32544 3
      vertex 4.02975 6.32544 0
    endloop
  endfacet
  facet normal -0.518773 -0.854912 0
    outer loop
      vertex 4.02975 6.32544 0
      vertex 4.02975 6.32544 3
      vertex 3.75 6.49519 0
    endloop
  endfacet
  facet normal -0.518773 -0.854912 0
    outer loop
      vertex 4.02975 6.32544 3
      vertex 3.75 6.49519 3
      vertex 3.75 6.49519 0
    endloop
  endfacet
  facet normal -0.480989 -0.876727 0
    outer loop
      vertex 3.75 6.49519 0
      vertex 3.75 6.49519 3
      vertex 3.46311 6.65258 0
    endloop
  endfacet
  facet normal -0.480989 -0.876727 0
    outer loop
      vertex 3.75 6.49519 3
      vertex 3.46311 6.65258 3
      vertex 3.46311 6.65258 0
    endloop
  endfacet
  facet normal -0.44229 -0.896872 0
    outer loop
      vertex 3.46311 6.65258 0
      vertex 3.46311 6.65258 3
      vertex 3.16964 6.79731 0
    endloop
  endfacet
  facet normal -0.44229 -0.896872 0
    outer loop
      vertex 3.46311 6.65258 3
      vertex 3.16964 6.79731 3
      vertex 3.16964 6.79731 0
    endloop
  endfacet
  facet normal -0.402746 -0.915312 0
    outer loop
      vertex 3.16964 6.79731 0
      vertex 3.16964 6.79731 3
      vertex 2.87013 6.9291 0
    endloop
  endfacet
  facet normal -0.402746 -0.915312 0
    outer loop
      vertex 3.16964 6.79731 3
      vertex 2.87013 6.9291 3
      vertex 2.87013 6.9291 0
    endloop
  endfacet
  facet normal -0.362439 -0.932008 0
    outer loop
      vertex 2.87013 6.9291 0
      vertex 2.87013 6.9291 3
      vertex 2.56515 7.04769 0
    endloop
  endfacet
  facet normal -0.362439 -0.932008 0
    outer loop
      vertex 2.87013 6.9291 3
      vertex 2.56515 7.04769 3
      vertex 2.56515 7.04769 0
    endloop
  endfacet
  facet normal -0.32144 -0.94693 0
    outer loop
      vertex 2.56515 7.04769 0
      vertex 2.56515 7.04769 3
      vertex 2.25529 7.15288 0
    endloop
  endfacet
  facet normal -0.32144 -0.94693 0
    outer loop
      vertex 2.56515 7.04769 3
      vertex 2.25529 7.15288 3
      vertex 2.25529 7.15288 0
    endloop
  endfacet
  facet normal -0.279828 -0.96005 0
    outer loop
      vertex 2.25529 7.15288 0
      vertex 2.25529 7.15288 3
      vertex 1.94114 7.24444 0
    endloop
  endfacet
  facet normal -0.279828 -0.96005 0
    outer loop
      vertex 2.25529 7.15288 3
      vertex 1.94114 7.24444 3
      vertex 1.94114 7.24444 0
    endloop
  endfacet
  facet normal -0.237687 -0.971342 0
    outer loop
      vertex 1.94114 7.24444 0
      vertex 1.94114 7.24444 3
      vertex 1.6233 7.32222 0
    endloop
  endfacet
  facet normal -0.237687 -0.971342 0
    outer loop
      vertex 1.94114 7.24444 3
      vertex 1.6233 7.32222 3
      vertex 1.6233 7.32222 0
    endloop
  endfacet
  facet normal -0.19509 -0.980785 0
    outer loop
      vertex 1.6233 7.32222 0
      vertex 1.6233 7.32222 3
      vertex 1.30236 7.38606 0
    endloop
  endfacet
  facet normal -0.19509 -0.980785 0
    outer loop
      vertex 1.6233 7.32222 3
      vertex 1.30236 7.38606 3
      vertex 1.30236 7.38606 0
    endloop
  endfacet
  facet normal -0.152123 -0.988362 0
    outer loop
      vertex 1.30236 7.38606 0
      vertex 1.30236 7.38606 3
      vertex 0.978946 7.43584 0
    endloop
  endfacet
  facet normal -0.152123 -0.988362 0
    outer loop
      vertex 1.30236 7.38606 3
      vertex 0.978946 7.43584 3
      vertex 0.978946 7.43584 0
    endloop
  endfacet
  facet normal -0.108868 -0.994056 0
    outer loop
      vertex 0.978946 7.43584 0
      vertex 0.978946 7.43584 3
      vertex 0.653668 7.47146 0
    endloop
  endfacet
  facet normal -0.108868 -0.994056 0
    outer loop
      vertex 0.978946 7.43584 3
      vertex 0.653668 7.47146 3
      vertex 0.653668 7.47146 0
    endloop
  endfacet
  facet normal -0.0654028 -0.997859 0
    outer loop
      vertex 0.653668 7.47146 0
      vertex 0.653668 7.47146 3
      vertex 0.327145 7.49286 0
    endloop
  endfacet
  facet normal -0.0654028 -0.997859 0
    outer loop
      vertex 0.653668 7.47146 3
      vertex 0.327145 7.49286 3
      vertex 0.327145 7.49286 0
    endloop
  endfacet
  facet normal -0.0218142 -0.999762 0
    outer loop
      vertex 0.327145 7.49286 0
      vertex 0.327145 7.49286 3
      vertex 4.59243e-16 7.5 0
    endloop
  endfacet
  facet normal -0.0218142 -0.999762 0
    outer loop
      vertex 0.327145 7.49286 3
      vertex 4.59243e-16 7.5 3
      vertex 4.59243e-16 7.5 0
    endloop
  endfacet
  facet normal 0.0218142 -0.999762 0
    outer loop
      vertex 4.59243e-16 7.5 0
      vertex 4.59243e-16 7.5 3
      vertex -0.327145 7.49286 0
    endloop
  endfacet
  facet normal 0.0218142 -0.999762 0
    outer loop
      vertex 4.59243e-16 7.5 3
      vertex -0.327145 7.49286 3
      vertex -0.327145 7.49286 0
    endloop
  endfacet
  facet normal 0.0654028 -0.997859 0
    outer loop
      vertex -0.327145 7.49286 0
      vertex -0.327145 7.49286 3
      vertex -0.653668 7.47146 0
    endloop
  endfacet
  facet normal 0.0654028 -0.997859 0
    outer loop
      vertex -0.327145 7.49286 3
      vertex -0.653668 7.47146 3
      vertex -0.653668 7.47146 0
    endloop
  endfacet
  facet normal 0.108868 -0.994056 0
    outer loop
      vertex -0.653668 7.47146 0
      vertex -0.653668 7.47146 3
      vertex -0.978946 7.43584 0
    endloop
  endfacet
  facet normal 0.108868 -0.994056 0
    outer loop
      vertex -0.653668 7.47146 3
      vertex -0.978946 7.43584 3
      vertex -0.978946 7.43584 0
    endloop
  endfacet
  facet normal 0.152123 -0.988362 0
    outer loop
      vertex -0.978946 7.43584 0
      vertex -0.978946 7.43584 3
      vertex -1.30236 7.38606 0
    endloop
  endfacet
  facet normal 0.152123 -0.988362 0
    outer loop
      vertex -0.978946 7.43584 3
      vertex -1.30236 7.38606 3
      vertex -1.30236 7.38606 0
    endloop
  endfacet
  facet normal 0.19509 -0.980785 0
    outer loop
      vertex -1.30236 7.38606 0
      vertex -1.30236 7.38606 3
      vertex -1.6233 7.32222 0
    endloop
  endfacet
  facet normal 0.19509 -0.980785 0
    outer loop
      vertex -1.30236 7.38606 3
      vertex -1.6233 7.32222 3
      vertex -1.6233 7.32222 0
    endloop
  endfacet
  facet normal 0.237687 -0.971342 0
    outer loop
      vertex -1.6233 7.32222 0
      vertex -1.6233 7.32222 3
      vertex -1.94114 7.24444 0
    endloop
  endfacet
  facet normal 0.237687 -0.971342 0
    outer loop
      vertex -1.6233 7.32222 3
      vertex -1.94114 7.24444 3
      vertex -1.94114 7.24444 0
    endloop
  endfacet
  facet normal 0.279828 -0.96005 0
    outer loop
      vertex -1.94114 7.24444 0
      vertex -1.94114 7.24444 3
      vertex -2.25529 7.15288 0
    endloop
  endfacet
  facet normal 0.279828 -0.96005 0
    outer loop
      vertex -1.94114 7.24444 3
      vertex -2.25529 7.15288 3
      vertex -2.25529 7.15288 0
    endloop
  endfacet
  facet normal 0.32144 -0.94693 0
    outer loop
      vertex -2.25529 7.15288 0
      vertex -2.25529 7.15288 3
      vertex -2.56515 7.04769 0
    endloop
  endfacet
  facet normal 0.32144 -0.94693 0
    outer loop
      vertex -2.25529 7.15288 3
      vertex -2.56515 7.04769 3
      vertex -2.56515 7.04769 0
    endloop
  endfacet
  facet normal 0.362439 -0.932008 0
    outer loop
      vertex -2.56515 7.04769 0
      vertex -2.56515 7.04769 3
      vertex -2.87013 6.9291 0
    endloop
  endfacet
  facet normal 0.362439 -0.932008 0
    outer loop
      vertex -2.56515 7.04769 3
      vertex -2.87013 6.9291 3
      vertex -2.87013 6.9291 0
    endloop
  endfacet
  facet normal 0.402746 -0.915312 0
    outer loop
      vertex -2.87013 6.9291 0
      vertex -2.87013 6.9291 3
      vertex -3.16964 6.79731 0
    endloop
  endfacet
  facet normal 0.402746 -0.915312 0
    outer loop
      vertex -2.87013 6.9291 3
      vertex -3.16964 6.79731 3
      vertex -3.16964 6.79731 0
    endloop
  endfacet
  facet normal 0.44229 -0.896872 0
    outer loop
      vertex -3.16964 6.79731 0
      vertex -3.16964 6.79731 3
      vertex -3.46311 6.65258 0
    endloop
  endfacet
  facet normal 0.44229 -0.896872 0
    outer loop
      vertex -3.16964 6.79731 3
      vertex -3.46311 6.65258 3
      vertex -3.46311 6.65258 0
    endloop
  endfacet
  facet normal 0.480989 -0.876727 0
    outer loop
      vertex -3.46311 6.65258 0
      vertex -3.46311 6.65258 3
      vertex -3.75 6.49519 0
    endloop
  endfacet
  facet normal 0.480989 -0.876727 0
    outer loop
      vertex -3.46311 6.65258 3
      vertex -3.75 6.49519 3
      vertex -3.75 6.49519 0
    endloop
  endfacet
  facet normal 0.518773 -0.854912 0
    outer loop
      vertex -3.75 6.49519 0
      vertex -3.75 6.49519 3
      vertex -4.02975 6.32544 0
    endloop
  endfacet
  facet normal 0.518773 -0.854912 0
    outer loop
      vertex -3.75 6.49519 3
      vertex -4.02975 6.32544 3
      vertex -4.02975 6.32544 0
    endloop
  endfacet
  facet normal 0.55557 -0.831469 0
    outer loop
      vertex -4.02975 6.32544 0
      vertex -4.02975 6.32544 3
      vertex -4.30182 6.14364 0
    endloop
  endfacet
  facet normal 0.55557 -0.831469 0
    outer loop
      vertex -4.02975 6.32544 3
      vertex -4.30182 6.14364 3
      vertex -4.30182 6.14364 0
    endloop
  endfacet
  facet normal 0.591309 -0.806445 0
    outer loop
      vertex -4.30182 6.14364 0
      vertex -4.30182 6.14364 3
      vertex -4.56571 5.95015 0
    endloop
  endfacet
  facet normal 0.591309 -0.806445 0
    outer loop
      vertex -4.30182 6.14364 3
      vertex -4.56571 5.95015 3
      vertex -4.56571 5.95015 0
    endloop
  endfacet
  facet normal 0.625924 -0.779884 0
    outer loop
      vertex -4.56571 5.95015 0
      vertex -4.56571 5.95015 3
      vertex -4.82091 5.74533 0
    endloop
  endfacet
  facet normal 0.625924 -0.779884 0
    outer loop
      vertex -4.56571 5.95015 3
      vertex -4.82091 5.74533 3
      vertex -4.82091 5.74533 0
    endloop
  endfacet
  facet normal 0.659345 -0.75184 0
    outer loop
      vertex -4.82091 5.74533 0
      vertex -4.82091 5.74533 3
      vertex -5.06693 5.52958 0
    endloop
  endfacet
  facet normal 0.659345 -0.75184 0
    outer loop
      vertex -4.82091 5.74533 3
      vertex -5.06693 5.52958 3
      vertex -5.06693 5.52958 0
    endloop
  endfacet
  facet normal 0.691513 -0.722364 0
    outer loop
      vertex -5.06693 5.52958 0
      vertex -5.06693 5.52958 3
      vertex -5.3033 5.3033 0
    endloop
  endfacet
  facet normal 0.691513 -0.722364 0
    outer loop
      vertex -5.06693 5.52958 3
      vertex -5.3033 5.3033 3
      vertex -5.3033 5.3033 0
    endloop
  endfacet
  facet normal 0.722364 -0.691513 0
    outer loop
      vertex -5.3033 5.3033 0
      vertex -5.3033 5.3033 3
      vertex -5.52958 5.06693 0
    endloop
  endfacet
  facet normal 0.722364 -0.691513 0
    outer loop
      vertex -5.3033 5.3033 3
      vertex -5.52958 5.06693 3
      vertex -5.52958 5.06693 0
    endloop
  endfacet
  facet normal 0.75184 -0.659345 0
    outer loop
      vertex -5.52958 5.06693 0
      vertex -5.52958 5.06693 3
      vertex -5.74533 4.82091 0
    endloop
  endfacet
  facet normal 0.75184 -0.659345 0
    outer loop
      vertex -5.52958 5.06693 3
      vertex -5.74533 4.82091 3
      vertex -5.74533 4.82091 0
    endloop
  endfacet
  facet normal 0.779884 -0.625924 0
    outer loop
      vertex -5.74533 4.82091 0
      vertex -5.74533 4.82091 3
      vertex -5.95015 4.56571 0
    endloop
  endfacet
  facet normal 0.779884 -0.625924 0
    outer loop
      vertex -5.74533 4.82091 3
      vertex -5.95015 4.56571 3
      vertex -5.95015 4.56571 0
    endloop
  endfacet
  facet normal 0.806445 -0.591309 0
    outer loop
      vertex -5.95015 4.56571 0
      vertex -5.95015 4.56571 3
      vertex -6.14364 4.30182 0
    endloop
  endfacet
  facet normal 0.806445 -0.591309 0
    outer loop
      vertex -5.95015 4.56571 3
      vertex -6.14364 4.30182 3
      vertex -6.14364 4.30182 0
    endloop
  endfacet
  facet normal 0.831469 -0.55557 0
    outer loop
      vertex -6.14364 4.30182 0
      vertex -6.14364 4.30182 3
      vertex -6.32544 4.02975 0
    endloop
  endfacet
  facet normal 0.831469 -0.55557 0
    outer loop
      vertex -6.14364 4.30182 3
      vertex -6.32544 4.02975 3
      vertex -6.32544 4.02975 0
    endloop
  endfacet
  facet normal 0.854912 -0.518773 0
    outer loop
      vertex -6.32544 4.02975 0
      vertex -6.32544 4.02975 3
      vertex -6.49519 3.75 0
    endloop
  endfacet
  facet normal 0.854912 -0.518773 0
    outer loop
      vertex -6.32544 4.02975 3
      vertex -6.49519 3.75 3
      vertex -6.49519 3.75 0
    endloop
  endfacet
  facet normal 0.876727 -0.480989 0
    outer loop
      vertex -6.49519 3.75 0
      vertex -6.49519 3.75 3
      vertex -6.65258 3.46311 0
    endloop
  endfacet
  facet normal 0.876727 -0.480989 0
    outer loop
      vertex -6.49519 3.75 3
      vertex -6.65258 3.46311 3
      vertex -6.65258 3.46311 0
    endloop
  endfacet
  facet normal 0.896872 -0.44229 0
    outer loop
      vertex -6.65258 3.46311 0
      vertex -6.65258 3.46311 3
      vertex -6.79731 3.16964 0
    endloop
  endfacet
  facet normal 0.896872 -0.44229 0
    outer loop
      vertex -6.65258 3.46311 3
      vertex -6.79731 3.16964 3
      vertex -6.79731 3.16964 0
    endloop
  endfacet
  facet normal 0.915312 -0.402746 0
    outer loop
      vertex -6.79731 3.16964 0
      vertex -6.79731 3.16964 3
      vertex -6.9291 2.87013 0
    endloop
  endfacet
  facet normal 0.915312 -0.402746 0
    outer loop
      vertex -6.79731 3.16964 3
      vertex -6.9291 2.87013 3
      vertex -6.9291 2.87013 0
    endloop
  endfacet
  facet normal 0.932008 -0.362439 0
    outer loop
      vertex -6.9291 2.87013 0
      vertex -6.9291 2.87013 3
      vertex -7.04769 2.56515 0
    endloop
  endfacet
  facet normal 0.932008 -0.362439 0
    outer loop
      vertex -6.9291 2.87013 3
      vertex -7.04769 2.56515 3
      vertex -7.04769 2.56515 0
    endloop
  endfacet
  facet normal 0.94693 -0.32144 0
    outer loop
      vertex -7.04769 2.56515 0
      vertex -7.04769 2.56515 3
      vertex -7.15288 2.25529 0
    endloop
  endfacet
  facet normal 0.94693 -0.32144 0
    outer loop
      vertex -7.04769 2.56515 3
      vertex -7.15288 2.25529 3
      vertex -7.15288 2.25529 0
    endloop
  endfacet
  facet normal 0.96005 -0.279828 0
    outer loop
      vertex -7.15288 2.25529 0
      vertex -7.15288 2.25529 3
      vertex -7.24444 1.94114 0
    endloop
  endfacet
  facet normal 0.96005 -0.279828 0
    outer loop
      vertex -7.15288 2.25529 3
      vertex -7.24444 1.94114 3
      vertex -7.24444 1.94114 0
    endloop
  endfacet
  facet normal 0.971342 -0.237687 0
    outer loop
      vertex -7.24444 1.94114 0
      vertex -7.24444 1.94114 3
      vertex -7.32222 1.6233 0
    endloop
  endfacet
  facet normal 0.971342 -0.237687 0
    outer loop
      vertex -7.24444 1.94114 3
      vertex -7.32222 1.6233 3
      vertex -7.32222 1.6233 0
    endloop
  endfacet
  facet normal 0.980785 -0.19509 0
    outer loop
      vertex -7.32222 1.6233 0
      vertex -7.32222 1.6233 3
      vertex -7.38606 1.30236 0
    endloop
  endfacet
  facet normal 0.980785 -0.19509 0
    outer loop
      vertex -7.32222 1.6233 3
      vertex -7.38606 1.30236 3
      vertex -7.38606 1.30236 0
    endloop
  endfacet
  facet normal 0.988362 -0.152123 0
    outer loop
      vertex -7.38606 1.30236 0
      vertex -7.38606 1.30236 3
      vertex -7.43584 0.978946 0
    endloop
  endfacet
  facet normal 0.988362 -0.152123 0
    outer loop
      vertex -7.38606 1.30236 3
      vertex -7.43584 0.978946 3
      vertex -7.43584 0.978946 0
    endloop
  endfacet
  facet normal 0.994056 -0.108868 0
    outer loop
      vertex -7.43584 0.978946 0
      vertex -7.43584 0.978946 3
      vertex -7.47146 0.653668 0
    endloop
  endfacet
  facet normal 0.994056 -0.108868 0
    outer loop
      vertex -7.43584 0.978946 3
      vertex -7.47146 0.653668 3
      vertex -7.47146 0.653668 0
    endloop
  endfacet
  facet normal 0.997859 -0.0654028 0
    outer loop
      vertex -7.47146 0.653668 0
      vertex -7.47146 0.653668 3
      vertex -7.49286 0.327145 0
    endloop
  endfacet
  facet normal 0.997859 -0.0654028 0
    outer loop
      vertex -7.47146 0.653668 3
      vertex -7.49286 0.327145 3
      vertex -7.49286 0.327145 0
    endloop
  endfacet
  facet normal 0.999762 -0.0218142 0
    outer loop
      vertex -7.49286 0.327145 0
      vertex -7.49286 0.327145 3
      vertex -7.5 1.37773e-15 0
    endloop
  endfacet
  facet normal 0.999762 -0.0218142 0
    outer loop
      vertex -7.49286 0.327145 3
      vertex -7.5 1.37773e-15 3
      vertex -7.5 1.37773e-15 0
    endloop
  endfacet
  facet normal 0.999762 0.0218142 0
    outer loop
      vertex -7.5 1.37773e-15 0
      vertex -7.5 1.37773e-15 3
      vertex -7.49286 -0.327145 0
    endloop
  endfacet
  facet normal 0.999762 0.0218142 0
    outer loop
      vertex -7.5 1.37773e-15 3
      vertex -7.49286 -0.327145 3
      vertex -7.49286 -0.327145 0
    endloop
  endfacet
  facet normal 0.997859 0.0654028 0
    outer loop
      vertex -7.49286 -0.327145 0
      vertex -7.49286 -0.327145 3
      vertex -7.47146 -0.653668 0
    endloop
  endfacet
  facet normal 0.997859 0.0654028 0
    outer loop
      vertex -7.49286 -0.327145 3
      vertex -7.47146 -0.653668 3
      vertex -7.47146 -0.653668 0
    endloop
  endfacet
  facet normal 0.994056 0.108868 0
    outer loop
      vertex -7.47146 -0.653668 0
      vertex -7.47146 -0.653668 3
      vertex -7.43584 -0.978946 0
    endloop
  endfacet
  facet normal 0.994056 0.108868 0
    outer loop
      vertex -7.47146 -0.653668 3
      vertex -7.43584 -0.978946 3
      vertex -7.43584 -0.978946 0
    endloop
  endfacet
  facet normal 0.988362 0.152123 0
    outer loop
      vertex -7.43584 -0.978946 0
      vertex -7.43584 -0.978946 3
      vertex -7.38606 -1.30236 0
    endloop
  endfacet
  facet normal 0.988362 0.152123 0
    outer loop
      vertex -7.43584 -0.978946 3
      vertex -7.38606 -1.30236 3
      vertex -7.38606 -1.30236 0
    endloop
  endfacet
  facet normal 0.980785 0.19509 0
    outer loop
      vertex -7.38606 -1.30236 0
      vertex -7.38606 -1.30236 3
      vertex -7.32222 -1.6233 0
    endloop
  endfacet
  facet normal 0.980785 0.19509 0
    outer loop
      vertex -7.38606 -1.30236 3
      vertex -7.32222 -1.6233 3
      vertex -7.32222 -1.6233 0
    endloop
  endfacet
  facet normal 0.971342 0.237687 0
    outer loop
      vertex -7.32222 -1.6233 0
      vertex -7.32222 -1.6233 3
      vertex -7.24444 -1.94114 0
    endloop
  endfacet
  facet normal 0.971342 0.237687 0
    outer loop
      vertex -7.32222 -1.6233 3
      vertex -7.24444 -1.94114 3
      vertex -7.24444 -1.94114 0
    endloop
  endfacet
  facet normal 0.96005 0.279828 0
    outer loop
      vertex -7.24444 -1.94114 0
      vertex -7.24444 -1.94114 3
      vertex -7.15288 -2.25529 0
    endloop
  endfacet
  facet normal 0.96005 0.279828 0
    outer loop
      vertex -7.24444 -1.94114 3
      vertex -7.15288 -2.25529 3
      vertex -7.15288 -2.25529 0
    endloop
  endfacet
  facet normal 0.94693 0.32144 0
    outer loop
      vertex -7.15288 -2.25529 0
      vertex -7.15288 -2.25529 3
      vertex -7.04769 -2.56515 0
    endloop
  endfacet
  facet normal 0.94693 0.32144 0
    outer loop
      vertex -7.15288 -2.25529 3
      vertex -7.04769 -2.56515 3
      vertex -7.04769 -2.56515 0
    endloop
  endfacet
  facet normal 0.932008 0.362439 0
    outer loop
      vertex -7.04769 -2.56515 0
      vertex -7.04769 -2.56515 3
      vertex -6.9291 -2.87013 0
    endloop
  endfacet
  facet normal 0.932008 0.362439 0
    outer loop
      vertex -7.04769 -2.56515 3
      vertex -6.9291 -2.87013 3
      vertex -6.9291 -2.87013 0
    endloop
  endfacet
  facet normal 0.915312 0.402746 0
    outer loop
      vertex -6.9291 -2.87013 0
      vertex -6.9291 -2.87013 3
      vertex -6.79731 -3.16964 0
    endloop
  endfacet
  facet normal 0.915312 0.402746 0
    outer loop
      vertex -6.9291 -2.87013 3
      vertex -6.79731 -3.16964 3
      vertex -6.79731 -3.16964 0
    endloop
  endfacet
  facet normal 0.896872 0.44229 0
    outer loop
      vertex -6.79731 -3.16964 0
      vertex -6.79731 -3.16964 3
      vertex -6.65258 -3.46311 0
    endloop
  endfacet
  facet normal 0.896872 0.44229 0
    outer loop
      vertex -6.79731 -3.16964 3
      vertex -6.65258 -3.46311 3
      vertex -6.65258 -3.46311 0
    endloop
  endfacet
  facet normal 0.876727 0.480989 0
    outer loop
      vertex -6.65258 -3.46311 0
      vertex -6.65258 -3.46311 3
      vertex -6.49519 -3.75 0
    endloop
  endfacet
  facet normal 0.876727 0.480989 0
    outer loop
      vertex -6.65258 -3.46311 3
      vertex -6.49519 -3.75 3
      vertex -6.49519 -3.75 0
    endloop
  endfacet
  facet normal 0.854912 0.518773 0
    outer loop
      vertex -6.49519 -3.75 0
      vertex -6.49519 -3.75 3
      vertex -6.32544 -4.02975 0
    endloop
  endfacet
  facet normal 0.854912 0.518773 0
    outer loop
      vertex -6.49519 -3.75 3
      vertex -6.32544 -4.02975 3
      vertex -6.32544 -4.02975 0
    endloop
  endfacet
  facet normal 0.831469 0.55557 0
    outer loop
      vertex -6.32544 -4.02975 0
      vertex -6.32544 -4.02975 3
      vertex -6.14364 -4.30182 0
    endloop
  endfacet
  facet normal 0.831469 0.55557 0
    outer loop
      vertex -6.32544 -4.02975 3
      vertex -6.14364 -4.30182 3
      vertex -6.14364 -4.30182 0
    endloop
  endfacet
  facet normal 0.806445 0.591309 0
    outer loop
      vertex -6.14364 -4.30182 0
      vertex -6.14364 -4.30182 3
      vertex -5.95015 -4.56571 0
    endloop
  endfacet
  facet normal 0.806445 0.591309 0
    outer loop
      vertex -6.14364 -4.30182 3
      vertex -5.95015 -4.56571 3
      vertex -5.95015 -4.56571 0
    endloop
  endfacet
  facet normal 0.779884 0.625924 0
    outer loop
      vertex -5.95015 -4.56571 0
      vertex -5.95015 -4.56571 3
      vertex -5.74533 -4.82091 0
    endloop
  endfacet
  facet normal 0.779884 0.625924 0
    outer loop
      vertex -5.95015 -4.56571 3
      vertex -5.74533 -4.82091 3
      vertex -5.74533 -4.82091 0
    endloop
  endfacet
  facet normal 0.75184 0.659345 0
    outer loop
      vertex -5.74533 -4.82091 0
      vertex -5.74533 -4.82091 3
      vertex -5.52958 -5.06693 0
    endloop
  endfacet
  facet normal 0.75184 0.659345 0
    outer loop
      vertex -5.74533 -4.82091 3
      vertex -5.52958 -5.06693 3
      vertex -5.52958 -5.06693 0
    endloop
  endfacet
  facet normal 0.722364 0.691513 0
    outer loop
      vertex -5.52958 -5.06693 0
      vertex -5.52958 -5.06693 3
      vertex -5.3033 -5.3033 0
    endloop
  endfacet
  facet normal 0.722364 0.691513 0
    outer loop
      vertex -5.52958 -5.06693 3
      vertex -5.3033 -5.3033 3
      vertex -5.3033 -5.3033 0
    endloop
  endfacet
  facet normal 0.691513 0.722364 0
    outer loop
      vertex -5.3033 -5.3033 0
      vertex -5.3033 -5.3033 3
      vertex -5.06693 -5.52958 0
    endloop
  endfacet
  facet normal 0.691513 0.722364 0
    outer loop
      vertex -5.3033 -5.3033 3
      vertex -5.06693 -5.52958 3
      vertex -5.06693 -5.52958 0
    endloop
  endfacet
  facet normal 0.659345 0.75184 0
    outer loop
      vertex -5.06693 -5.52958 0
      vertex -5.06693 -5.52958 3
      vertex -4.82091 -5.74533 0
    endloop
  endfacet
  facet normal 0.659345 0.75184 0
    outer loop
      vertex -5.06693 -5.52958 3
      vertex -4.82091 -5.74533 3
      vertex -4.82091 -5.74533 0
    endloop
  endfacet
  facet normal 0.625924 0.779884 0
    outer loop
      vertex -4.82091 -5.74533 0
      vertex -4.82091 -5.74533 3
      vertex -4.56571 -5.95015 0
    endloop
  endfacet
  facet normal 0.625924 0.779884 0
    outer loop
      vertex -4.82091 -5.74533 3
      vertex -4.56571 -5.95015 3
      vertex -4.56571 -5.95015 0
    endloop
  endfacet
  facet normal 0.591309 0.806445 0
    outer loop
      vertex -4.56571 -5.95015 0
      vertex -4.56571 -5.95015 3
      vertex -4.30182 -6.14364 0
    endloop
  endfacet
  facet normal 0.591309 0.806445 0
    outer loop
      vertex -4.56571 -5.95015 3
      vertex -4.30182 -6.14364 3
      vertex -4.30182 -6.14364 0
    endloop
  endfacet
  facet normal 0.55557 0.831469 0
    outer loop
      vertex -4.30182 -6.14364 0
      vertex -4.30182 -6.14364 3
      vertex -4.02975 -6.32544 0
    endloop
  endfacet
  facet normal 0.55557 0.831469 0
    outer loop
      vertex -4.30182 -6.14364 3
      vertex -4.02975 -6.32544 3
      vertex -4.02975 -6.32544 0
    endloop
  endfacet
  facet normal 0.518773 0.854912 0
    outer loop
      vertex -4.02975 -6.32544 0
      vertex -4.02975 -6.32544 3
      vertex -3.75 -6.49519 0
    endloop
  endfacet
  facet normal 0.518773 0.854912 0
    outer loop
      vertex -4.02975 -6.32544 3
      vertex -3.75 -6.49519 3
      vertex -3.75 -6.49519 0
    endloop
  endfacet
  facet normal 0.480989 0.876727 0
    outer loop
      vertex -3.75 -6.49519 0
      vertex -3.75 -6.49519 3
      vertex -3.46311 -6.65258 0
    endloop
  endfacet
  facet normal 0.480989 0.876727 0
    outer loop
      vertex -3.75 -6.49519 3
      vertex -3.46311 -6.65258 3
      vertex -3.46311 -6.65258 0
    endloop
  endfacet
  facet normal 0.44229 0.896872 0
    outer loop
      vertex -3.46311 -6.65258 0
      vertex -3.46311 -6.65258 3
      vertex -3.16964 -6.79731 0
    endloop
  endfacet
  facet normal 0.44229 0.896872 0
    outer loop
      vertex -3.46311 -6.65258 3
      vertex -3.16964 -6.79731 3
      vertex -3.16964 -6.79731 0
    endloop
  endfacet
  facet normal 0.402746 0.915312 0
    outer loop
      vertex -3.16964 -6.79731 0
      vertex -3.16964 -6.79731 3
      vertex -2.87013 -6.9291 0
    endloop
  endfacet
  facet normal 0.402746 0.915312 0
    outer loop
      vertex -3.16964 -6.79731 3
      vertex -2.87013 -6.9291 3
      vertex -2.87013 -6.9291 0
    endloop
  endfacet
  facet normal 0.362439 0.932008 0
    outer loop
      vertex -2.87013 -6.9291 0
      vertex -2.87013 -6.9291 3
      vertex -2.56515 -7.04769 0
    endloop
  endfacet
  facet normal 0.362439 0.932008 0
    outer loop
      vertex -2.87013 -6.9291 3
      vertex -2.56515 -7.04769 3
      vertex -2.56515 -7.04769 0
    endloop
  endfacet
  facet normal 0.32144 0.94693 0
    outer loop
      vertex -2.56515 -7.04769 0
      vertex -2.56515 -7.04769 3
      vertex -2.25529 -7.15288 0
    endloop
  endfacet
  facet normal 0.32144 0.94693 0
    outer loop
      vertex -2.56515 -7.04769 3
      vertex -2.25529 -7.15288 3
      vertex -2.25529 -7.15288 0
    endloop
  endfacet
  facet normal 0.279828 0.96005 0
    outer loop
      vertex -2.25529 -7.15288 0
      vertex -2.25529 -7.15288 3
      vertex -1.94114 -7.24444 0
    endloop
  endfacet
  facet normal 0.279828 0.96005 0
    outer loop
      vertex -2.25529 -7.15288 3
      vertex -1.94114 -7.24444 3
      vertex -1.94114 -7.24444 0
    endloop
  endfacet
  facet normal 0.237687 0.971342 0
    outer loop
      vertex -1.94114 -7.24444 0
      vertex -1.94114 -7.24444 3
      vertex -1.6233 -7.32222 0
    endloop
  endfacet
  facet normal 0.237687 0.971342 0
    outer loop
      vertex -1.94114 -7.24444 3
      vertex -1.6233 -7.32222 3
      vertex -1.6233 -7.32222 0
    endloop
  endfacet
  facet normal 0.19509 0.980785 0
    outer loop
      vertex -1.6233 -7.32222 0
      vertex -1.6233 -7.32222 3
      vertex -1.30236 -7.38606 0
    endloop
  endfacet
  facet normal 0.19509 0.980785 0
    outer loop
      vertex -1.6233 -7.32222 3
      vertex -1.30236 -7.38606 3
      vertex -1.30236 -7.38606 0
    endloop
  endfacet
  facet normal 0.152123 0.988362 0
    outer loop
      vertex -1.30236 -7.38606 0
      vertex -1.30236 -7.38606 3
      vertex -0.978946 -7.43584 0
    endloop
  endfacet
  facet normal 0.152123 0.988362 0
    outer loop
      vertex -1.30236 -7.38606 3
      vertex -0.978946 -7.43584 3
      vertex -0.978946 -7.43584 0
    endloop
  endfacet
  facet normal 0.108868 0.994056 0
    outer loop
      vertex -0.978946 -7.43584 0
      vertex -0.978946 -7.43584 3
      vertex -0.653668 -7.47146 0
    endloop
  endfacet
  facet normal 0.108868 0.994056 0
    outer loop
      vertex -0.978946 -7.43584 3
      vertex -0.653668 -7.47146 3
      vertex -0.653668 -7.47146 0
    endloop
  endfacet
  facet normal 0.0654028 0.997859 0
    outer loop
      vertex -0.653668 -7.47146 0
      vertex -0.653668 -7.47146 3
      vertex -0.327145 -7.49286 0
    endloop
  endfacet
  facet normal 0.0654028 0.997859 0
    outer loop
      vertex -0.653668 -7.47146 3
      vertex -0.327145 -7.49286 3
      vertex -0.327145 -7.49286 0
    endloop
  endfacet
  facet normal 0.0218142 0.999762 0
    outer loop
      vertex -0.327145 -7.49286 0
      vertex -0.327145 -7.49286 3
      vertex -1.37773e-15 -7.5 0
    endloop
  endfacet
  facet normal 0.0218142 0.999762 0
    outer loop
      vertex -0.327145 -7.49286 3
      vertex -1.37773e-15 -7.5 3
      vertex -1.37773e-15 -7.5 0
    endloop
  endfacet
  facet normal -0.0218142 0.999762 0
    outer loop
      vertex -1.37773e-15 -7.5 0
      vertex -1.37773e-15 -7.5 3
      vertex 0.327145 -7.49286 0
    endloop
  endfacet
  facet normal -0.0218142 0.999762 0
    outer loop
      vertex -1.37773e-15 -7.5 3
      vertex 0.327145 -7.49286 3
      vertex 0.327145 -7.49286 0
    endloop
  endfacet
  facet normal -0.0654028 0.997859 0
    outer loop
      vertex 0.327145 -7.49286 0
      vertex 0.327145 -7.49286 3
      vertex 0.653668 -7.47146 0
    endloop
  endfacet
  facet normal -0.0654028 0.997859 0
    outer loop
      vertex 0.327145 -7.49286 3
      vertex 0.653668 -7.47146 3
      vertex 0.653668 -7.47146 0
    endloop
  endfacet
  facet normal -0.108868 0.994056 0
    outer loop
      vertex 0.653668 -7.47146 0
      vertex 0.653668 -7.47146 3
      vertex 0.978946 -7.43584 0
    endloop
  endfacet
  facet normal -0.108868 0.994056 0
    outer loop
      vertex 0.653668 -7.47146 3
      vertex 0.978946 -7.43584 3
      vertex 0.978946 -7.43584 0
    endloop
  endfacet
  facet normal -0.152123 0.988362 0
    outer loop
      vertex 0.978946 -7.43584 0
      vertex 0.978946 -7.43584 3
      vertex 1.30236 -7.38606 0
    endloop
  endfacet
  facet normal -0.152123 0.988362 0
    outer loop
      vertex 0.978946 -7.43584 3
      vertex 1.30236 -7.38606 3
      vertex 1.30236 -7.38606 0
    endloop
  endfacet
  facet normal -0.19509 0.980785 0
    outer loop
      vertex 1.30236 -7.38606 0
      vertex 1.30236 -7.38606 3
      vertex 1.6233 -7.32222 0
    endloop
  endfacet
  facet normal -0.19509 0.980785 0
    outer loop
      vertex 1.30236 -7.38606 3
      vertex 1.6233 -7.32222 3
      vertex 1.6233 -7.32222 0
    endloop
  endfacet
  facet normal -0.237687 0.971342 0
    outer loop
      vertex 1.6233 -7.32222 0
      vertex 1.6233 -7.32222 3
      vertex 1.94114 -7.24444 0
    endloop
  endfacet
  facet normal -0.237687 0.971342 0
    outer loop
      vertex 1.6233 -7.32222 3
      vertex 1.94114 -7.24444 3
      vertex 1.94114 -7.24444 0
    endloop
  endfacet
  facet normal -0.279828 0.96005 0
    outer loop
      vertex 1.94114 -7.24444 0
      vertex 1.94114 -7.24444 3
      vertex 2.25529 -7.15288 0
    endloop
  endfacet
  facet normal -0.279828 0.96005 0
    outer loop
      vertex 1.94114 -7.24444 3
      vertex 2.25529 -7.15288 3
      vertex 2.25529 -7.15288 0
    endloop
  endfacet
  facet normal -0.32144 0.94693 0
    outer loop
      vertex 2.25529 -7.15288 0
      vertex 2.25529 -7.15288 3
      vertex 2.56515 -7.04769 0
    endloop
  endfacet
  facet normal -0.32144 0.94693 0
    outer loop
      vertex 2.25529 -7.15288 3
      vertex 2.56515 -7.04769 3
      vertex 2.56515 -7.04769 0
    endloop
  endfacet
  facet normal -0.362439 0.932008 0
    outer loop
      vertex 2.56515 -7.04769 0
      vertex 2.56515 -7.04769 3
      vertex 2.87013 -6.9291 0
    endloop
  endfacet
  facet normal -0.362439 0.932008 0
    outer loop
      vertex 2.56515 -7.04769 3
      vertex 2.87013 -6.9291 3
      vertex 2.87013 -6.9291 0
    endloop
  endfacet
  facet normal -0.402746 0.915312 0
    outer loop
      vertex 2.87013 -6.9291 0
      vertex 2.87013 -6.9291 3
      vertex 3.16964 -6.79731 0
    endloop
  endfacet
  facet normal -0.402746 0.915312 0
    outer loop
      vertex 2.87013 -6.9291 3
      vertex 3.16964 -6.79731 3
      vertex 3.16964 -6.79731 0
    endloop
  endfacet
  facet normal -0.44229 0.896872 0
    outer loop
      vertex 3.16964 -6.79731 0
      vertex 3.16964 -6.79731 3
      vertex 3.46311 -6.65258 0
    endloop
  endfacet
  facet normal -0.44229 0.896872 0
    outer loop
      vertex 3.16964 -6.79731 3
      vertex 3.46311 -6.65258 3
      vertex 3.46311 -6.65258 0
    endloop
  endfacet
  facet normal -0.480989 0.876727 0
    outer loop
      vertex 3.46311 -6.65258 0
      vertex 3.46311 -6.65258 3
      vertex 3.75 -6.49519 0
    endloop
  endfacet
  facet normal -0.480989 0.876727 0
    outer loop
      vertex 3.46311 -6.65258 3
      vertex 3.75 -6.49519 3
      vertex 3.75 -6.49519 0
    endloop
  endfacet
  facet normal -0.518773 0.854912 0
    outer loop
      vertex 3.75 -6.49519 0
      vertex 3.75 -6.49519 3
      vertex 4.02975 -6.32544 0
    endloop
  endfacet
  facet normal -0.518773 0.854912 0
    outer loop
      vertex 3.75 -6.49519 3
      vertex 4.02975 -6.32544 3
      vertex 4.02975 -6.32544 0
    endloop
  endfacet
  facet normal -0.55557 0.831469 0
    outer loop
      vertex 4.02975 -6.32544 0
      vertex 4.02975 -6.32544 3
      vertex 4.30182 -6.14364 0
    endloop
  endfacet
  facet normal -0.55557 0.831469 0
    outer loop
      vertex 4.02975 -6.32544 3
      vertex 4.30182 -6.14364 3
      vertex 4.30182 -6.14364 0
    endloop
  endfacet
  facet normal -0.591309 0.806445 0
    outer loop
      vertex 4.30182 -6.14364 0
      vertex 4.30182 -6.14364 3
      vertex 4.56571 -5.95015 0
    endloop
  endfacet
  facet normal -0.591309 0.806445 0
    outer loop
      vertex 4.30182 -6.14364 3
      vertex 4.56571 -5.95015 3
      vertex 4.56571 -5.95015 0
    endloop
  endfacet
  facet normal -0.625924 0.779884 0
    outer loop
      vertex 4.56571 -5.95015 0
      vertex 4.56571 -5.95015 3
      vertex 4.82091 -5.74533 0
    endloop
  endfacet
  facet normal -0.625924 0.779884 0
    outer loop
      vertex 4.56571 -5.95015 3
      vertex 4.82091 -5.74533 3
      vertex 4.82091 -5.74533 0
    endloop
  endfacet
  facet normal -0.659345 0.75184 0
    outer loop
      vertex 4.82091 -5.74533 0
      vertex 4.82091 -5.74533 3
      vertex 5.06693 -5.52958 0
    endloop
  endfacet
  facet normal -0.659345 0.75184 0
    outer loop
      vertex 4.82091 -5.74533 3
      vertex 5.06693 -5.52958 3
      vertex 5.06693 -5.52958 0
    endloop
  endfacet
  facet normal -0.691513 0.722364 0
    outer loop
      vertex 5.06693 -5.52958 0
      vertex 5.06693 -5.52958 3
      vertex 5.3033 -5.3033 0
    endloop
  endfacet
  facet normal -0.691513 0.722364 0
    outer loop
      vertex 5.06693 -5.52958 3
      vertex 5.3033 -5.3033 3
      vertex 5.3033 -5.3033 0
    endloop
  endfacet
  facet normal -0.722364 0.691513 0
    outer loop
      vertex 5.3033 -5.3033 0
      vertex 5.3033 -5.3033 3
      vertex 5.52958 -5.06693 0
    endloop
  endfacet
  facet normal -0.722364 0.691513 0
    outer loop
      vertex 5.3033 -5.3033 3
      vertex 5.52958 -5.06693 3
      vertex 5.52958 -5.06693 0
    endloop
  endfacet
  facet normal -0.75184 0.659345 0
    outer loop
      vertex 5.52958 -5.06693 0
      vertex 5.52958 -5.06693 3
      vertex 5.74533 -4.82091 0
    endloop
  endfacet
  facet normal -0.75184 0.659345 0
    outer loop
      vertex 5.52958 -5.06693 3
      vertex 5.74533 -4.82091 3
      vertex 5.74533 -4.82091 0
    endloop
  endfacet
  facet normal -0.779884 0.625924 0
    outer loop
      vertex 5.74533 -4.82091 0
      vertex 5.74533 -4.82091 3
      vertex 5.95015 -4.56571 0
    endloop
  endfacet
  facet normal -0.779884 0.625924 0
    outer loop
      vertex 5.74533 -4.82091 3
      vertex 5.95015 -4.56571 3
      vertex 5.95015 -4.56571 0
    endloop
  endfacet
  facet normal -0.806445 0.591309 0
    outer loop
      vertex 5.95015 -4.56571 0
      vertex 5.95015 -4.56571 3
      vertex 6.14364 -4.30182 0
    endloop
  endfacet
  facet normal -0.806445 0.591309 0
    outer loop
      vertex 5.95015 -4.56571 3
      vertex 6.14364 -4.30182 3
      vertex 6.14364 -4.30182 0
    endloop
  endfacet
  facet normal -0.831469 0.55557 0
    outer loop
      vertex 6.14364 -4.30182 0
      vertex 6.14364 -4.30182 3
      vertex 6.32544 -4.02975 0
    endloop
  endfacet
  facet normal -0.831469 0.55557 0
    outer loop
      vertex 6.14364 -4.30182 3
      vertex 6.32544 -4.02975 3
      vertex 6.32544 -4.02975 0
    endloop
  endfacet
  facet normal -0.854912 0.518773 0
    outer loop
      vertex 6.32544 -4.02975 0
      vertex 6.32544 -4.02975 3
      vertex 6.49519 -3.75 0
    endloop
  endfacet
  facet normal -0.854912 0.518773 0
    outer loop
      vertex 6.32544 -4.02975 3
      vertex 6.49519 -3.75 3
      vertex 6.49519 -3.75 0
    endloop
  endfacet
  facet normal -0.876727 0.480989 0
    outer loop
      vertex 6.49519 -3.75 0
      vertex 6.49519 -3.75 3
      vertex 6.65258 -3.46311 0
    endloop
  endfacet
  facet normal -0.876727 0.480989 0
    outer loop
      vertex 6.49519 -3.75 3
      vertex 6.65258 -3.46311 3
      vertex 6.65258 -3.46311 0
    endloop
  endfacet
  facet normal -0.896872 0.44229 0
    outer loop
      vertex 6.65258 -3.46311 0
      vertex 6.65258 -3.46311 3
      vertex 6.79731 -3.16964 0
    endloop
  endfacet
  facet normal -0.896872 0.44229 0
    outer loop
      vertex 6.65258 -3.46311 3
      vertex 6.79731 -3.16964 3
      vertex 6.79731 -3.16964 0
    endloop
  endfacet
  facet normal -0.915312 0.402746 0
    outer loop
      vertex 6.79731 -3.16964 0
      vertex 6.79731 -3.16964 3
      vertex 6.9291 -2.87013 0
    endloop
  endfacet
  facet normal -0.915312 0.402746 0
    outer loop
      vertex 6.79731 -3.16964 3
      vertex 6.9291 -2.87013 3
      vertex 6.9291 -2.87013 0
    endloop
  endfacet
  facet normal -0.932008 0.362439 0
    outer loop
      vertex 6.9291 -2.87013 0
      vertex 6.9291 -2.87013 3
      vertex 7.04769 -2.56515 0
    endloop
  endfacet
  facet normal -0.932008 0.362439 0
    outer loop
      vertex 6.9291 -2.87013 3
      vertex 7.04769 -2.56515 3
      vertex 7.04769 -2.56515 0
    endloop
  endfacet
  facet normal -0.94693 0.32144 0
    outer loop
      vertex 7.04769 -2.56515 0
      vertex 7.04769 -2.56515 3
      vertex 7.15288 -2.25529 0
    endloop
  endfacet
  facet normal -0.94693 0.32144 0
    outer loop
      vertex 7.04769 -2.56515 3
      vertex 7.15288 -2.25529 3
      vertex 7.15288 -2.25529 0
    endloop
  endfacet
  facet normal -0.96005 0.279828 0
    outer loop
      vertex 7.15288 -2.25529 0
      vertex 7.15288 -2.25529 3
      vertex 7.24444 -1.94114 0
    endloop
  endfacet
  facet normal -0.96005 0.279828 0
    outer loop
      vertex 7.15288 -2.25529 3
      vertex 7.24444 -1.94114 3
      vertex 7.24444 -1.94114 0
    endloop
  endfacet
  facet normal -0.971342 0.237687 0
    outer loop
      vertex 7.24444 -1.94114 0
      vertex 7.24444 -1.94114 3
      vertex 7.32222 -1.6233 0
    endloop
  endfacet
  facet normal -0.971342 0.237687 0
    outer loop
      vertex 7.24444 -1.94114 3
      vertex 7.32222 -1.6233 3
      vertex 7.32222 -1.6233 0
    endloop
  endfacet
  facet normal -0.980785 0.19509 0
    outer loop
      vertex 7.32222 -1.6233 0
      vertex 7.32222 -1.6233 3
      vertex 7.38606 -1.30236 0
    endloop
  endfacet
  facet normal -0.980785 0.19509 0
    outer loop
      vertex 7.32222 -1.6233 3
      vertex 7.38606 -1.30236 3
      vertex 7.38606 -1.30236 0
    endloop
  endfacet
  facet normal -0.988362 0.152123 0
    outer loop
      vertex 7.38606 -1.30236 0
      vertex 7.38606 -1.30236 3
      vertex 7.43584 -0.978946 0
    endloop
  endfacet
  facet normal -0.988362 0.152123 0
    outer loop
      vertex 7.38606 -1.30236 3
      vertex 7.43584 -0.978946 3
      vertex 7.43584 -0.978946 0
    endloop
  endfacet
  facet normal -0.994056 0.108868 0
    outer loop
      vertex 7.43584 -0.978946 0
      vertex 7.43584 -0.978946 3
      vertex 7.47146 -0.653668 0
    endloop
  endfacet
  facet normal -0.994056 0.108868 0
    outer loop
      vertex 7.43584 -0.978946 3
      vertex 7.47146 -0.653668 3
      vertex 7.47146 -0.653668 0
    endloop
  endfacet
  facet normal -0.997859 0.0654028 0
    outer loop
      vertex 7.47146 -0.653668 0
      vertex 7.47146 -0.653668 3
      vertex 7.49286 -0.327145 0
    endloop
  endfacet
  facet normal -0.997859 0.0654028 0
    outer loop
      vertex 7.47146 -0.653668 3
      vertex 7.49286 -0.327145 3
      vertex 7.49286 -0.327145 0
    endloop
  endfacet
  facet normal -0.999762 0.0218142 0
    outer loop
      vertex 7.49286 -0.327145 0
      vertex 7.49286 -0.327145 3
      vertex 7.5 4.59243e-16 0
    endloop
  endfacet
  facet normal -0.999762 0.0218142 1.26394e-17
    outer loop
      vertex 7.49286 -0.327145 3
      vertex 7.5 -1.37773e-15 3
      vertex 7.5 4.59243e-16 0
    endloop
  endfacet
  facet normal 0 0 1
    outer loop
      vertex -31.4943 29.1307 3
      vertex -31.4986 29.0654 3
      vertex -28.5 29 3
    endloop
  endfacet
  facet normal 0 0 1
    outer loop
      vertex 31.299 -29.75 3
      vertex 31.3305 -29.6926 3
      vertex 28.5 -29 3
    endloop
  endfacet
  facet normal 0 0 1
    outer loop
      vertex -31.3305 -29.6926 3
      vertex -31.299 -29.75 3
      vertex -29.0358 -30.1491 3
    endloop
  endfacet
  facet normal 0 0 1
    outer loop
      vertex -31.4943 29.1307 3
      vertex -28.5 29 3
      vertex -31.4872 29.1958 3
    endloop
  endfacet
  facet normal 0 0 1
    outer loop
      vertex 28.5228 29.2605 3
      vertex 31.299 28.25 3
      vertex 31.3305 28.3074 3
    endloop
  endfacet
  facet normal 0 0 1
    outer loop
      vertex 31.3305 28.3074 3
      vertex 31.3595 28.3661 3
      vertex 28.5228 29.2605 3
    endloop
  endfacet
  facet normal 0 0 1
    outer loop
      vertex 31.3595 28.3661 3
      vertex 31.3858 28.426 3
      vertex 28.5228 29.2605 3
    endloop
  endfacet
  facet normal 0 0 1
    outer loop
      vertex 28.5228 29.2605 3
      vertex 31.3858 28.426 3
      vertex 31.4095 28.487 3
    endloop
  endfacet
  facet normal 0 0 1
    outer loop
      vertex 31.4095 28.487 3
      vertex 31.4306 28.5489 3
      vertex 28.5228 29.2605 3
    endloop
  endfacet
  facet normal 0 0 1
    outer loop
      vertex 31.4306 28.5489 3
      vertex 31.4489 28.6118 3
      vertex 28.5228 29.2605 3
    endloop
  endfacet
  facet normal 0 0 1
    outer loop
      vertex 28.5228 29.2605 3
      vertex 31.4489 28.6118 3
      vertex 31.4644 28.6753 3
    endloop
  endfacet
  facet normal 0 0 1
    outer loop
      vertex 31.4644 28.6753 3
      vertex 31.4772 28.7395 3
      vertex 28.5228 29.2605 3
    endloop
  endfacet
  facet normal 0 0 1
    outer loop
      vertex 31.4772 28.7395 3
      vertex 31.4872 28.8042 3
      vertex 28.5228 29.2605 3
    endloop
  endfacet
  facet normal 0 0 1
    outer loop
      vertex 28.5228 29.2605 3
      vertex 31.4872 28.8042 3
      vertex 31.4943 28.8693 3
    endloop
  endfacet
  facet normal 0 0 1
    outer loop
      vertex 31.4943 28.8693 3
      vertex 31.4986 28.9346 3
      vertex 28.5228 29.2605 3
    endloop
  endfacet
  facet normal 0 0 1
    outer loop
      vertex 31.4986 28.9346 3
      vertex 31.5 29 3
      vertex 28.5228 29.2605 3
    endloop
  endfacet
  facet normal 0 0 1
    outer loop
      vertex 28.5228 29.2605 3
      vertex 31.5 29 3
      vertex 31.4986 29.0654 3
    endloop
  endfacet
  facet normal 0 0 1
    outer loop
      vertex 28.5228 29.2605 3
      vertex 31.299 29.75 3
      vertex 31.2651 29.8059 3
    endloop
  endfacet
  facet normal 0 0 1
    outer loop
      vertex 28.701 29.75 3
      vertex 28.6695 29.6926 3
      vertex 29.6753 30.4644 3
    endloop
  endfacet
  facet normal 0 0 1
    outer loop
      vertex 5.06693 5.52958 3
      vertex 5.3033 5.3033 3
      vertex 28.5 29 3
    endloop
  endfacet
  facet normal 0 0 1
    outer loop
      vertex -31.4772 -29.2605 3
      vertex -31.4644 -29.3247 3
      vertex -28.5 -29 3
    endloop
  endfacet
  facet normal 0 0 1
    outer loop
      vertex -28.701 -29.75 3
      vertex -28.6695 -29.6926 3
      vertex -31.3595 -29.6339 3
    endloop
  endfacet
  facet normal 0 0 1
    outer loop
      vertex -28.5057 29.1307 3
      vertex -28.5128 29.1958 3
      vertex -31.4772 29.2605 3
    endloop
  endfacet
  facet normal 0 0 1
    outer loop
      vertex -28.5128 29.1958 3
      vertex -28.5228 29.2605 3
      vertex -31.4772 29.2605 3
    endloop
  endfacet
  facet normal 0 0 1
    outer loop
      vertex -31.4095 29.513 3
      vertex -31.4306 29.4511 3
      vertex -28.9393 30.0607 3
    endloop
  endfacet
  facet normal 0 0 1
    outer loop
      vertex -31.4986 29.0654 3
      vertex -31.5 29 3
      vertex -28.5 29 3
    endloop
  endfacet
  facet normal 0 0 1
    outer loop
      vertex -31.5 29 3
      vertex -31.4986 28.9346 3
      vertex -28.5 29 3
    endloop
  endfacet
  facet normal 0 0 1
    outer loop
      vertex -28.5 29 3
      vertex -31.4986 28.9346 3
      vertex -31.4943 28.8693 3
    endloop
  endfacet
  facet normal 0 0 1
    outer loop
      vertex 31.4986 29.0654 3
      vertex 31.4943 29.1307 3
      vertex 28.5228 29.2605 3
    endloop
  endfacet
  facet normal 0 0 1
    outer loop
      vertex 31.4943 29.1307 3
      vertex 31.4872 29.1958 3
      vertex 28.5228 29.2605 3
    endloop
  endfacet
  facet normal 0 0 1
    outer loop
      vertex 28.5228 29.2605 3
      vertex 31.4872 29.1958 3
      vertex 31.4772 29.2605 3
    endloop
  endfacet
  facet normal 0 0 1
    outer loop
      vertex 31.299 -29.75 3
      vertex 28.5 -29 3
      vertex 31.2651 -29.8059 3
    endloop
  endfacet
  facet normal 0 0 1
    outer loop
      vertex 31.3305 -29.6926 3
      vertex 31.3595 -29.6339 3
      vertex 28.5 -29 3
    endloop
  endfacet
  facet normal 0 0 1
    outer loop
      vertex 31.3595 -29.6339 3
      vertex 31.3858 -29.574 3
      vertex 28.5 -29 3
    endloop
  endfacet
  facet normal 0 0 1
    outer loop
      vertex 28.5 -29 3
      vertex 31.3858 -29.574 3
      vertex 31.4095 -29.513 3
    endloop
  endfacet
  facet normal 0 0 1
    outer loop
      vertex -31.2651 -28.1941 3
      vertex -31.299 -28.25 3
      vertex -28.5 -29 3
    endloop
  endfacet
  facet normal 0 0 1
    outer loop
      vertex -31.299 -28.25 3
      vertex -31.3305 -28.3074 3
      vertex -28.5 -29 3
    endloop
  endfacet
  facet normal 0 0 1
    outer loop
      vertex -31.4644 -28.6753 3
      vertex -31.4772 -28.7395 3
      vertex -28.5 -29 3
    endloop
  endfacet
  facet normal 0 0 1
    outer loop
      vertex -31.4772 -28.7395 3
      vertex -31.4872 -28.8042 3
      vertex -28.5 -29 3
    endloop
  endfacet
  facet normal 0 0 1
    outer loop
      vertex -28.5 -29 3
      vertex -31.4872 -28.8042 3
      vertex -31.4943 -28.8693 3
    endloop
  endfacet
  facet normal 0 0 1
    outer loop
      vertex -28.5905 -29.513 3
      vertex -28.5694 -29.4511 3
      vertex -31.3595 -29.6339 3
    endloop
  endfacet
  facet normal 0 0 1
    outer loop
      vertex -31.4872 29.1958 3
      vertex -28.5 29 3
      vertex -31.4772 29.2605 3
    endloop
  endfacet
  facet normal 0 0 1
    outer loop
      vertex -28.5 29 3
      vertex -28.5014 29.0654 3
      vertex -31.4772 29.2605 3
    endloop
  endfacet
  facet normal 0 0 1
    outer loop
      vertex -31.4772 29.2605 3
      vertex -28.5014 29.0654 3
      vertex -28.5057 29.1307 3
    endloop
  endfacet
  facet normal 0 0 1
    outer loop
      vertex -28.81 29.9131 3
      vertex -31.4772 29.2605 3
      vertex -28.7713 29.8604 3
    endloop
  endfacet
  facet normal 0 0 1
    outer loop
      vertex -31.4772 29.2605 3
      vertex -28.7349 29.8059 3
      vertex -28.7713 29.8604 3
    endloop
  endfacet
  facet normal 0 0 1
    outer loop
      vertex -31.4943 28.8693 3
      vertex -31.4872 28.8042 3
      vertex -28.5 29 3
    endloop
  endfacet
  facet normal 0 0 1
    outer loop
      vertex -31.4872 28.8042 3
      vertex -31.4772 28.7395 3
      vertex -28.5 29 3
    endloop
  endfacet
  facet normal 0 0 1
    outer loop
      vertex -28.5 29 3
      vertex -31.4772 28.7395 3
      vertex -31.4644 28.6753 3
    endloop
  endfacet
  facet normal 0 0 1
    outer loop
      vertex -31.4644 28.6753 3
      vertex -31.4489 28.6118 3
      vertex -28.5 29 3
    endloop
  endfacet
  facet normal 0 0 1
    outer loop
      vertex -31.4489 28.6118 3
      vertex -31.4306 28.5489 3
      vertex -28.5 29 3
    endloop
  endfacet
  facet normal 0 0 1
    outer loop
      vertex -28.5 29 3
      vertex -31.4306 28.5489 3
      vertex -31.4095 28.487 3
    endloop
  endfacet
  facet normal 0 0 1
    outer loop
      vertex -30.3882 27.5511 3
      vertex -30.3247 27.5356 3
      vertex -28.5 29 3
    endloop
  endfacet
  facet normal 0 0 1
    outer loop
      vertex 28.5014 29.0654 3
      vertex 28.5 29 3
      vertex 30 27.5 3
    endloop
  endfacet
  facet normal 0 0 1
    outer loop
      vertex 28.5128 29.1958 3
      vertex 30.1307 27.5057 3
      vertex 28.5228 29.2605 3
    endloop
  endfacet
  facet normal 0 0 1
    outer loop
      vertex 30.1307 27.5057 3
      vertex 30.1958 27.5128 3
      vertex 28.5228 29.2605 3
    endloop
  endfacet
  facet normal 0 0 1
    outer loop
      vertex 28.5228 29.2605 3
      vertex 30.1958 27.5128 3
      vertex 30.2605 27.5228 3
    endloop
  endfacet
  facet normal 0 0 1
    outer loop
      vertex 31.19 28.0869 3
      vertex 28.5228 29.2605 3
      vertex 31.1491 28.0358 3
    endloop
  endfacet
  facet normal 0 0 1
    outer loop
      vertex 28.5228 29.2605 3
      vertex 31.1059 27.9866 3
      vertex 31.1491 28.0358 3
    endloop
  endfacet
  facet normal 0 0 1
    outer loop
      vertex 31.3858 29.574 3
      vertex 28.5228 29.2605 3
      vertex 31.4095 29.513 3
    endloop
  endfacet
  facet normal 0 0 1
    outer loop
      vertex 28.5228 29.2605 3
      vertex 31.4306 29.4511 3
      vertex 31.4095 29.513 3
    endloop
  endfacet
  facet normal 0 0 1
    outer loop
      vertex 31.3858 29.574 3
      vertex 31.3595 29.6339 3
      vertex 28.5228 29.2605 3
    endloop
  endfacet
  facet normal 0 0 1
    outer loop
      vertex 31.3595 29.6339 3
      vertex 31.3305 29.6926 3
      vertex 28.5228 29.2605 3
    endloop
  endfacet
  facet normal 0 0 1
    outer loop
      vertex 28.5228 29.2605 3
      vertex 31.3305 29.6926 3
      vertex 31.299 29.75 3
    endloop
  endfacet
  facet normal 0 0 1
    outer loop
      vertex 30 -27.5 3
      vertex 7.5 -1.37773e-15 3
      vertex 7.49286 -0.327145 3
    endloop
  endfacet
  facet normal 0 0 1
    outer loop
      vertex 4.02975 -6.32544 3
      vertex 3.75 -6.49519 3
      vertex 28.5 -29 3
    endloop
  endfacet
  facet normal 0 0 1
    outer loop
      vertex -28.5 -29 3
      vertex -4.30182 -6.14364 3
      vertex -4.56571 -5.95015 3
    endloop
  endfacet
  facet normal 0 0 1
    outer loop
      vertex -4.56571 -5.95015 3
      vertex -4.82091 -5.74533 3
      vertex -28.5 -29 3
    endloop
  endfacet
  facet normal 0 0 1
    outer loop
      vertex -4.82091 -5.74533 3
      vertex -5.06693 -5.52958 3
      vertex -28.5 -29 3
    endloop
  endfacet
  facet normal 0 0 1
    outer loop
      vertex -28.5 -29 3
      vertex -5.06693 -5.52958 3
      vertex -5.3033 -5.3033 3
    endloop
  endfacet
  facet normal 0 0 1
    outer loop
      vertex 7.15288 2.25529 3
      vertex 7.24444 1.94114 3
      vertex 30 27.5 3
    endloop
  endfacet
  facet normal 0 0 1
    outer loop
      vertex 7.24444 1.94114 3
      vertex 7.32222 1.6233 3
      vertex 30 27.5 3
    endloop
  endfacet
  facet normal 0 0 1
    outer loop
      vertex 7.5 -1.37773e-15 3
      vertex 30 -27.5 3
      vertex 7.49286 0.327145 3
    endloop
  endfacet
  facet normal 0 0 1
    outer loop
      vertex 30 -27.5 3
      vertex 30 27.5 3
      vertex 7.49286 0.327145 3
    endloop
  endfacet
  facet normal 0 0 1
    outer loop
      vertex 7.49286 0.327145 3
      vertex 30 27.5 3
      vertex 7.47146 0.653668 3
    endloop
  endfacet
  facet normal 0 0 1
    outer loop
      vertex 29.7395 -30.4772 3
      vertex 29.8042 -30.4872 3
      vertex 28.5 -29 3
    endloop
  endfacet
  facet normal 0 0 1
    outer loop
      vertex -31.4943 -28.8693 3
      vertex -31.4986 -28.9346 3
      vertex -28.5 -29 3
    endloop
  endfacet
  facet normal 0 0 1
    outer loop
      vertex -31.4986 -28.9346 3
      vertex -31.5 -29 3
      vertex -28.5 -29 3
    endloop
  endfacet
  facet normal 0 0 1
    outer loop
      vertex -28.5 -29 3
      vertex -31.5 -29 3
      vertex -31.4986 -29.0654 3
    endloop
  endfacet
  facet normal 0 0 1
    outer loop
      vertex -31.4986 -29.0654 3
      vertex -31.4943 -29.1307 3
      vertex -28.5 -29 3
    endloop
  endfacet
  facet normal 0 0 1
    outer loop
      vertex -31.4943 -29.1307 3
      vertex -31.4872 -29.1958 3
      vertex -28.5 -29 3
    endloop
  endfacet
  facet normal 0 0 1
    outer loop
      vertex -28.5 -29 3
      vertex -31.4872 -29.1958 3
      vertex -31.4772 -29.2605 3
    endloop
  endfacet
  facet normal 0 0 1
    outer loop
      vertex -28.5228 29.2605 3
      vertex -28.5356 29.3247 3
      vertex -31.4772 29.2605 3
    endloop
  endfacet
  facet normal 0 0 1
    outer loop
      vertex -28.5356 29.3247 3
      vertex -28.5511 29.3882 3
      vertex -31.4772 29.2605 3
    endloop
  endfacet
  facet normal 0 0 1
    outer loop
      vertex -31.4772 29.2605 3
      vertex -28.5511 29.3882 3
      vertex -28.5694 29.4511 3
    endloop
  endfacet
  facet normal 0 0 1
    outer loop
      vertex -28.5694 29.4511 3
      vertex -28.5905 29.513 3
      vertex -31.4772 29.2605 3
    endloop
  endfacet
  facet normal 0 0 1
    outer loop
      vertex -28.5905 29.513 3
      vertex -28.6142 29.574 3
      vertex -31.4772 29.2605 3
    endloop
  endfacet
  facet normal 0 0 1
    outer loop
      vertex -31.4772 29.2605 3
      vertex -28.6142 29.574 3
      vertex -28.6405 29.6339 3
    endloop
  endfacet
  facet normal 0 0 1
    outer loop
      vertex -28.81 29.9131 3
      vertex -28.8509 29.9642 3
      vertex -31.4772 29.2605 3
    endloop
  endfacet
  facet normal 0 0 1
    outer loop
      vertex -28.8509 29.9642 3
      vertex -28.8941 30.0134 3
      vertex -31.4772 29.2605 3
    endloop
  endfacet
  facet normal 0 0 1
    outer loop
      vertex -31.4772 29.2605 3
      vertex -28.8941 30.0134 3
      vertex -28.9393 30.0607 3
    endloop
  endfacet
  facet normal 0 0 1
    outer loop
      vertex -29.7395 30.4772 3
      vertex -29.8042 30.4872 3
      vertex -31.0607 30.0607 3
    endloop
  endfacet
  facet normal 0 0 1
    outer loop
      vertex -29.8042 30.4872 3
      vertex -29.8693 30.4943 3
      vertex -31.0607 30.0607 3
    endloop
  endfacet
  facet normal 0 0 1
    outer loop
      vertex -29.8693 30.4943 3
      vertex -29.9346 30.4986 3
      vertex -31.0607 30.0607 3
    endloop
  endfacet
  facet normal 0 0 1
    outer loop
      vertex -31.0607 30.0607 3
      vertex -29.9346 30.4986 3
      vertex -30 30.5 3
    endloop
  endfacet
  facet normal 0 0 1
    outer loop
      vertex -30 30.5 3
      vertex -30.0654 30.4986 3
      vertex -31.0607 30.0607 3
    endloop
  endfacet
  facet normal 0 0 1
    outer loop
      vertex -30.0654 30.4986 3
      vertex -30.1307 30.4943 3
      vertex -31.0607 30.0607 3
    endloop
  endfacet
  facet normal 0 0 1
    outer loop
      vertex -31.0607 30.0607 3
      vertex -30.1307 30.4943 3
      vertex -30.1958 30.4872 3
    endloop
  endfacet
  facet normal 0 0 1
    outer loop
      vertex -31.1059 30.0134 3
      vertex -31.1491 29.9642 3
      vertex -28.9393 30.0607 3
    endloop
  endfacet
  facet normal 0 0 1
    outer loop
      vertex -31.1491 29.9642 3
      vertex -31.19 29.9131 3
      vertex -28.9393 30.0607 3
    endloop
  endfacet
  facet normal 0 0 1
    outer loop
      vertex -28.9393 30.0607 3
      vertex -31.19 29.9131 3
      vertex -31.2287 29.8604 3
    endloop
  endfacet
  facet normal 0 0 1
    outer loop
      vertex -31.4306 29.4511 3
      vertex -31.4489 29.3882 3
      vertex -28.9393 30.0607 3
    endloop
  endfacet
  facet normal 0 0 1
    outer loop
      vertex -31.4489 29.3882 3
      vertex -31.4644 29.3247 3
      vertex -28.9393 30.0607 3
    endloop
  endfacet
  facet normal 0 0 1
    outer loop
      vertex -28.9393 30.0607 3
      vertex -31.4644 29.3247 3
      vertex -31.4772 29.2605 3
    endloop
  endfacet
  facet normal 0 0 1
    outer loop
      vertex -30.3882 27.5511 3
      vertex -28.5 29 3
      vertex -30.4511 27.5694 3
    endloop
  endfacet
  facet normal 0 0 1
    outer loop
      vertex 28.5128 29.1958 3
      vertex 28.5057 29.1307 3
      vertex 30.1307 27.5057 3
    endloop
  endfacet
  facet normal 0 0 1
    outer loop
      vertex 28.5057 29.1307 3
      vertex 28.5014 29.0654 3
      vertex 30.1307 27.5057 3
    endloop
  endfacet
  facet normal 0 0 1
    outer loop
      vertex 30.1307 27.5057 3
      vertex 28.5014 29.0654 3
      vertex 30.0654 27.5014 3
    endloop
  endfacet
  facet normal 0 0 1
    outer loop
      vertex 28.5014 29.0654 3
      vertex 30 27.5 3
      vertex 30.0654 27.5014 3
    endloop
  endfacet
  facet normal 0 0 1
    outer loop
      vertex 30.2605 27.5228 3
      vertex 30.3247 27.5356 3
      vertex 28.5228 29.2605 3
    endloop
  endfacet
  facet normal 0 0 1
    outer loop
      vertex 30.3247 27.5356 3
      vertex 30.3882 27.5511 3
      vertex 28.5228 29.2605 3
    endloop
  endfacet
  facet normal 0 0 1
    outer loop
      vertex 28.5228 29.2605 3
      vertex 30.3882 27.5511 3
      vertex 30.4511 27.5694 3
    endloop
  endfacet
  facet normal 0 0 1
    outer loop
      vertex 31.19 28.0869 3
      vertex 31.2287 28.1396 3
      vertex 28.5228 29.2605 3
    endloop
  endfacet
  facet normal 0 0 1
    outer loop
      vertex 31.2287 28.1396 3
      vertex 31.2651 28.1941 3
      vertex 28.5228 29.2605 3
    endloop
  endfacet
  facet normal 0 0 1
    outer loop
      vertex 28.5228 29.2605 3
      vertex 31.2651 28.1941 3
      vertex 31.299 28.25 3
    endloop
  endfacet
  facet normal 0 0 1
    outer loop
      vertex 31.4772 29.2605 3
      vertex 31.4644 29.3247 3
      vertex 28.5228 29.2605 3
    endloop
  endfacet
  facet normal 0 0 1
    outer loop
      vertex 31.4644 29.3247 3
      vertex 31.4489 29.3882 3
      vertex 28.5228 29.2605 3
    endloop
  endfacet
  facet normal 0 0 1
    outer loop
      vertex 28.5228 29.2605 3
      vertex 31.4489 29.3882 3
      vertex 31.4306 29.4511 3
    endloop
  endfacet
  facet normal 0 0 1
    outer loop
      vertex 31.2651 29.8059 3
      vertex 31.2287 29.8604 3
      vertex 28.5228 29.2605 3
    endloop
  endfacet
  facet normal 0 0 1
    outer loop
      vertex 31.2287 29.8604 3
      vertex 31.19 29.9131 3
      vertex 28.5228 29.2605 3
    endloop
  endfacet
  facet normal 0 0 1
    outer loop
      vertex 28.5228 29.2605 3
      vertex 31.19 29.9131 3
      vertex 31.1491 29.9642 3
    endloop
  endfacet
  facet normal 0 0 1
    outer loop
      vertex 30.3882 30.4489 3
      vertex 30.3247 30.4644 3
      vertex 28.5228 29.2605 3
    endloop
  endfacet
  facet normal 0 0 1
    outer loop
      vertex 30.3247 30.4644 3
      vertex 30.2605 30.4772 3
      vertex 28.5228 29.2605 3
    endloop
  endfacet
  facet normal 0 0 1
    outer loop
      vertex 28.5228 29.2605 3
      vertex 30.2605 30.4772 3
      vertex 30.1958 30.4872 3
    endloop
  endfacet
  facet normal 0 0 1
    outer loop
      vertex 30.1958 30.4872 3
      vertex 30.1307 30.4943 3
      vertex 28.5228 29.2605 3
    endloop
  endfacet
  facet normal 0 0 1
    outer loop
      vertex 30.1307 30.4943 3
      vertex 30.0654 30.4986 3
      vertex 28.5228 29.2605 3
    endloop
  endfacet
  facet normal 0 0 1
    outer loop
      vertex 28.5228 29.2605 3
      vertex 30.0654 30.4986 3
      vertex 30 30.5 3
    endloop
  endfacet
  facet normal 0 0 1
    outer loop
      vertex 30 30.5 3
      vertex 29.9346 30.4986 3
      vertex 28.5228 29.2605 3
    endloop
  endfacet
  facet normal 0 0 1
    outer loop
      vertex 29.9346 30.4986 3
      vertex 29.8693 30.4943 3
      vertex 28.5228 29.2605 3
    endloop
  endfacet
  facet normal 0 0 1
    outer loop
      vertex 28.5228 29.2605 3
      vertex 29.8693 30.4943 3
      vertex 29.8042 30.4872 3
    endloop
  endfacet
  facet normal 0 0 1
    outer loop
      vertex 29.8042 30.4872 3
      vertex 29.7395 30.4772 3
      vertex 28.5228 29.2605 3
    endloop
  endfacet
  facet normal 0 0 1
    outer loop
      vertex 29.7395 30.4772 3
      vertex 29.6753 30.4644 3
      vertex 28.5228 29.2605 3
    endloop
  endfacet
  facet normal 0 0 1
    outer loop
      vertex 28.5228 29.2605 3
      vertex 29.6753 30.4644 3
      vertex 28.5356 29.3247 3
    endloop
  endfacet
  facet normal 0 0 1
    outer loop
      vertex 29.1941 30.2651 3
      vertex 29.1396 30.2287 3
      vertex 28.7349 29.8059 3
    endloop
  endfacet
  facet normal 0 0 1
    outer loop
      vertex 28.6695 29.6926 3
      vertex 28.6405 29.6339 3
      vertex 29.6753 30.4644 3
    endloop
  endfacet
  facet normal 0 0 1
    outer loop
      vertex 28.6405 29.6339 3
      vertex 28.6142 29.574 3
      vertex 29.6753 30.4644 3
    endloop
  endfacet
  facet normal 0 0 1
    outer loop
      vertex 29.6753 30.4644 3
      vertex 28.6142 29.574 3
      vertex 28.5905 29.513 3
    endloop
  endfacet
  facet normal 0 0 1
    outer loop
      vertex 6.9291 -2.87013 3
      vertex 30 -27.5 3
      vertex 7.04769 -2.56515 3
    endloop
  endfacet
  facet normal 0 0 1
    outer loop
      vertex 30 -27.5 3
      vertex 7.15288 -2.25529 3
      vertex 7.04769 -2.56515 3
    endloop
  endfacet
  facet normal 0 0 1
    outer loop
      vertex 6.9291 -2.87013 3
      vertex 6.79731 -3.16964 3
      vertex 30 -27.5 3
    endloop
  endfacet
  facet normal 0 0 1
    outer loop
      vertex 6.79731 -3.16964 3
      vertex 6.65258 -3.46311 3
      vertex 30 -27.5 3
    endloop
  endfacet
  facet normal 0 0 1
    outer loop
      vertex 30 -27.5 3
      vertex 6.65258 -3.46311 3
      vertex 6.49519 -3.75 3
    endloop
  endfacet
  facet normal 0 0 1
    outer loop
      vertex 28.5 29 3
      vertex 5.3033 5.3033 3
      vertex 30 27.5 3
    endloop
  endfacet
  facet normal 0 0 1
    outer loop
      vertex 5.3033 5.3033 3
      vertex 5.52958 5.06693 3
      vertex 30 27.5 3
    endloop
  endfacet
  facet normal 0 0 1
    outer loop
      vertex 30 27.5 3
      vertex 5.52958 5.06693 3
      vertex 5.74533 4.82091 3
    endloop
  endfacet
  facet normal 0 0 1
    outer loop
      vertex 5.74533 4.82091 3
      vertex 5.95015 4.56571 3
      vertex 30 27.5 3
    endloop
  endfacet
  facet normal 0 0 1
    outer loop
      vertex 5.95015 4.56571 3
      vertex 6.14364 4.30182 3
      vertex 30 27.5 3
    endloop
  endfacet
  facet normal 0 0 1
    outer loop
      vertex 30 27.5 3
      vertex 6.14364 4.30182 3
      vertex 6.32544 4.02975 3
    endloop
  endfacet
  facet normal 0 0 1
    outer loop
      vertex 6.79731 3.16964 3
      vertex 6.9291 2.87013 3
      vertex 30 27.5 3
    endloop
  endfacet
  facet normal 0 0 1
    outer loop
      vertex 6.9291 2.87013 3
      vertex 7.04769 2.56515 3
      vertex 30 27.5 3
    endloop
  endfacet
  facet normal 0 0 1
    outer loop
      vertex 30 27.5 3
      vertex 7.04769 2.56515 3
      vertex 7.15288 2.25529 3
    endloop
  endfacet
  facet normal 0 0 1
    outer loop
      vertex 29.7395 -30.4772 3
      vertex 28.5 -29 3
      vertex 29.6753 -30.4644 3
    endloop
  endfacet
  facet normal 0 0 1
    outer loop
      vertex 28.5 -29 3
      vertex 31.4943 -29.1307 3
      vertex 31.4986 -29.0654 3
    endloop
  endfacet
  facet normal 0 0 1
    outer loop
      vertex 31.4943 -28.8693 3
      vertex 31.4872 -28.8042 3
      vertex 28.5 -29 3
    endloop
  endfacet
  facet normal 0 0 1
    outer loop
      vertex 31.4872 -28.8042 3
      vertex 31.4772 -28.7395 3
      vertex 28.5 -29 3
    endloop
  endfacet
  facet normal 0 0 1
    outer loop
      vertex 31.4306 -28.5489 3
      vertex 31.4095 -28.487 3
      vertex 28.5 -29 3
    endloop
  endfacet
  facet normal 0 0 1
    outer loop
      vertex 31.4095 -28.487 3
      vertex 31.3858 -28.426 3
      vertex 28.5 -29 3
    endloop
  endfacet
  facet normal 0 0 1
    outer loop
      vertex 28.5 -29 3
      vertex 31.3858 -28.426 3
      vertex 31.3595 -28.3661 3
    endloop
  endfacet
  facet normal 0 0 1
    outer loop
      vertex 31.3595 -28.3661 3
      vertex 31.3305 -28.3074 3
      vertex 28.5 -29 3
    endloop
  endfacet
  facet normal 0 0 1
    outer loop
      vertex 31.3305 -28.3074 3
      vertex 31.299 -28.25 3
      vertex 28.5 -29 3
    endloop
  endfacet
  facet normal 0 0 1
    outer loop
      vertex 28.5 -29 3
      vertex 31.299 -28.25 3
      vertex 31.2651 -28.1941 3
    endloop
  endfacet
  facet normal 0 0 1
    outer loop
      vertex 30.3882 -27.5511 3
      vertex 28.5 -29 3
      vertex 30.4511 -27.5694 3
    endloop
  endfacet
  facet normal 0 0 1
    outer loop
      vertex 28.5 -29 3
      vertex 30.513 -27.5905 3
      vertex 30.4511 -27.5694 3
    endloop
  endfacet
  facet normal 0 0 1
    outer loop
      vertex 30.3882 -27.5511 3
      vertex 30.3247 -27.5356 3
      vertex 28.5 -29 3
    endloop
  endfacet
  facet normal 0 0 1
    outer loop
      vertex 30.3247 -27.5356 3
      vertex 30.2605 -27.5228 3
      vertex 28.5 -29 3
    endloop
  endfacet
  facet normal 0 0 1
    outer loop
      vertex 28.5 -29 3
      vertex 30.2605 -27.5228 3
      vertex 30.1958 -27.5128 3
    endloop
  endfacet
  facet normal 0 0 1
    outer loop
      vertex -31.3305 -28.3074 3
      vertex -31.3595 -28.3661 3
      vertex -28.5 -29 3
    endloop
  endfacet
  facet normal 0 0 1
    outer loop
      vertex -31.3595 -28.3661 3
      vertex -31.3858 -28.426 3
      vertex -28.5 -29 3
    endloop
  endfacet
  facet normal 0 0 1
    outer loop
      vertex -28.5 -29 3
      vertex -31.3858 -28.426 3
      vertex -31.4095 -28.487 3
    endloop
  endfacet
  facet normal 0 0 1
    outer loop
      vertex -31.4644 -29.3247 3
      vertex -31.4489 -29.3882 3
      vertex -28.5 -29 3
    endloop
  endfacet
  facet normal 0 0 1
    outer loop
      vertex -31.4489 -29.3882 3
      vertex -31.4306 -29.4511 3
      vertex -28.5 -29 3
    endloop
  endfacet
  facet normal 0 0 1
    outer loop
      vertex -28.5 -29 3
      vertex -31.4306 -29.4511 3
      vertex -31.4095 -29.513 3
    endloop
  endfacet
  facet normal 0 0 1
    outer loop
      vertex -31.4095 -29.513 3
      vertex -31.3858 -29.574 3
      vertex -28.5 -29 3
    endloop
  endfacet
  facet normal 0 0 1
    outer loop
      vertex -31.3858 -29.574 3
      vertex -31.3595 -29.6339 3
      vertex -28.5 -29 3
    endloop
  endfacet
  facet normal 0 0 1
    outer loop
      vertex -28.5 -29 3
      vertex -31.3595 -29.6339 3
      vertex -28.5014 -29.0654 3
    endloop
  endfacet
  facet normal 0 0 1
    outer loop
      vertex -30.4511 -30.4306 3
      vertex -29.0358 -30.1491 3
      vertex -30.513 -30.4095 3
    endloop
  endfacet
  facet normal 0 0 1
    outer loop
      vertex -29.0358 -30.1491 3
      vertex -30.574 -30.3858 3
      vertex -30.513 -30.4095 3
    endloop
  endfacet
  facet normal 0 0 1
    outer loop
      vertex -29.0358 -30.1491 3
      vertex -30.0654 -30.4986 3
      vertex -30 -30.5 3
    endloop
  endfacet
  facet normal 0 0 1
    outer loop
      vertex -28.9393 -30.0607 3
      vertex -28.8941 -30.0134 3
      vertex -31.3595 -29.6339 3
    endloop
  endfacet
  facet normal 0 0 1
    outer loop
      vertex -28.8941 -30.0134 3
      vertex -28.8509 -29.9642 3
      vertex -31.3595 -29.6339 3
    endloop
  endfacet
  facet normal 0 0 1
    outer loop
      vertex -31.3595 -29.6339 3
      vertex -28.8509 -29.9642 3
      vertex -28.81 -29.9131 3
    endloop
  endfacet
  facet normal 0 0 1
    outer loop
      vertex -28.6405 29.6339 3
      vertex -28.6695 29.6926 3
      vertex -31.4772 29.2605 3
    endloop
  endfacet
  facet normal 0 0 1
    outer loop
      vertex -28.6695 29.6926 3
      vertex -28.701 29.75 3
      vertex -31.4772 29.2605 3
    endloop
  endfacet
  facet normal 0 0 1
    outer loop
      vertex -31.4772 29.2605 3
      vertex -28.701 29.75 3
      vertex -28.7349 29.8059 3
    endloop
  endfacet
  facet normal 0 0 1
    outer loop
      vertex -29.0358 30.1491 3
      vertex -29.0869 30.19 3
      vertex -31.0607 30.0607 3
    endloop
  endfacet
  facet normal 0 0 1
    outer loop
      vertex -29.0869 30.19 3
      vertex -29.1396 30.2287 3
      vertex -31.0607 30.0607 3
    endloop
  endfacet
  facet normal 0 0 1
    outer loop
      vertex -31.0607 30.0607 3
      vertex -29.1396 30.2287 3
      vertex -29.1941 30.2651 3
    endloop
  endfacet
  facet normal 0 0 1
    outer loop
      vertex -29.1941 30.2651 3
      vertex -29.25 30.299 3
      vertex -31.0607 30.0607 3
    endloop
  endfacet
  facet normal 0 0 1
    outer loop
      vertex -29.25 30.299 3
      vertex -29.3074 30.3305 3
      vertex -31.0607 30.0607 3
    endloop
  endfacet
  facet normal 0 0 1
    outer loop
      vertex -31.0607 30.0607 3
      vertex -29.3074 30.3305 3
      vertex -29.3661 30.3595 3
    endloop
  endfacet
  facet normal 0 0 1
    outer loop
      vertex -30.1958 30.4872 3
      vertex -30.2605 30.4772 3
      vertex -31.0607 30.0607 3
    endloop
  endfacet
  facet normal 0 0 1
    outer loop
      vertex -30.2605 30.4772 3
      vertex -30.3247 30.4644 3
      vertex -31.0607 30.0607 3
    endloop
  endfacet
  facet normal 0 0 1
    outer loop
      vertex -31.0607 30.0607 3
      vertex -30.3247 30.4644 3
      vertex -31.0134 30.1059 3
    endloop
  endfacet
  facet normal 0 0 1
    outer loop
      vertex -30.3247 30.4644 3
      vertex -30.9642 30.1491 3
      vertex -31.0134 30.1059 3
    endloop
  endfacet
  facet normal 0 0 1
    outer loop
      vertex -30.3247 27.5356 3
      vertex -30.2605 27.5228 3
      vertex -28.5 29 3
    endloop
  endfacet
  facet normal 0 0 1
    outer loop
      vertex -30.2605 27.5228 3
      vertex -30.1958 27.5128 3
      vertex -28.5 29 3
    endloop
  endfacet
  facet normal 0 0 1
    outer loop
      vertex -28.5 29 3
      vertex -30.1958 27.5128 3
      vertex -30.1307 27.5057 3
    endloop
  endfacet
  facet normal 0 0 1
    outer loop
      vertex 30.4511 27.5694 3
      vertex 30.513 27.5905 3
      vertex 28.5228 29.2605 3
    endloop
  endfacet
  facet normal 0 0 1
    outer loop
      vertex 30.513 27.5905 3
      vertex 30.574 27.6142 3
      vertex 28.5228 29.2605 3
    endloop
  endfacet
  facet normal 0 0 1
    outer loop
      vertex 28.5228 29.2605 3
      vertex 30.574 27.6142 3
      vertex 30.6339 27.6405 3
    endloop
  endfacet
  facet normal 0 0 1
    outer loop
      vertex 30.8059 27.7349 3
      vertex 30.8604 27.7713 3
      vertex 28.5228 29.2605 3
    endloop
  endfacet
  facet normal 0 0 1
    outer loop
      vertex 30.8604 27.7713 3
      vertex 30.9131 27.81 3
      vertex 28.5228 29.2605 3
    endloop
  endfacet
  facet normal 0 0 1
    outer loop
      vertex 28.5228 29.2605 3
      vertex 30.9131 27.81 3
      vertex 30.9642 27.8509 3
    endloop
  endfacet
  facet normal 0 0 1
    outer loop
      vertex 31.1491 29.9642 3
      vertex 31.1059 30.0134 3
      vertex 28.5228 29.2605 3
    endloop
  endfacet
  facet normal 0 0 1
    outer loop
      vertex 31.1059 30.0134 3
      vertex 31.0607 30.0607 3
      vertex 28.5228 29.2605 3
    endloop
  endfacet
  facet normal 0 0 1
    outer loop
      vertex 28.5228 29.2605 3
      vertex 31.0607 30.0607 3
      vertex 31.0134 30.1059 3
    endloop
  endfacet
  facet normal 0 0 1
    outer loop
      vertex 28.5905 29.513 3
      vertex 28.5694 29.4511 3
      vertex 29.6753 30.4644 3
    endloop
  endfacet
  facet normal 0 0 1
    outer loop
      vertex 28.5694 29.4511 3
      vertex 28.5511 29.3882 3
      vertex 29.6753 30.4644 3
    endloop
  endfacet
  facet normal 0 0 1
    outer loop
      vertex 29.6753 30.4644 3
      vertex 28.5511 29.3882 3
      vertex 28.5356 29.3247 3
    endloop
  endfacet
  facet normal 0 0 1
    outer loop
      vertex 7.49286 -0.327145 3
      vertex 7.47146 -0.653668 3
      vertex 30 -27.5 3
    endloop
  endfacet
  facet normal 0 0 1
    outer loop
      vertex 7.47146 -0.653668 3
      vertex 7.43584 -0.978946 3
      vertex 30 -27.5 3
    endloop
  endfacet
  facet normal 0 0 1
    outer loop
      vertex 30 -27.5 3
      vertex 7.43584 -0.978946 3
      vertex 7.38606 -1.30236 3
    endloop
  endfacet
  facet normal 0 0 1
    outer loop
      vertex 28.5 -29 3
      vertex 5.06693 -5.52958 3
      vertex 4.82091 -5.74533 3
    endloop
  endfacet
  facet normal 0 0 1
    outer loop
      vertex 3.75 -6.49519 3
      vertex 3.46311 -6.65258 3
      vertex 28.5 -29 3
    endloop
  endfacet
  facet normal 0 0 1
    outer loop
      vertex 3.46311 -6.65258 3
      vertex 3.16964 -6.79731 3
      vertex 28.5 -29 3
    endloop
  endfacet
  facet normal 0 0 1
    outer loop
      vertex 28.5 -29 3
      vertex 3.16964 -6.79731 3
      vertex 2.87013 -6.9291 3
    endloop
  endfacet
  facet normal 0 0 1
    outer loop
      vertex 2.87013 -6.9291 3
      vertex 2.56515 -7.04769 3
      vertex 28.5 -29 3
    endloop
  endfacet
  facet normal 0 0 1
    outer loop
      vertex 2.56515 -7.04769 3
      vertex 2.25529 -7.15288 3
      vertex 28.5 -29 3
    endloop
  endfacet
  facet normal 0 0 1
    outer loop
      vertex 28.5 -29 3
      vertex 2.25529 -7.15288 3
      vertex 1.94114 -7.24444 3
    endloop
  endfacet
  facet normal 0 0 1
    outer loop
      vertex 6.32544 4.02975 3
      vertex 6.49519 3.75 3
      vertex 30 27.5 3
    endloop
  endfacet
  facet normal 0 0 1
    outer loop
      vertex 6.49519 3.75 3
      vertex 6.65258 3.46311 3
      vertex 30 27.5 3
    endloop
  endfacet
  facet normal 0 0 1
    outer loop
      vertex 30 27.5 3
      vertex 6.65258 3.46311 3
      vertex 6.79731 3.16964 3
    endloop
  endfacet
  facet normal 0 0 1
    outer loop
      vertex 31.4095 -29.513 3
      vertex 31.4306 -29.4511 3
      vertex 28.5 -29 3
    endloop
  endfacet
  facet normal 0 0 1
    outer loop
      vertex 31.4306 -29.4511 3
      vertex 31.4489 -29.3882 3
      vertex 28.5 -29 3
    endloop
  endfacet
  facet normal 0 0 1
    outer loop
      vertex 28.5 -29 3
      vertex 31.4489 -29.3882 3
      vertex 31.4644 -29.3247 3
    endloop
  endfacet
  facet normal 0 0 1
    outer loop
      vertex 31.4986 -29.0654 3
      vertex 31.5 -29 3
      vertex 28.5 -29 3
    endloop
  endfacet
  facet normal 0 0 1
    outer loop
      vertex 31.5 -29 3
      vertex 31.4986 -28.9346 3
      vertex 28.5 -29 3
    endloop
  endfacet
  facet normal 0 0 1
    outer loop
      vertex 28.5 -29 3
      vertex 31.4986 -28.9346 3
      vertex 31.4943 -28.8693 3
    endloop
  endfacet
  facet normal 0 0 1
    outer loop
      vertex 31.2651 -28.1941 3
      vertex 31.2287 -28.1396 3
      vertex 28.5 -29 3
    endloop
  endfacet
  facet normal 0 0 1
    outer loop
      vertex 31.2287 -28.1396 3
      vertex 31.19 -28.0869 3
      vertex 28.5 -29 3
    endloop
  endfacet
  facet normal 0 0 1
    outer loop
      vertex 28.5 -29 3
      vertex 31.19 -28.0869 3
      vertex 31.1491 -28.0358 3
    endloop
  endfacet
  facet normal 0 0 1
    outer loop
      vertex 30.6926 -27.6695 3
      vertex 30.6339 -27.6405 3
      vertex 28.5 -29 3
    endloop
  endfacet
  facet normal 0 0 1
    outer loop
      vertex 30.6339 -27.6405 3
      vertex 30.574 -27.6142 3
      vertex 28.5 -29 3
    endloop
  endfacet
  facet normal 0 0 1
    outer loop
      vertex 28.5 -29 3
      vertex 30.574 -27.6142 3
      vertex 30.513 -27.5905 3
    endloop
  endfacet
  facet normal 0 0 1
    outer loop
      vertex 30.1958 -27.5128 3
      vertex 30.1307 -27.5057 3
      vertex 28.5 -29 3
    endloop
  endfacet
  facet normal 0 0 1
    outer loop
      vertex 30.1307 -27.5057 3
      vertex 30.0654 -27.5014 3
      vertex 28.5 -29 3
    endloop
  endfacet
  facet normal 0 0 1
    outer loop
      vertex 28.5 -29 3
      vertex 30.0654 -27.5014 3
      vertex 30 -27.5 3
    endloop
  endfacet
  facet normal 0 0 1
    outer loop
      vertex -30.3247 -27.5356 3
      vertex -30.3882 -27.5511 3
      vertex -28.5 -29 3
    endloop
  endfacet
  facet normal 0 0 1
    outer loop
      vertex -31.4095 -28.487 3
      vertex -31.4306 -28.5489 3
      vertex -28.5 -29 3
    endloop
  endfacet
  facet normal 0 0 1
    outer loop
      vertex -31.4306 -28.5489 3
      vertex -31.4489 -28.6118 3
      vertex -28.5 -29 3
    endloop
  endfacet
  facet normal 0 0 1
    outer loop
      vertex -28.5 -29 3
      vertex -31.4489 -28.6118 3
      vertex -31.4644 -28.6753 3
    endloop
  endfacet
  facet normal 0 0 1
    outer loop
      vertex -31.299 -29.75 3
      vertex -31.2651 -29.8059 3
      vertex -29.0358 -30.1491 3
    endloop
  endfacet
  facet normal 0 0 1
    outer loop
      vertex -31.2651 -29.8059 3
      vertex -31.2287 -29.8604 3
      vertex -29.0358 -30.1491 3
    endloop
  endfacet
  facet normal 0 0 1
    outer loop
      vertex -29.0358 -30.1491 3
      vertex -31.2287 -29.8604 3
      vertex -31.19 -29.9131 3
    endloop
  endfacet
  facet normal 0 0 1
    outer loop
      vertex -31.19 -29.9131 3
      vertex -31.1491 -29.9642 3
      vertex -29.0358 -30.1491 3
    endloop
  endfacet
  facet normal 0 0 1
    outer loop
      vertex -31.1491 -29.9642 3
      vertex -31.1059 -30.0134 3
      vertex -29.0358 -30.1491 3
    endloop
  endfacet
  facet normal 0 0 1
    outer loop
      vertex -29.0358 -30.1491 3
      vertex -31.1059 -30.0134 3
      vertex -31.0607 -30.0607 3
    endloop
  endfacet
  facet normal 0 0 1
    outer loop
      vertex -30.4511 -30.4306 3
      vertex -30.3882 -30.4489 3
      vertex -29.0358 -30.1491 3
    endloop
  endfacet
  facet normal 0 0 1
    outer loop
      vertex -30.3882 -30.4489 3
      vertex -30.3247 -30.4644 3
      vertex -29.0358 -30.1491 3
    endloop
  endfacet
  facet normal 0 0 1
    outer loop
      vertex -29.0358 -30.1491 3
      vertex -30.3247 -30.4644 3
      vertex -30.2605 -30.4772 3
    endloop
  endfacet
  facet normal 0 0 1
    outer loop
      vertex -30.2605 -30.4772 3
      vertex -30.1958 -30.4872 3
      vertex -29.0358 -30.1491 3
    endloop
  endfacet
  facet normal 0 0 1
    outer loop
      vertex -30.1958 -30.4872 3
      vertex -30.1307 -30.4943 3
      vertex -29.0358 -30.1491 3
    endloop
  endfacet
  facet normal 0 0 1
    outer loop
      vertex -29.0358 -30.1491 3
      vertex -30.1307 -30.4943 3
      vertex -30.0654 -30.4986 3
    endloop
  endfacet
  facet normal 0 0 1
    outer loop
      vertex -28.81 -29.9131 3
      vertex -28.7713 -29.8604 3
      vertex -31.3595 -29.6339 3
    endloop
  endfacet
  facet normal 0 0 1
    outer loop
      vertex -28.7713 -29.8604 3
      vertex -28.7349 -29.8059 3
      vertex -31.3595 -29.6339 3
    endloop
  endfacet
  facet normal 0 0 1
    outer loop
      vertex -31.3595 -29.6339 3
      vertex -28.7349 -29.8059 3
      vertex -28.701 -29.75 3
    endloop
  endfacet
  facet normal 0 0 1
    outer loop
      vertex -28.6695 -29.6926 3
      vertex -28.6405 -29.6339 3
      vertex -31.3595 -29.6339 3
    endloop
  endfacet
  facet normal 0 0 1
    outer loop
      vertex -28.6405 -29.6339 3
      vertex -28.6142 -29.574 3
      vertex -31.3595 -29.6339 3
    endloop
  endfacet
  facet normal 0 0 1
    outer loop
      vertex -31.3595 -29.6339 3
      vertex -28.6142 -29.574 3
      vertex -28.5905 -29.513 3
    endloop
  endfacet
  facet normal 0 0 1
    outer loop
      vertex -28.5694 -29.4511 3
      vertex -28.5511 -29.3882 3
      vertex -31.3595 -29.6339 3
    endloop
  endfacet
  facet normal 0 0 1
    outer loop
      vertex -28.5511 -29.3882 3
      vertex -28.5356 -29.3247 3
      vertex -31.3595 -29.6339 3
    endloop
  endfacet
  facet normal 0 0 1
    outer loop
      vertex -31.3595 -29.6339 3
      vertex -28.5356 -29.3247 3
      vertex -28.5228 -29.2605 3
    endloop
  endfacet
  facet normal 0 0 1
    outer loop
      vertex -28.5228 -29.2605 3
      vertex -28.5128 -29.1958 3
      vertex -31.3595 -29.6339 3
    endloop
  endfacet
  facet normal 0 0 1
    outer loop
      vertex -28.5128 -29.1958 3
      vertex -28.5057 -29.1307 3
      vertex -31.3595 -29.6339 3
    endloop
  endfacet
  facet normal 0 0 1
    outer loop
      vertex -31.3595 -29.6339 3
      vertex -28.5057 -29.1307 3
      vertex -28.5014 -29.0654 3
    endloop
  endfacet
  facet normal 0 0 1
    outer loop
      vertex -31.1059 30.0134 3
      vertex -28.9393 30.0607 3
      vertex -31.0607 30.0607 3
    endloop
  endfacet
  facet normal 0 0 1
    outer loop
      vertex -28.9393 30.0607 3
      vertex -28.9866 30.1059 3
      vertex -31.0607 30.0607 3
    endloop
  endfacet
  facet normal 0 0 1
    outer loop
      vertex -31.0607 30.0607 3
      vertex -28.9866 30.1059 3
      vertex -29.0358 30.1491 3
    endloop
  endfacet
  facet normal 0 0 1
    outer loop
      vertex -29.3661 30.3595 3
      vertex -29.426 30.3858 3
      vertex -31.0607 30.0607 3
    endloop
  endfacet
  facet normal 0 0 1
    outer loop
      vertex -29.426 30.3858 3
      vertex -29.487 30.4095 3
      vertex -31.0607 30.0607 3
    endloop
  endfacet
  facet normal 0 0 1
    outer loop
      vertex -31.0607 30.0607 3
      vertex -29.487 30.4095 3
      vertex -29.5489 30.4306 3
    endloop
  endfacet
  facet normal 0 0 1
    outer loop
      vertex -29.5489 30.4306 3
      vertex -29.6118 30.4489 3
      vertex -31.0607 30.0607 3
    endloop
  endfacet
  facet normal 0 0 1
    outer loop
      vertex -29.6118 30.4489 3
      vertex -29.6753 30.4644 3
      vertex -31.0607 30.0607 3
    endloop
  endfacet
  facet normal 0 0 1
    outer loop
      vertex -31.0607 30.0607 3
      vertex -29.6753 30.4644 3
      vertex -29.7395 30.4772 3
    endloop
  endfacet
  facet normal 0 0 1
    outer loop
      vertex -30.4511 30.4306 3
      vertex -30.513 30.4095 3
      vertex -30.574 30.3858 3
    endloop
  endfacet
  facet normal 0 0 1
    outer loop
      vertex -31.2287 29.8604 3
      vertex -31.2651 29.8059 3
      vertex -28.9393 30.0607 3
    endloop
  endfacet
  facet normal 0 0 1
    outer loop
      vertex -31.2651 29.8059 3
      vertex -31.299 29.75 3
      vertex -28.9393 30.0607 3
    endloop
  endfacet
  facet normal 0 0 1
    outer loop
      vertex -28.9393 30.0607 3
      vertex -31.299 29.75 3
      vertex -31.3305 29.6926 3
    endloop
  endfacet
  facet normal 0 0 1
    outer loop
      vertex -31.4095 28.487 3
      vertex -31.3858 28.426 3
      vertex -28.5 29 3
    endloop
  endfacet
  facet normal 0 0 1
    outer loop
      vertex -31.3858 28.426 3
      vertex -31.3595 28.3661 3
      vertex -28.5 29 3
    endloop
  endfacet
  facet normal 0 0 1
    outer loop
      vertex -28.5 29 3
      vertex -31.3595 28.3661 3
      vertex -31.3305 28.3074 3
    endloop
  endfacet
  facet normal 0 0 1
    outer loop
      vertex -31.3305 28.3074 3
      vertex -31.299 28.25 3
      vertex -28.5 29 3
    endloop
  endfacet
  facet normal 0 0 1
    outer loop
      vertex -31.299 28.25 3
      vertex -31.2651 28.1941 3
      vertex -28.5 29 3
    endloop
  endfacet
  facet normal 0 0 1
    outer loop
      vertex -28.5 29 3
      vertex -31.2651 28.1941 3
      vertex -31.2287 28.1396 3
    endloop
  endfacet
  facet normal 0 0 1
    outer loop
      vertex -31.1059 27.9866 3
      vertex -31.0607 27.9393 3
      vertex -28.5 29 3
    endloop
  endfacet
  facet normal 0 0 1
    outer loop
      vertex -31.0607 27.9393 3
      vertex -31.0134 27.8941 3
      vertex -28.5 29 3
    endloop
  endfacet
  facet normal 0 0 1
    outer loop
      vertex -28.5 29 3
      vertex -31.0134 27.8941 3
      vertex -30.9642 27.8509 3
    endloop
  endfacet
  facet normal 0 0 1
    outer loop
      vertex 30.6339 27.6405 3
      vertex 30.6926 27.6695 3
      vertex 28.5228 29.2605 3
    endloop
  endfacet
  facet normal 0 0 1
    outer loop
      vertex 30.6926 27.6695 3
      vertex 30.75 27.701 3
      vertex 28.5228 29.2605 3
    endloop
  endfacet
  facet normal 0 0 1
    outer loop
      vertex 28.5228 29.2605 3
      vertex 30.75 27.701 3
      vertex 30.8059 27.7349 3
    endloop
  endfacet
  facet normal 0 0 1
    outer loop
      vertex 30.9642 27.8509 3
      vertex 31.0134 27.8941 3
      vertex 28.5228 29.2605 3
    endloop
  endfacet
  facet normal 0 0 1
    outer loop
      vertex 31.0134 27.8941 3
      vertex 31.0607 27.9393 3
      vertex 28.5228 29.2605 3
    endloop
  endfacet
  facet normal 0 0 1
    outer loop
      vertex 28.5228 29.2605 3
      vertex 31.0607 27.9393 3
      vertex 31.1059 27.9866 3
    endloop
  endfacet
  facet normal 0 0 1
    outer loop
      vertex 30.75 30.299 3
      vertex 28.5228 29.2605 3
      vertex 30.8059 30.2651 3
    endloop
  endfacet
  facet normal 0 0 1
    outer loop
      vertex 28.5228 29.2605 3
      vertex 30.8604 30.2287 3
      vertex 30.8059 30.2651 3
    endloop
  endfacet
  facet normal 0 0 1
    outer loop
      vertex 30.75 30.299 3
      vertex 30.6926 30.3305 3
      vertex 28.5228 29.2605 3
    endloop
  endfacet
  facet normal 0 0 1
    outer loop
      vertex 30.6926 30.3305 3
      vertex 30.6339 30.3595 3
      vertex 28.5228 29.2605 3
    endloop
  endfacet
  facet normal 0 0 1
    outer loop
      vertex 28.5228 29.2605 3
      vertex 30.6339 30.3595 3
      vertex 30.574 30.3858 3
    endloop
  endfacet
  facet normal 0 0 1
    outer loop
      vertex 30.574 30.3858 3
      vertex 30.513 30.4095 3
      vertex 28.5228 29.2605 3
    endloop
  endfacet
  facet normal 0 0 1
    outer loop
      vertex 30.513 30.4095 3
      vertex 30.4511 30.4306 3
      vertex 28.5228 29.2605 3
    endloop
  endfacet
  facet normal 0 0 1
    outer loop
      vertex 28.5228 29.2605 3
      vertex 30.4511 30.4306 3
      vertex 30.3882 30.4489 3
    endloop
  endfacet
  facet normal 0 0 1
    outer loop
      vertex 28.701 29.75 3
      vertex 29.6753 30.4644 3
      vertex 28.7349 29.8059 3
    endloop
  endfacet
  facet normal 0 0 1
    outer loop
      vertex 29.6753 30.4644 3
      vertex 29.6118 30.4489 3
      vertex 28.7349 29.8059 3
    endloop
  endfacet
  facet normal 0 0 1
    outer loop
      vertex 28.7349 29.8059 3
      vertex 29.6118 30.4489 3
      vertex 29.5489 30.4306 3
    endloop
  endfacet
  facet normal 0 0 1
    outer loop
      vertex 29.5489 30.4306 3
      vertex 29.487 30.4095 3
      vertex 28.7349 29.8059 3
    endloop
  endfacet
  facet normal 0 0 1
    outer loop
      vertex 29.487 30.4095 3
      vertex 29.426 30.3858 3
      vertex 28.7349 29.8059 3
    endloop
  endfacet
  facet normal 0 0 1
    outer loop
      vertex 28.7349 29.8059 3
      vertex 29.426 30.3858 3
      vertex 29.3661 30.3595 3
    endloop
  endfacet
  facet normal 0 0 1
    outer loop
      vertex 29.3661 30.3595 3
      vertex 29.3074 30.3305 3
      vertex 28.7349 29.8059 3
    endloop
  endfacet
  facet normal 0 0 1
    outer loop
      vertex 29.3074 30.3305 3
      vertex 29.25 30.299 3
      vertex 28.7349 29.8059 3
    endloop
  endfacet
  facet normal 0 0 1
    outer loop
      vertex 28.7349 29.8059 3
      vertex 29.25 30.299 3
      vertex 29.1941 30.2651 3
    endloop
  endfacet
  facet normal 0 0 1
    outer loop
      vertex 7.38606 -1.30236 3
      vertex 7.32222 -1.6233 3
      vertex 30 -27.5 3
    endloop
  endfacet
  facet normal 0 0 1
    outer loop
      vertex 7.32222 -1.6233 3
      vertex 7.24444 -1.94114 3
      vertex 30 -27.5 3
    endloop
  endfacet
  facet normal 0 0 1
    outer loop
      vertex 30 -27.5 3
      vertex 7.24444 -1.94114 3
      vertex 7.15288 -2.25529 3
    endloop
  endfacet
  facet normal 0 0 1
    outer loop
      vertex 4.82091 -5.74533 3
      vertex 4.56571 -5.95015 3
      vertex 28.5 -29 3
    endloop
  endfacet
  facet normal 0 0 1
    outer loop
      vertex 4.56571 -5.95015 3
      vertex 4.30182 -6.14364 3
      vertex 28.5 -29 3
    endloop
  endfacet
  facet normal 0 0 1
    outer loop
      vertex 28.5 -29 3
      vertex 4.30182 -6.14364 3
      vertex 4.02975 -6.32544 3
    endloop
  endfacet
  facet normal 0 0 1
    outer loop
      vertex 1.94114 -7.24444 3
      vertex 1.6233 -7.32222 3
      vertex 28.5 -29 3
    endloop
  endfacet
  facet normal 0 0 1
    outer loop
      vertex 1.6233 -7.32222 3
      vertex 1.30236 -7.38606 3
      vertex 28.5 -29 3
    endloop
  endfacet
  facet normal 0 0 1
    outer loop
      vertex 28.5 -29 3
      vertex 1.30236 -7.38606 3
      vertex 0.978946 -7.43584 3
    endloop
  endfacet
  facet normal 0 0 1
    outer loop
      vertex -5.3033 -5.3033 3
      vertex -5.52958 -5.06693 3
      vertex -30 -27.5 3
    endloop
  endfacet
  facet normal 0 0 1
    outer loop
      vertex -5.52958 -5.06693 3
      vertex -5.74533 -4.82091 3
      vertex -30 -27.5 3
    endloop
  endfacet
  facet normal 0 0 1
    outer loop
      vertex -30 -27.5 3
      vertex -5.74533 -4.82091 3
      vertex -5.95015 -4.56571 3
    endloop
  endfacet
  facet normal 0 0 1
    outer loop
      vertex -5.95015 -4.56571 3
      vertex -6.14364 -4.30182 3
      vertex -30 -27.5 3
    endloop
  endfacet
  facet normal 0 0 1
    outer loop
      vertex -6.14364 -4.30182 3
      vertex -6.32544 -4.02975 3
      vertex -30 -27.5 3
    endloop
  endfacet
  facet normal 0 0 1
    outer loop
      vertex -30 -27.5 3
      vertex -6.32544 -4.02975 3
      vertex -6.49519 -3.75 3
    endloop
  endfacet
  facet normal 0 0 1
    outer loop
      vertex -6.9291 -2.87013 3
      vertex -7.04769 -2.56515 3
      vertex -30 -27.5 3
    endloop
  endfacet
  facet normal 0 0 1
    outer loop
      vertex -7.04769 -2.56515 3
      vertex -7.15288 -2.25529 3
      vertex -30 -27.5 3
    endloop
  endfacet
  facet normal 0 0 1
    outer loop
      vertex -30 -27.5 3
      vertex -7.15288 -2.25529 3
      vertex -7.24444 -1.94114 3
    endloop
  endfacet
  facet normal 0 0 1
    outer loop
      vertex 7.32222 1.6233 3
      vertex 7.38606 1.30236 3
      vertex 30 27.5 3
    endloop
  endfacet
  facet normal 0 0 1
    outer loop
      vertex 7.38606 1.30236 3
      vertex 7.43584 0.978946 3
      vertex 30 27.5 3
    endloop
  endfacet
  facet normal 0 0 1
    outer loop
      vertex 30 27.5 3
      vertex 7.43584 0.978946 3
      vertex 7.47146 0.653668 3
    endloop
  endfacet
  facet normal 0 0 1
    outer loop
      vertex 28.7349 -29.8059 3
      vertex 29.6118 -30.4489 3
      vertex 28.701 -29.75 3
    endloop
  endfacet
  facet normal 0 0 1
    outer loop
      vertex 29.6118 -30.4489 3
      vertex 28.6695 -29.6926 3
      vertex 28.701 -29.75 3
    endloop
  endfacet
  facet normal 0 0 1
    outer loop
      vertex 31.1491 -29.9642 3
      vertex 31.19 -29.9131 3
      vertex 28.5 -29 3
    endloop
  endfacet
  facet normal 0 0 1
    outer loop
      vertex 31.19 -29.9131 3
      vertex 31.2287 -29.8604 3
      vertex 28.5 -29 3
    endloop
  endfacet
  facet normal 0 0 1
    outer loop
      vertex 28.5 -29 3
      vertex 31.2287 -29.8604 3
      vertex 31.2651 -29.8059 3
    endloop
  endfacet
  facet normal 0 0 1
    outer loop
      vertex 31.4772 -28.7395 3
      vertex 31.4644 -28.6753 3
      vertex 28.5 -29 3
    endloop
  endfacet
  facet normal 0 0 1
    outer loop
      vertex 31.4644 -28.6753 3
      vertex 31.4489 -28.6118 3
      vertex 28.5 -29 3
    endloop
  endfacet
  facet normal 0 0 1
    outer loop
      vertex 28.5 -29 3
      vertex 31.4489 -28.6118 3
      vertex 31.4306 -28.5489 3
    endloop
  endfacet
  facet normal 0 0 1
    outer loop
      vertex 31.1491 -28.0358 3
      vertex 31.1059 -27.9866 3
      vertex 28.5 -29 3
    endloop
  endfacet
  facet normal 0 0 1
    outer loop
      vertex 31.1059 -27.9866 3
      vertex 31.0607 -27.9393 3
      vertex 28.5 -29 3
    endloop
  endfacet
  facet normal 0 0 1
    outer loop
      vertex 28.5 -29 3
      vertex 31.0607 -27.9393 3
      vertex 31.0134 -27.8941 3
    endloop
  endfacet
  facet normal 0 0 1
    outer loop
      vertex 31.0134 -27.8941 3
      vertex 30.9642 -27.8509 3
      vertex 28.5 -29 3
    endloop
  endfacet
  facet normal 0 0 1
    outer loop
      vertex 30.9642 -27.8509 3
      vertex 30.9131 -27.81 3
      vertex 28.5 -29 3
    endloop
  endfacet
  facet normal 0 0 1
    outer loop
      vertex 28.5 -29 3
      vertex 30.9131 -27.81 3
      vertex 30.8604 -27.7713 3
    endloop
  endfacet
  facet normal 0 0 1
    outer loop
      vertex 30.8604 -27.7713 3
      vertex 30.8059 -27.7349 3
      vertex 28.5 -29 3
    endloop
  endfacet
  facet normal 0 0 1
    outer loop
      vertex 30.8059 -27.7349 3
      vertex 30.75 -27.701 3
      vertex 28.5 -29 3
    endloop
  endfacet
  facet normal 0 0 1
    outer loop
      vertex 28.5 -29 3
      vertex 30.75 -27.701 3
      vertex 30.6926 -27.6695 3
    endloop
  endfacet
  facet normal 0 0 1
    outer loop
      vertex -31.1491 -28.0358 3
      vertex -28.5 -29 3
      vertex -31.1059 -27.9866 3
    endloop
  endfacet
  facet normal 0 0 1
    outer loop
      vertex -28.5 -29 3
      vertex -31.0607 -27.9393 3
      vertex -31.1059 -27.9866 3
    endloop
  endfacet
  facet normal 0 0 1
    outer loop
      vertex -31.1491 -28.0358 3
      vertex -31.19 -28.0869 3
      vertex -28.5 -29 3
    endloop
  endfacet
  facet normal 0 0 1
    outer loop
      vertex -31.19 -28.0869 3
      vertex -31.2287 -28.1396 3
      vertex -28.5 -29 3
    endloop
  endfacet
  facet normal 0 0 1
    outer loop
      vertex -28.5 -29 3
      vertex -31.2287 -28.1396 3
      vertex -31.2651 -28.1941 3
    endloop
  endfacet
  facet normal 0 0 1
    outer loop
      vertex -31.0607 -30.0607 3
      vertex -31.0134 -30.1059 3
      vertex -29.0358 -30.1491 3
    endloop
  endfacet
  facet normal 0 0 1
    outer loop
      vertex -31.0134 -30.1059 3
      vertex -30.9642 -30.1491 3
      vertex -29.0358 -30.1491 3
    endloop
  endfacet
  facet normal 0 0 1
    outer loop
      vertex -29.0358 -30.1491 3
      vertex -30.9642 -30.1491 3
      vertex -30.9131 -30.19 3
    endloop
  endfacet
  facet normal 0 0 1
    outer loop
      vertex -30.9131 -30.19 3
      vertex -30.8604 -30.2287 3
      vertex -29.0358 -30.1491 3
    endloop
  endfacet
  facet normal 0 0 1
    outer loop
      vertex -30.8604 -30.2287 3
      vertex -30.8059 -30.2651 3
      vertex -29.0358 -30.1491 3
    endloop
  endfacet
  facet normal 0 0 1
    outer loop
      vertex -29.0358 -30.1491 3
      vertex -30.8059 -30.2651 3
      vertex -30.75 -30.299 3
    endloop
  endfacet
  facet normal 0 0 1
    outer loop
      vertex -31.3305 -29.6926 3
      vertex -29.0358 -30.1491 3
      vertex -31.3595 -29.6339 3
    endloop
  endfacet
  facet normal 0 0 1
    outer loop
      vertex -29.0358 -30.1491 3
      vertex -28.9866 -30.1059 3
      vertex -31.3595 -29.6339 3
    endloop
  endfacet
  facet normal 0 0 1
    outer loop
      vertex -31.3595 -29.6339 3
      vertex -28.9866 -30.1059 3
      vertex -28.9393 -30.0607 3
    endloop
  endfacet
  facet normal 0 0 1
    outer loop
      vertex -30.6339 30.3595 3
      vertex -30.6926 30.3305 3
      vertex -30.3247 30.4644 3
    endloop
  endfacet
  facet normal 0 0 1
    outer loop
      vertex -30.6926 30.3305 3
      vertex -30.75 30.299 3
      vertex -30.3247 30.4644 3
    endloop
  endfacet
  facet normal 0 0 1
    outer loop
      vertex -30.3247 30.4644 3
      vertex -30.75 30.299 3
      vertex -30.8059 30.2651 3
    endloop
  endfacet
  facet normal 0 0 1
    outer loop
      vertex -30.8059 30.2651 3
      vertex -30.8604 30.2287 3
      vertex -30.3247 30.4644 3
    endloop
  endfacet
  facet normal 0 0 1
    outer loop
      vertex -30.8604 30.2287 3
      vertex -30.9131 30.19 3
      vertex -30.3247 30.4644 3
    endloop
  endfacet
  facet normal 0 0 1
    outer loop
      vertex -30.3247 30.4644 3
      vertex -30.9131 30.19 3
      vertex -30.9642 30.1491 3
    endloop
  endfacet
  facet normal 0 0 1
    outer loop
      vertex -31.3305 29.6926 3
      vertex -31.3595 29.6339 3
      vertex -28.9393 30.0607 3
    endloop
  endfacet
  facet normal 0 0 1
    outer loop
      vertex -31.3595 29.6339 3
      vertex -31.3858 29.574 3
      vertex -28.9393 30.0607 3
    endloop
  endfacet
  facet normal 0 0 1
    outer loop
      vertex -28.9393 30.0607 3
      vertex -31.3858 29.574 3
      vertex -31.4095 29.513 3
    endloop
  endfacet
  facet normal 0 0 1
    outer loop
      vertex -31.2287 28.1396 3
      vertex -31.19 28.0869 3
      vertex -28.5 29 3
    endloop
  endfacet
  facet normal 0 0 1
    outer loop
      vertex -31.19 28.0869 3
      vertex -31.1491 28.0358 3
      vertex -28.5 29 3
    endloop
  endfacet
  facet normal 0 0 1
    outer loop
      vertex -28.5 29 3
      vertex -31.1491 28.0358 3
      vertex -31.1059 27.9866 3
    endloop
  endfacet
  facet normal 0 0 1
    outer loop
      vertex 31.0134 30.1059 3
      vertex 30.9642 30.1491 3
      vertex 28.5228 29.2605 3
    endloop
  endfacet
  facet normal 0 0 1
    outer loop
      vertex 30.9642 30.1491 3
      vertex 30.9131 30.19 3
      vertex 28.5228 29.2605 3
    endloop
  endfacet
  facet normal 0 0 1
    outer loop
      vertex 28.5228 29.2605 3
      vertex 30.9131 30.19 3
      vertex 30.8604 30.2287 3
    endloop
  endfacet
  facet normal 0 0 1
    outer loop
      vertex 28.8509 29.9642 3
      vertex 29.1396 30.2287 3
      vertex 29.0869 30.19 3
    endloop
  endfacet
  facet normal 0 0 1
    outer loop
      vertex 28.8509 29.9642 3
      vertex 28.81 29.9131 3
      vertex 29.1396 30.2287 3
    endloop
  endfacet
  facet normal 0 0 1
    outer loop
      vertex 28.81 29.9131 3
      vertex 28.7713 29.8604 3
      vertex 29.1396 30.2287 3
    endloop
  endfacet
  facet normal 0 0 1
    outer loop
      vertex 29.1396 30.2287 3
      vertex 28.7713 29.8604 3
      vertex 28.7349 29.8059 3
    endloop
  endfacet
  facet normal 0 0 1
    outer loop
      vertex -3.46311 -6.65258 3
      vertex -3.75 -6.49519 3
      vertex -28.5 -29 3
    endloop
  endfacet
  facet normal 0 0 1
    outer loop
      vertex -3.75 -6.49519 3
      vertex -4.02975 -6.32544 3
      vertex -28.5 -29 3
    endloop
  endfacet
  facet normal 0 0 1
    outer loop
      vertex -28.5 -29 3
      vertex -4.02975 -6.32544 3
      vertex -4.30182 -6.14364 3
    endloop
  endfacet
  facet normal 0 0 1
    outer loop
      vertex -6.49519 -3.75 3
      vertex -6.65258 -3.46311 3
      vertex -30 -27.5 3
    endloop
  endfacet
  facet normal 0 0 1
    outer loop
      vertex -6.65258 -3.46311 3
      vertex -6.79731 -3.16964 3
      vertex -30 -27.5 3
    endloop
  endfacet
  facet normal 0 0 1
    outer loop
      vertex -30 -27.5 3
      vertex -6.79731 -3.16964 3
      vertex -6.9291 -2.87013 3
    endloop
  endfacet
  facet normal 0 0 1
    outer loop
      vertex 29.6753 -30.4644 3
      vertex 28.5 -29 3
      vertex 29.6118 -30.4489 3
    endloop
  endfacet
  facet normal 0 0 1
    outer loop
      vertex 28.5 -29 3
      vertex 28.5014 -29.0654 3
      vertex 29.6118 -30.4489 3
    endloop
  endfacet
  facet normal 0 0 1
    outer loop
      vertex 29.6118 -30.4489 3
      vertex 28.5014 -29.0654 3
      vertex 28.5057 -29.1307 3
    endloop
  endfacet
  facet normal 0 0 1
    outer loop
      vertex 31.0134 -30.1059 3
      vertex 28.5 -29 3
      vertex 30.9642 -30.1491 3
    endloop
  endfacet
  facet normal 0 0 1
    outer loop
      vertex 28.5 -29 3
      vertex 30.9131 -30.19 3
      vertex 30.9642 -30.1491 3
    endloop
  endfacet
  facet normal 0 0 1
    outer loop
      vertex 31.0134 -30.1059 3
      vertex 31.0607 -30.0607 3
      vertex 28.5 -29 3
    endloop
  endfacet
  facet normal 0 0 1
    outer loop
      vertex 31.0607 -30.0607 3
      vertex 31.1059 -30.0134 3
      vertex 28.5 -29 3
    endloop
  endfacet
  facet normal 0 0 1
    outer loop
      vertex 28.5 -29 3
      vertex 31.1059 -30.0134 3
      vertex 31.1491 -29.9642 3
    endloop
  endfacet
  facet normal 0 0 1
    outer loop
      vertex 31.4644 -29.3247 3
      vertex 31.4772 -29.2605 3
      vertex 28.5 -29 3
    endloop
  endfacet
  facet normal 0 0 1
    outer loop
      vertex 31.4772 -29.2605 3
      vertex 31.4872 -29.1958 3
      vertex 28.5 -29 3
    endloop
  endfacet
  facet normal 0 0 1
    outer loop
      vertex 28.5 -29 3
      vertex 31.4872 -29.1958 3
      vertex 31.4943 -29.1307 3
    endloop
  endfacet
  facet normal 0 0 1
    outer loop
      vertex -5.3033 -5.3033 3
      vertex -30 -27.5 3
      vertex -28.5 -29 3
    endloop
  endfacet
  facet normal 0 0 1
    outer loop
      vertex -30 -27.5 3
      vertex -30.0654 -27.5014 3
      vertex -28.5 -29 3
    endloop
  endfacet
  facet normal 0 0 1
    outer loop
      vertex -28.5 -29 3
      vertex -30.0654 -27.5014 3
      vertex -30.1307 -27.5057 3
    endloop
  endfacet
  facet normal 0 0 1
    outer loop
      vertex -30.3882 -27.5511 3
      vertex -30.4511 -27.5694 3
      vertex -28.5 -29 3
    endloop
  endfacet
  facet normal 0 0 1
    outer loop
      vertex -30.4511 -27.5694 3
      vertex -30.513 -27.5905 3
      vertex -28.5 -29 3
    endloop
  endfacet
  facet normal 0 0 1
    outer loop
      vertex -28.5 -29 3
      vertex -30.513 -27.5905 3
      vertex -30.574 -27.6142 3
    endloop
  endfacet
  facet normal 0 0 1
    outer loop
      vertex -30.9131 -27.81 3
      vertex -30.9642 -27.8509 3
      vertex -28.5 -29 3
    endloop
  endfacet
  facet normal 0 0 1
    outer loop
      vertex -30.9642 -27.8509 3
      vertex -31.0134 -27.8941 3
      vertex -28.5 -29 3
    endloop
  endfacet
  facet normal 0 0 1
    outer loop
      vertex -28.5 -29 3
      vertex -31.0134 -27.8941 3
      vertex -31.0607 -27.9393 3
    endloop
  endfacet
  facet normal 0 0 1
    outer loop
      vertex -30.75 -30.299 3
      vertex -30.6926 -30.3305 3
      vertex -29.0358 -30.1491 3
    endloop
  endfacet
  facet normal 0 0 1
    outer loop
      vertex -30.6926 -30.3305 3
      vertex -30.6339 -30.3595 3
      vertex -29.0358 -30.1491 3
    endloop
  endfacet
  facet normal 0 0 1
    outer loop
      vertex -29.0358 -30.1491 3
      vertex -30.6339 -30.3595 3
      vertex -30.574 -30.3858 3
    endloop
  endfacet
  facet normal 0 0 1
    outer loop
      vertex -30 -30.5 3
      vertex -29.9346 -30.4986 3
      vertex -29.0358 -30.1491 3
    endloop
  endfacet
  facet normal 0 0 1
    outer loop
      vertex -29.9346 -30.4986 3
      vertex -29.8693 -30.4943 3
      vertex -29.0358 -30.1491 3
    endloop
  endfacet
  facet normal 0 0 1
    outer loop
      vertex -29.0358 -30.1491 3
      vertex -29.8693 -30.4943 3
      vertex -29.8042 -30.4872 3
    endloop
  endfacet
  facet normal 0 0 1
    outer loop
      vertex -29.8042 -30.4872 3
      vertex -29.7395 -30.4772 3
      vertex -29.0358 -30.1491 3
    endloop
  endfacet
  facet normal 0 0 1
    outer loop
      vertex -29.7395 -30.4772 3
      vertex -29.6753 -30.4644 3
      vertex -29.0358 -30.1491 3
    endloop
  endfacet
  facet normal 0 0 1
    outer loop
      vertex -29.0358 -30.1491 3
      vertex -29.6753 -30.4644 3
      vertex -29.6118 -30.4489 3
    endloop
  endfacet
  facet normal 0 0 1
    outer loop
      vertex -29.6118 -30.4489 3
      vertex -29.5489 -30.4306 3
      vertex -29.0358 -30.1491 3
    endloop
  endfacet
  facet normal 0 0 1
    outer loop
      vertex -29.5489 -30.4306 3
      vertex -29.487 -30.4095 3
      vertex -29.0358 -30.1491 3
    endloop
  endfacet
  facet normal 0 0 1
    outer loop
      vertex -29.0358 -30.1491 3
      vertex -29.487 -30.4095 3
      vertex -29.426 -30.3858 3
    endloop
  endfacet
  facet normal 0 0 1
    outer loop
      vertex -29.426 -30.3858 3
      vertex -29.3661 -30.3595 3
      vertex -29.0358 -30.1491 3
    endloop
  endfacet
  facet normal 0 0 1
    outer loop
      vertex -29.3661 -30.3595 3
      vertex -29.3074 -30.3305 3
      vertex -29.0358 -30.1491 3
    endloop
  endfacet
  facet normal 0 0 1
    outer loop
      vertex -29.0358 -30.1491 3
      vertex -29.3074 -30.3305 3
      vertex -29.25 -30.299 3
    endloop
  endfacet
  facet normal 0 0 1
    outer loop
      vertex -30.6339 30.3595 3
      vertex -30.3247 30.4644 3
      vertex -30.574 30.3858 3
    endloop
  endfacet
  facet normal 0 0 1
    outer loop
      vertex -30.3247 30.4644 3
      vertex -30.3882 30.4489 3
      vertex -30.574 30.3858 3
    endloop
  endfacet
  facet normal 0 0 1
    outer loop
      vertex -30.574 30.3858 3
      vertex -30.3882 30.4489 3
      vertex -30.4511 30.4306 3
    endloop
  endfacet
  facet normal 0 0 1
    outer loop
      vertex -30.8059 27.7349 3
      vertex -30.75 27.701 3
      vertex -28.5 29 3
    endloop
  endfacet
  facet normal 0 0 1
    outer loop
      vertex -30.75 27.701 3
      vertex -30.6926 27.6695 3
      vertex -28.5 29 3
    endloop
  endfacet
  facet normal 0 0 1
    outer loop
      vertex -28.5 29 3
      vertex -30.6926 27.6695 3
      vertex -30.6339 27.6405 3
    endloop
  endfacet
  facet normal 0 0 1
    outer loop
      vertex 29.0869 30.19 3
      vertex 29.0358 30.1491 3
      vertex 28.8509 29.9642 3
    endloop
  endfacet
  facet normal 0 0 1
    outer loop
      vertex 29.0358 30.1491 3
      vertex 28.9866 30.1059 3
      vertex 28.8509 29.9642 3
    endloop
  endfacet
  facet normal 0 0 1
    outer loop
      vertex 28.8509 29.9642 3
      vertex 28.9866 30.1059 3
      vertex 28.8941 30.0134 3
    endloop
  endfacet
  facet normal 0 0 1
    outer loop
      vertex 28.9866 30.1059 3
      vertex 28.9393 30.0607 3
      vertex 28.8941 30.0134 3
    endloop
  endfacet
  facet normal 0 0 1
    outer loop
      vertex 6.49519 -3.75 3
      vertex 6.32544 -4.02975 3
      vertex 30 -27.5 3
    endloop
  endfacet
  facet normal 0 0 1
    outer loop
      vertex 6.32544 -4.02975 3
      vertex 6.14364 -4.30182 3
      vertex 30 -27.5 3
    endloop
  endfacet
  facet normal 0 0 1
    outer loop
      vertex 30 -27.5 3
      vertex 6.14364 -4.30182 3
      vertex 5.95015 -4.56571 3
    endloop
  endfacet
  facet normal 0 0 1
    outer loop
      vertex 5.95015 -4.56571 3
      vertex 5.74533 -4.82091 3
      vertex 30 -27.5 3
    endloop
  endfacet
  facet normal 0 0 1
    outer loop
      vertex 5.74533 -4.82091 3
      vertex 5.52958 -5.06693 3
      vertex 30 -27.5 3
    endloop
  endfacet
  facet normal 0 0 1
    outer loop
      vertex 30 -27.5 3
      vertex 5.52958 -5.06693 3
      vertex 28.5 -29 3
    endloop
  endfacet
  facet normal 0 0 1
    outer loop
      vertex 5.52958 -5.06693 3
      vertex 5.3033 -5.3033 3
      vertex 28.5 -29 3
    endloop
  endfacet
  facet normal 0 0 1
    outer loop
      vertex 28.5 -29 3
      vertex 5.3033 -5.3033 3
      vertex 5.06693 -5.52958 3
    endloop
  endfacet
  facet normal 0 0 1
    outer loop
      vertex 0.978946 -7.43584 3
      vertex 0.653668 -7.47146 3
      vertex 28.5 -29 3
    endloop
  endfacet
  facet normal 0 0 1
    outer loop
      vertex 0.653668 -7.47146 3
      vertex 0.327145 -7.49286 3
      vertex 28.5 -29 3
    endloop
  endfacet
  facet normal 0 0 1
    outer loop
      vertex 28.5 -29 3
      vertex 0.327145 -7.49286 3
      vertex -28.5 -29 3
    endloop
  endfacet
  facet normal 0 0 1
    outer loop
      vertex 0.327145 -7.49286 3
      vertex -1.37773e-15 -7.5 3
      vertex -28.5 -29 3
    endloop
  endfacet
  facet normal 0 0 1
    outer loop
      vertex 28.5057 -29.1307 3
      vertex 28.5128 -29.1958 3
      vertex 29.6118 -30.4489 3
    endloop
  endfacet
  facet normal 0 0 1
    outer loop
      vertex 28.5128 -29.1958 3
      vertex 28.5228 -29.2605 3
      vertex 29.6118 -30.4489 3
    endloop
  endfacet
  facet normal 0 0 1
    outer loop
      vertex 29.6118 -30.4489 3
      vertex 28.5228 -29.2605 3
      vertex 28.5356 -29.3247 3
    endloop
  endfacet
  facet normal 0 0 1
    outer loop
      vertex 28.5356 -29.3247 3
      vertex 28.5511 -29.3882 3
      vertex 29.6118 -30.4489 3
    endloop
  endfacet
  facet normal 0 0 1
    outer loop
      vertex 28.5511 -29.3882 3
      vertex 28.5694 -29.4511 3
      vertex 29.6118 -30.4489 3
    endloop
  endfacet
  facet normal 0 0 1
    outer loop
      vertex 29.6118 -30.4489 3
      vertex 28.5694 -29.4511 3
      vertex 28.5905 -29.513 3
    endloop
  endfacet
  facet normal 0 0 1
    outer loop
      vertex 28.5905 -29.513 3
      vertex 28.6142 -29.574 3
      vertex 29.6118 -30.4489 3
    endloop
  endfacet
  facet normal 0 0 1
    outer loop
      vertex 28.6142 -29.574 3
      vertex 28.6405 -29.6339 3
      vertex 29.6118 -30.4489 3
    endloop
  endfacet
  facet normal 0 0 1
    outer loop
      vertex 29.6118 -30.4489 3
      vertex 28.6405 -29.6339 3
      vertex 28.6695 -29.6926 3
    endloop
  endfacet
  facet normal 0 0 1
    outer loop
      vertex 28.7349 -29.8059 3
      vertex 28.7713 -29.8604 3
      vertex 29.6118 -30.4489 3
    endloop
  endfacet
  facet normal 0 0 1
    outer loop
      vertex 28.7713 -29.8604 3
      vertex 28.81 -29.9131 3
      vertex 29.6118 -30.4489 3
    endloop
  endfacet
  facet normal 0 0 1
    outer loop
      vertex 29.6118 -30.4489 3
      vertex 28.81 -29.9131 3
      vertex 28.8509 -29.9642 3
    endloop
  endfacet
  facet normal 0 0 1
    outer loop
      vertex 29.0869 -30.19 3
      vertex 29.1396 -30.2287 3
      vertex 29.3661 -30.3595 3
    endloop
  endfacet
  facet normal 0 0 1
    outer loop
      vertex 29.426 -30.3858 3
      vertex 29.487 -30.4095 3
      vertex 28.9393 -30.0607 3
    endloop
  endfacet
  facet normal 0 0 1
    outer loop
      vertex 29.8042 -30.4872 3
      vertex 29.8693 -30.4943 3
      vertex 28.5 -29 3
    endloop
  endfacet
  facet normal 0 0 1
    outer loop
      vertex 29.8693 -30.4943 3
      vertex 29.9346 -30.4986 3
      vertex 28.5 -29 3
    endloop
  endfacet
  facet normal 0 0 1
    outer loop
      vertex 28.5 -29 3
      vertex 29.9346 -30.4986 3
      vertex 30 -30.5 3
    endloop
  endfacet
  facet normal 0 0 1
    outer loop
      vertex -30.1307 -27.5057 3
      vertex -30.1958 -27.5128 3
      vertex -28.5 -29 3
    endloop
  endfacet
  facet normal 0 0 1
    outer loop
      vertex -30.1958 -27.5128 3
      vertex -30.2605 -27.5228 3
      vertex -28.5 -29 3
    endloop
  endfacet
  facet normal 0 0 1
    outer loop
      vertex -28.5 -29 3
      vertex -30.2605 -27.5228 3
      vertex -30.3247 -27.5356 3
    endloop
  endfacet
  facet normal 0 0 1
    outer loop
      vertex -30.574 -27.6142 3
      vertex -30.6339 -27.6405 3
      vertex -28.5 -29 3
    endloop
  endfacet
  facet normal 0 0 1
    outer loop
      vertex -30.6339 -27.6405 3
      vertex -30.6926 -27.6695 3
      vertex -28.5 -29 3
    endloop
  endfacet
  facet normal 0 0 1
    outer loop
      vertex -28.5 -29 3
      vertex -30.6926 -27.6695 3
      vertex -30.75 -27.701 3
    endloop
  endfacet
  facet normal 0 0 1
    outer loop
      vertex -30.75 -27.701 3
      vertex -30.8059 -27.7349 3
      vertex -28.5 -29 3
    endloop
  endfacet
  facet normal 0 0 1
    outer loop
      vertex -30.8059 -27.7349 3
      vertex -30.8604 -27.7713 3
      vertex -28.5 -29 3
    endloop
  endfacet
  facet normal 0 0 1
    outer loop
      vertex -28.5 -29 3
      vertex -30.8604 -27.7713 3
      vertex -30.9131 -27.81 3
    endloop
  endfacet
  facet normal 0 0 1
    outer loop
      vertex -29.25 -30.299 3
      vertex -29.1941 -30.2651 3
      vertex -29.0358 -30.1491 3
    endloop
  endfacet
  facet normal 0 0 1
    outer loop
      vertex -29.1941 -30.2651 3
      vertex -29.1396 -30.2287 3
      vertex -29.0358 -30.1491 3
    endloop
  endfacet
  facet normal 0 0 1
    outer loop
      vertex -29.0358 -30.1491 3
      vertex -29.1396 -30.2287 3
      vertex -29.0869 -30.19 3
    endloop
  endfacet
  facet normal 0 0 1
    outer loop
      vertex -30.9642 27.8509 3
      vertex -30.9131 27.81 3
      vertex -28.5 29 3
    endloop
  endfacet
  facet normal 0 0 1
    outer loop
      vertex -30.9131 27.81 3
      vertex -30.8604 27.7713 3
      vertex -28.5 29 3
    endloop
  endfacet
  facet normal 0 0 1
    outer loop
      vertex -28.5 29 3
      vertex -30.8604 27.7713 3
      vertex -30.8059 27.7349 3
    endloop
  endfacet
  facet normal 0 0 1
    outer loop
      vertex -30.6339 27.6405 3
      vertex -30.574 27.6142 3
      vertex -28.5 29 3
    endloop
  endfacet
  facet normal 0 0 1
    outer loop
      vertex -30.574 27.6142 3
      vertex -30.513 27.5905 3
      vertex -28.5 29 3
    endloop
  endfacet
  facet normal 0 0 1
    outer loop
      vertex -28.5 29 3
      vertex -30.513 27.5905 3
      vertex -30.4511 27.5694 3
    endloop
  endfacet
  facet normal 0 0 1
    outer loop
      vertex -1.37773e-15 -7.5 3
      vertex -0.327145 -7.49286 3
      vertex -28.5 -29 3
    endloop
  endfacet
  facet normal 0 0 1
    outer loop
      vertex -0.327145 -7.49286 3
      vertex -0.653668 -7.47146 3
      vertex -28.5 -29 3
    endloop
  endfacet
  facet normal 0 0 1
    outer loop
      vertex -28.5 -29 3
      vertex -0.653668 -7.47146 3
      vertex -0.978946 -7.43584 3
    endloop
  endfacet
  facet normal 0 0 1
    outer loop
      vertex -2.56515 -7.04769 3
      vertex -28.5 -29 3
      vertex -2.25529 -7.15288 3
    endloop
  endfacet
  facet normal 0 0 1
    outer loop
      vertex -28.5 -29 3
      vertex -1.94114 -7.24444 3
      vertex -2.25529 -7.15288 3
    endloop
  endfacet
  facet normal 0 0 1
    outer loop
      vertex -2.56515 -7.04769 3
      vertex -2.87013 -6.9291 3
      vertex -28.5 -29 3
    endloop
  endfacet
  facet normal 0 0 1
    outer loop
      vertex -2.87013 -6.9291 3
      vertex -3.16964 -6.79731 3
      vertex -28.5 -29 3
    endloop
  endfacet
  facet normal 0 0 1
    outer loop
      vertex -28.5 -29 3
      vertex -3.16964 -6.79731 3
      vertex -3.46311 -6.65258 3
    endloop
  endfacet
  facet normal 0 0 1
    outer loop
      vertex -7.24444 -1.94114 3
      vertex -7.32222 -1.6233 3
      vertex -30 -27.5 3
    endloop
  endfacet
  facet normal 0 0 1
    outer loop
      vertex -7.32222 -1.6233 3
      vertex -7.38606 -1.30236 3
      vertex -30 -27.5 3
    endloop
  endfacet
  facet normal 0 0 1
    outer loop
      vertex -30 -27.5 3
      vertex -7.38606 -1.30236 3
      vertex -7.43584 -0.978946 3
    endloop
  endfacet
  facet normal 0 0 1
    outer loop
      vertex -2.25529 7.15288 3
      vertex -1.94114 7.24444 3
      vertex -28.5 29 3
    endloop
  endfacet
  facet normal 0 0 1
    outer loop
      vertex -1.94114 7.24444 3
      vertex -1.6233 7.32222 3
      vertex -28.5 29 3
    endloop
  endfacet
  facet normal 0 0 1
    outer loop
      vertex 29.0869 -30.19 3
      vertex 29.3661 -30.3595 3
      vertex 29.0358 -30.1491 3
    endloop
  endfacet
  facet normal 0 0 1
    outer loop
      vertex 28.8509 -29.9642 3
      vertex 28.8941 -30.0134 3
      vertex 29.6118 -30.4489 3
    endloop
  endfacet
  facet normal 0 0 1
    outer loop
      vertex 28.8941 -30.0134 3
      vertex 28.9393 -30.0607 3
      vertex 29.6118 -30.4489 3
    endloop
  endfacet
  facet normal 0 0 1
    outer loop
      vertex 29.6118 -30.4489 3
      vertex 28.9393 -30.0607 3
      vertex 29.5489 -30.4306 3
    endloop
  endfacet
  facet normal 0 0 1
    outer loop
      vertex 28.9393 -30.0607 3
      vertex 29.487 -30.4095 3
      vertex 29.5489 -30.4306 3
    endloop
  endfacet
  facet normal 0 0 1
    outer loop
      vertex -7.43584 -0.978946 3
      vertex -7.47146 -0.653668 3
      vertex -30 -27.5 3
    endloop
  endfacet
  facet normal 0 0 1
    outer loop
      vertex -7.47146 -0.653668 3
      vertex -7.49286 -0.327145 3
      vertex -30 -27.5 3
    endloop
  endfacet
  facet normal 0 0 1
    outer loop
      vertex -30 -27.5 3
      vertex -7.49286 -0.327145 3
      vertex -30 27.5 3
    endloop
  endfacet
  facet normal 0 0 1
    outer loop
      vertex -7.49286 -0.327145 3
      vertex -7.5 1.37773e-15 3
      vertex -30 27.5 3
    endloop
  endfacet
  facet normal 0 0 1
    outer loop
      vertex -30 27.5 3
      vertex -7.5 1.37773e-15 3
      vertex -7.49286 0.327145 3
    endloop
  endfacet
  facet normal 0 0 1
    outer loop
      vertex -3.16964 6.79731 3
      vertex -2.87013 6.9291 3
      vertex -28.5 29 3
    endloop
  endfacet
  facet normal 0 0 1
    outer loop
      vertex -2.87013 6.9291 3
      vertex -2.56515 7.04769 3
      vertex -28.5 29 3
    endloop
  endfacet
  facet normal 0 0 1
    outer loop
      vertex -28.5 29 3
      vertex -2.56515 7.04769 3
      vertex -2.25529 7.15288 3
    endloop
  endfacet
  facet normal 0 0 1
    outer loop
      vertex 2.56515 7.04769 3
      vertex 28.5 29 3
      vertex 2.25529 7.15288 3
    endloop
  endfacet
  facet normal 0 0 1
    outer loop
      vertex 28.5 29 3
      vertex 1.94114 7.24444 3
      vertex 2.25529 7.15288 3
    endloop
  endfacet
  facet normal 0 0 1
    outer loop
      vertex 2.56515 7.04769 3
      vertex 2.87013 6.9291 3
      vertex 28.5 29 3
    endloop
  endfacet
  facet normal 0 0 1
    outer loop
      vertex 2.87013 6.9291 3
      vertex 3.16964 6.79731 3
      vertex 28.5 29 3
    endloop
  endfacet
  facet normal 0 0 1
    outer loop
      vertex 28.5 29 3
      vertex 3.16964 6.79731 3
      vertex 3.46311 6.65258 3
    endloop
  endfacet
  facet normal 0 0 1
    outer loop
      vertex 4.30182 6.14364 3
      vertex 4.56571 5.95015 3
      vertex 28.5 29 3
    endloop
  endfacet
  facet normal 0 0 1
    outer loop
      vertex 4.56571 5.95015 3
      vertex 4.82091 5.74533 3
      vertex 28.5 29 3
    endloop
  endfacet
  facet normal 0 0 1
    outer loop
      vertex 28.5 29 3
      vertex 4.82091 5.74533 3
      vertex 5.06693 5.52958 3
    endloop
  endfacet
  facet normal 0 0 1
    outer loop
      vertex 29.1396 -30.2287 3
      vertex 29.1941 -30.2651 3
      vertex 29.3661 -30.3595 3
    endloop
  endfacet
  facet normal 0 0 1
    outer loop
      vertex 29.1941 -30.2651 3
      vertex 29.25 -30.299 3
      vertex 29.3661 -30.3595 3
    endloop
  endfacet
  facet normal 0 0 1
    outer loop
      vertex 29.3661 -30.3595 3
      vertex 29.25 -30.299 3
      vertex 29.3074 -30.3305 3
    endloop
  endfacet
  facet normal 0 0 1
    outer loop
      vertex 30 -30.5 3
      vertex 30.0654 -30.4986 3
      vertex 28.5 -29 3
    endloop
  endfacet
  facet normal 0 0 1
    outer loop
      vertex 30.0654 -30.4986 3
      vertex 30.1307 -30.4943 3
      vertex 28.5 -29 3
    endloop
  endfacet
  facet normal 0 0 1
    outer loop
      vertex 28.5 -29 3
      vertex 30.1307 -30.4943 3
      vertex 30.1958 -30.4872 3
    endloop
  endfacet
  facet normal 0 0 1
    outer loop
      vertex -0.978946 -7.43584 3
      vertex -1.30236 -7.38606 3
      vertex -28.5 -29 3
    endloop
  endfacet
  facet normal 0 0 1
    outer loop
      vertex -1.30236 -7.38606 3
      vertex -1.6233 -7.32222 3
      vertex -28.5 -29 3
    endloop
  endfacet
  facet normal 0 0 1
    outer loop
      vertex -28.5 -29 3
      vertex -1.6233 -7.32222 3
      vertex -1.94114 -7.24444 3
    endloop
  endfacet
  facet normal 0 0 1
    outer loop
      vertex -7.49286 0.327145 3
      vertex -7.47146 0.653668 3
      vertex -30 27.5 3
    endloop
  endfacet
  facet normal 0 0 1
    outer loop
      vertex -7.47146 0.653668 3
      vertex -7.43584 0.978946 3
      vertex -30 27.5 3
    endloop
  endfacet
  facet normal 0 0 1
    outer loop
      vertex -30 27.5 3
      vertex -7.43584 0.978946 3
      vertex -7.38606 1.30236 3
    endloop
  endfacet
  facet normal 0 0 1
    outer loop
      vertex -7.15288 2.25529 3
      vertex -7.04769 2.56515 3
      vertex -30 27.5 3
    endloop
  endfacet
  facet normal 0 0 1
    outer loop
      vertex -7.04769 2.56515 3
      vertex -6.9291 2.87013 3
      vertex -30 27.5 3
    endloop
  endfacet
  facet normal 0 0 1
    outer loop
      vertex -30 27.5 3
      vertex -6.9291 2.87013 3
      vertex -6.79731 3.16964 3
    endloop
  endfacet
  facet normal 0 0 1
    outer loop
      vertex -6.79731 3.16964 3
      vertex -6.65258 3.46311 3
      vertex -30 27.5 3
    endloop
  endfacet
  facet normal 0 0 1
    outer loop
      vertex -6.65258 3.46311 3
      vertex -6.49519 3.75 3
      vertex -30 27.5 3
    endloop
  endfacet
  facet normal 0 0 1
    outer loop
      vertex -30 27.5 3
      vertex -6.49519 3.75 3
      vertex -6.32544 4.02975 3
    endloop
  endfacet
  facet normal 0 0 1
    outer loop
      vertex -6.32544 4.02975 3
      vertex -6.14364 4.30182 3
      vertex -30 27.5 3
    endloop
  endfacet
  facet normal 0 0 1
    outer loop
      vertex -6.14364 4.30182 3
      vertex -5.95015 4.56571 3
      vertex -30 27.5 3
    endloop
  endfacet
  facet normal 0 0 1
    outer loop
      vertex -30 27.5 3
      vertex -5.95015 4.56571 3
      vertex -5.74533 4.82091 3
    endloop
  endfacet
  facet normal 0 0 1
    outer loop
      vertex -0.653668 7.47146 3
      vertex -0.327145 7.49286 3
      vertex -28.5 29 3
    endloop
  endfacet
  facet normal 0 0 1
    outer loop
      vertex -0.327145 7.49286 3
      vertex 4.59243e-16 7.5 3
      vertex -28.5 29 3
    endloop
  endfacet
  facet normal 0 0 1
    outer loop
      vertex -28.5 29 3
      vertex 4.59243e-16 7.5 3
      vertex 28.5 29 3
    endloop
  endfacet
  facet normal 0 0 1
    outer loop
      vertex 3.46311 6.65258 3
      vertex 3.75 6.49519 3
      vertex 28.5 29 3
    endloop
  endfacet
  facet normal 0 0 1
    outer loop
      vertex 3.75 6.49519 3
      vertex 4.02975 6.32544 3
      vertex 28.5 29 3
    endloop
  endfacet
  facet normal 0 0 1
    outer loop
      vertex 28.5 29 3
      vertex 4.02975 6.32544 3
      vertex 4.30182 6.14364 3
    endloop
  endfacet
  facet normal 0 0 1
    outer loop
      vertex 29.426 -30.3858 3
      vertex 28.9393 -30.0607 3
      vertex 29.3661 -30.3595 3
    endloop
  endfacet
  facet normal 0 0 1
    outer loop
      vertex 28.9393 -30.0607 3
      vertex 28.9866 -30.1059 3
      vertex 29.3661 -30.3595 3
    endloop
  endfacet
  facet normal 0 0 1
    outer loop
      vertex 29.3661 -30.3595 3
      vertex 28.9866 -30.1059 3
      vertex 29.0358 -30.1491 3
    endloop
  endfacet
  facet normal 0 0 1
    outer loop
      vertex -7.38606 1.30236 3
      vertex -7.32222 1.6233 3
      vertex -30 27.5 3
    endloop
  endfacet
  facet normal 0 0 1
    outer loop
      vertex -7.32222 1.6233 3
      vertex -7.24444 1.94114 3
      vertex -30 27.5 3
    endloop
  endfacet
  facet normal 0 0 1
    outer loop
      vertex -30 27.5 3
      vertex -7.24444 1.94114 3
      vertex -7.15288 2.25529 3
    endloop
  endfacet
  facet normal 0 0 1
    outer loop
      vertex -5.74533 4.82091 3
      vertex -5.52958 5.06693 3
      vertex -30 27.5 3
    endloop
  endfacet
  facet normal 0 0 1
    outer loop
      vertex -5.52958 5.06693 3
      vertex -28.5 29 3
      vertex -30 27.5 3
    endloop
  endfacet
  facet normal 0 0 1
    outer loop
      vertex -30 27.5 3
      vertex -28.5 29 3
      vertex -30.0654 27.5014 3
    endloop
  endfacet
  facet normal 0 0 1
    outer loop
      vertex -28.5 29 3
      vertex -30.1307 27.5057 3
      vertex -30.0654 27.5014 3
    endloop
  endfacet
  facet normal 0 0 1
    outer loop
      vertex -1.6233 7.32222 3
      vertex -1.30236 7.38606 3
      vertex -28.5 29 3
    endloop
  endfacet
  facet normal 0 0 1
    outer loop
      vertex -1.30236 7.38606 3
      vertex -0.978946 7.43584 3
      vertex -28.5 29 3
    endloop
  endfacet
  facet normal 0 0 1
    outer loop
      vertex -28.5 29 3
      vertex -0.978946 7.43584 3
      vertex -0.653668 7.47146 3
    endloop
  endfacet
  facet normal 0 0 1
    outer loop
      vertex 4.59243e-16 7.5 3
      vertex 0.327145 7.49286 3
      vertex 28.5 29 3
    endloop
  endfacet
  facet normal 0 0 1
    outer loop
      vertex 0.327145 7.49286 3
      vertex 0.653668 7.47146 3
      vertex 28.5 29 3
    endloop
  endfacet
  facet normal 0 0 1
    outer loop
      vertex 28.5 29 3
      vertex 0.653668 7.47146 3
      vertex 0.978946 7.43584 3
    endloop
  endfacet
  facet normal 0 0 1
    outer loop
      vertex 30.1958 -30.4872 3
      vertex 30.2605 -30.4772 3
      vertex 28.5 -29 3
    endloop
  endfacet
  facet normal 0 0 1
    outer loop
      vertex 30.2605 -30.4772 3
      vertex 30.3247 -30.4644 3
      vertex 28.5 -29 3
    endloop
  endfacet
  facet normal 0 0 1
    outer loop
      vertex 28.5 -29 3
      vertex 30.3247 -30.4644 3
      vertex 30.3882 -30.4489 3
    endloop
  endfacet
  facet normal 0 0 1
    outer loop
      vertex 30.3882 -30.4489 3
      vertex 30.4511 -30.4306 3
      vertex 28.5 -29 3
    endloop
  endfacet
  facet normal 0 0 1
    outer loop
      vertex 30.4511 -30.4306 3
      vertex 30.513 -30.4095 3
      vertex 28.5 -29 3
    endloop
  endfacet
  facet normal 0 0 1
    outer loop
      vertex 28.5 -29 3
      vertex 30.513 -30.4095 3
      vertex 30.574 -30.3858 3
    endloop
  endfacet
  facet normal 0 0 1
    outer loop
      vertex 30.574 -30.3858 3
      vertex 30.6339 -30.3595 3
      vertex 28.5 -29 3
    endloop
  endfacet
  facet normal 0 0 1
    outer loop
      vertex 30.6339 -30.3595 3
      vertex 30.6926 -30.3305 3
      vertex 28.5 -29 3
    endloop
  endfacet
  facet normal 0 0 1
    outer loop
      vertex 28.5 -29 3
      vertex 30.6926 -30.3305 3
      vertex 30.75 -30.299 3
    endloop
  endfacet
  facet normal 0 0 1
    outer loop
      vertex 30.75 -30.299 3
      vertex 30.8059 -30.2651 3
      vertex 28.5 -29 3
    endloop
  endfacet
  facet normal 0 0 1
    outer loop
      vertex 30.8059 -30.2651 3
      vertex 30.8604 -30.2287 3
      vertex 28.5 -29 3
    endloop
  endfacet
  facet normal 0 0 1
    outer loop
      vertex 28.5 -29 3
      vertex 30.8604 -30.2287 3
      vertex 30.9131 -30.19 3
    endloop
  endfacet
  facet normal 0 0 1
    outer loop
      vertex -5.52958 5.06693 3
      vertex -5.3033 5.3033 3
      vertex -28.5 29 3
    endloop
  endfacet
  facet normal 0 0 1
    outer loop
      vertex -5.3033 5.3033 3
      vertex -5.06693 5.52958 3
      vertex -28.5 29 3
    endloop
  endfacet
  facet normal 0 0 1
    outer loop
      vertex -28.5 29 3
      vertex -5.06693 5.52958 3
      vertex -4.82091 5.74533 3
    endloop
  endfacet
  facet normal 0 0 1
    outer loop
      vertex 0.978946 7.43584 3
      vertex 1.30236 7.38606 3
      vertex 28.5 29 3
    endloop
  endfacet
  facet normal 0 0 1
    outer loop
      vertex 1.30236 7.38606 3
      vertex 1.6233 7.32222 3
      vertex 28.5 29 3
    endloop
  endfacet
  facet normal 0 0 1
    outer loop
      vertex 28.5 29 3
      vertex 1.6233 7.32222 3
      vertex 1.94114 7.24444 3
    endloop
  endfacet
  facet normal 0 0 1
    outer loop
      vertex -4.82091 5.74533 3
      vertex -4.56571 5.95015 3
      vertex -28.5 29 3
    endloop
  endfacet
  facet normal 0 0 1
    outer loop
      vertex -4.56571 5.95015 3
      vertex -4.30182 6.14364 3
      vertex -28.5 29 3
    endloop
  endfacet
  facet normal 0 0 1
    outer loop
      vertex -28.5 29 3
      vertex -4.30182 6.14364 3
      vertex -4.02975 6.32544 3
    endloop
  endfacet
  facet normal 0 0 1
    outer loop
      vertex -4.02975 6.32544 3
      vertex -3.75 6.49519 3
      vertex -28.5 29 3
    endloop
  endfacet
  facet normal 0 0 1
    outer loop
      vertex -3.75 6.49519 3
      vertex -3.46311 6.65258 3
      vertex -28.5 29 3
    endloop
  endfacet
  facet normal 0 0 1
    outer loop
      vertex -28.5 29 3
      vertex -3.46311 6.65258 3
      vertex -3.16964 6.79731 3
    endloop
  endfacet
  facet normal -1 0 0
    outer loop
      vertex 39 -17 3
      vertex 39 -4 3
      vertex 39 -17 0
    endloop
  endfacet
  facet normal -1 0 0
    outer loop
      vertex 39 -4 3
      vertex 39 -4 0
      vertex 39 -17 0
    endloop
  endfacet
  facet normal -1 0 0
    outer loop
      vertex 30 -27.5 3
      vertex 30 -27.5 28
      vertex 30 27.5 3
    endloop
  endfacet
  facet normal -1 0 0
    outer loop
      vertex 30 -27.5 28
      vertex 30 27.5 28
      vertex 30 27.5 3
    endloop
  endfacet
  facet normal 0 1 0
    outer loop
      vertex 28.5 -29 28
      vertex 28.5 -29 3
      vertex -28.5 -29 28
    endloop
  endfacet
  facet normal 0 1 0
    outer loop
      vertex 28.5 -29 3
      vertex -28.5 -29 3
      vertex -28.5 -29 28
    endloop
  endfacet
  facet normal 0 -1 0
    outer loop
      vertex 42 -32 0
      vertex 42 -32 3
      vertex 33 -32 3
    endloop
  endfacet
  facet normal 0 -1 0
    outer loop
      vertex -42 -32 3
      vertex -42 -32 0
      vertex -33 -32 3
    endloop
  endfacet
  facet normal 0 -1 0
    outer loop
      vertex -42 -32 0
      vertex -21.75 -32 0
      vertex -33 -32 3
    endloop
  endfacet
  facet normal 0 -1 0
    outer loop
      vertex -33 -32 3
      vertex -21.75 -32 0
      vertex -33 -32 28
    endloop
  endfacet
  facet normal 0 -1 0
    outer loop
      vertex 42 -32 0
      vertex 33 -32 3
      vertex -21.75 -32 0
    endloop
  endfacet
  facet normal 0 -1 0
    outer loop
      vertex 33 -32 3
      vertex 33 -32 28
      vertex -21.75 -32 0
    endloop
  endfacet
  facet normal 0 -1 0
    outer loop
      vertex -21.75 -32 0
      vertex 33 -32 28
      vertex -33 -32 28
    endloop
  endfacet
  facet normal 0 1 0
    outer loop
      vertex 42 32 3
      vertex 42 32 0
      vertex 33 32 3
    endloop
  endfacet
  facet normal 0 1 0
    outer loop
      vertex 42 32 0
      vertex 13.5 32 0
      vertex 33 32 3
    endloop
  endfacet
  facet normal 0 1 0
    outer loop
      vertex 33 32 3
      vertex 13.5 32 0
      vertex 33 32 28
    endloop
  endfacet
  facet normal 0 1 0
    outer loop
      vertex 13.5 32 0
      vertex 13.5 32 28
      vertex 33 32 28
    endloop
  endfacet
  facet normal 1 0 0
    outer loop
      vertex 33 32 28
      vertex 33 -32 28
      vertex 33 32 3
    endloop
  endfacet
  facet normal 1 0 0
    outer loop
      vertex 33 -32 28
      vertex 33 -32 3
      vertex 33 32 3
    endloop
  endfacet
  facet normal -0.0218299 0.999762 0
    outer loop
      vertex 30 27.5 3
      vertex 30 27.5 28
      vertex 30.0654 27.5014 3
    endloop
  endfacet
  facet normal -0.0218299 0.999762 0
    outer loop
      vertex 30 27.5 28
      vertex 30.0654 27.5014 28
      vertex 30.0654 27.5014 3
    endloop
  endfacet
  facet normal -0.0654044 0.997859 0
    outer loop
      vertex 30.0654 27.5014 3
      vertex 30.0654 27.5014 28
      vertex 30.1307 27.5057 3
    endloop
  endfacet
  facet normal -0.0654044 0.997859 0
    outer loop
      vertex 30.0654 27.5014 28
      vertex 30.1307 27.5057 28
      vertex 30.1307 27.5057 3
    endloop
  endfacet
  facet normal -0.108863 0.994057 0
    outer loop
      vertex 30.1307 27.5057 3
      vertex 30.1307 27.5057 28
      vertex 30.1958 27.5128 3
    endloop
  endfacet
  facet normal -0.108863 0.994057 0
    outer loop
      vertex 30.1307 27.5057 28
      vertex 30.1958 27.5128 28
      vertex 30.1958 27.5128 3
    endloop
  endfacet
  facet normal -0.1521 0.988365 0
    outer loop
      vertex 30.1958 27.5128 3
      vertex 30.1958 27.5128 28
      vertex 30.2605 27.5228 3
    endloop
  endfacet
  facet normal -0.1521 0.988365 0
    outer loop
      vertex 30.1958 27.5128 28
      vertex 30.2605 27.5228 28
      vertex 30.2605 27.5228 3
    endloop
  endfacet
  facet normal -0.195098 0.980784 0
    outer loop
      vertex 30.2605 27.5228 3
      vertex 30.2605 27.5228 28
      vertex 30.3247 27.5356 3
    endloop
  endfacet
  facet normal -0.195098 0.980784 0
    outer loop
      vertex 30.2605 27.5228 28
      vertex 30.3247 27.5356 28
      vertex 30.3247 27.5356 3
    endloop
  endfacet
  facet normal -0.237684 0.971343 0
    outer loop
      vertex 30.3247 27.5356 3
      vertex 30.3247 27.5356 28
      vertex 30.3882 27.5511 3
    endloop
  endfacet
  facet normal -0.237684 0.971343 0
    outer loop
      vertex 30.3247 27.5356 28
      vertex 30.3882 27.5511 28
      vertex 30.3882 27.5511 3
    endloop
  endfacet
  facet normal -0.27983 0.96005 0
    outer loop
      vertex 30.3882 27.5511 3
      vertex 30.3882 27.5511 28
      vertex 30.4511 27.5694 3
    endloop
  endfacet
  facet normal -0.27983 0.96005 0
    outer loop
      vertex 30.3882 27.5511 28
      vertex 30.4511 27.5694 28
      vertex 30.4511 27.5694 3
    endloop
  endfacet
  facet normal -0.321449 0.946927 0
    outer loop
      vertex 30.4511 27.5694 3
      vertex 30.4511 27.5694 28
      vertex 30.513 27.5905 3
    endloop
  endfacet
  facet normal -0.321449 0.946927 0
    outer loop
      vertex 30.4511 27.5694 28
      vertex 30.513 27.5905 28
      vertex 30.513 27.5905 3
    endloop
  endfacet
  facet normal -0.362423 0.932014 0
    outer loop
      vertex 30.513 27.5905 3
      vertex 30.513 27.5905 28
      vertex 30.574 27.6142 3
    endloop
  endfacet
  facet normal -0.362423 0.932014 0
    outer loop
      vertex 30.513 27.5905 28
      vertex 30.574 27.6142 28
      vertex 30.574 27.6142 3
    endloop
  endfacet
  facet normal -0.402753 0.915309 0
    outer loop
      vertex 30.574 27.6142 3
      vertex 30.574 27.6142 28
      vertex 30.6339 27.6405 3
    endloop
  endfacet
  facet normal -0.402753 0.915309 0
    outer loop
      vertex 30.574 27.6142 28
      vertex 30.6339 27.6405 28
      vertex 30.6339 27.6405 3
    endloop
  endfacet
  facet normal -0.4423 0.896867 0
    outer loop
      vertex 30.6339 27.6405 3
      vertex 30.6339 27.6405 28
      vertex 30.6926 27.6695 3
    endloop
  endfacet
  facet normal -0.4423 0.896867 0
    outer loop
      vertex 30.6339 27.6405 28
      vertex 30.6926 27.6695 28
      vertex 30.6926 27.6695 3
    endloop
  endfacet
  facet normal -0.480984 0.876729 0
    outer loop
      vertex 30.6926 27.6695 3
      vertex 30.6926 27.6695 28
      vertex 30.75 27.701 3
    endloop
  endfacet
  facet normal -0.480984 0.876729 0
    outer loop
      vertex 30.6926 27.6695 28
      vertex 30.75 27.701 28
      vertex 30.75 27.701 3
    endloop
  endfacet
  facet normal -0.518775 0.854911 0
    outer loop
      vertex 30.75 27.701 3
      vertex 30.75 27.701 28
      vertex 30.8059 27.7349 3
    endloop
  endfacet
  facet normal -0.518775 0.854911 0
    outer loop
      vertex 30.75 27.701 28
      vertex 30.8059 27.7349 28
      vertex 30.8059 27.7349 3
    endloop
  endfacet
  facet normal -0.555567 0.831472 0
    outer loop
      vertex 30.8059 27.7349 3
      vertex 30.8059 27.7349 28
      vertex 30.8604 27.7713 3
    endloop
  endfacet
  facet normal -0.555567 0.831472 0
    outer loop
      vertex 30.8059 27.7349 28
      vertex 30.8604 27.7713 28
      vertex 30.8604 27.7713 3
    endloop
  endfacet
  facet normal -0.591308 0.806446 0
    outer loop
      vertex 30.8604 27.7713 3
      vertex 30.8604 27.7713 28
      vertex 30.9131 27.81 3
    endloop
  endfacet
  facet normal -0.591308 0.806446 0
    outer loop
      vertex 30.8604 27.7713 28
      vertex 30.9131 27.81 28
      vertex 30.9131 27.81 3
    endloop
  endfacet
  facet normal -0.62593 0.779879 0
    outer loop
      vertex 30.9131 27.81 3
      vertex 30.9131 27.81 28
      vertex 30.9642 27.8509 3
    endloop
  endfacet
  facet normal -0.62593 0.779879 0
    outer loop
      vertex 30.9131 27.81 28
      vertex 30.9642 27.8509 28
      vertex 30.9642 27.8509 3
    endloop
  endfacet
  facet normal -0.659342 0.751843 0
    outer loop
      vertex 30.9642 27.8509 3
      vertex 30.9642 27.8509 28
      vertex 31.0134 27.8941 3
    endloop
  endfacet
  facet normal -0.659342 0.751843 0
    outer loop
      vertex 30.9642 27.8509 28
      vertex 31.0134 27.8941 28
      vertex 31.0134 27.8941 3
    endloop
  endfacet
  facet normal -0.691513 0.722364 0
    outer loop
      vertex 31.0134 27.8941 3
      vertex 31.0134 27.8941 28
      vertex 31.0607 27.9393 3
    endloop
  endfacet
  facet normal -0.691513 0.722364 0
    outer loop
      vertex 31.0134 27.8941 28
      vertex 31.0607 27.9393 28
      vertex 31.0607 27.9393 3
    endloop
  endfacet
  facet normal -0.722365 0.691512 0
    outer loop
      vertex 31.0607 27.9393 3
      vertex 31.0607 27.9393 28
      vertex 31.1059 27.9866 3
    endloop
  endfacet
  facet normal -0.722365 0.691512 0
    outer loop
      vertex 31.0607 27.9393 28
      vertex 31.1059 27.9866 28
      vertex 31.1059 27.9866 3
    endloop
  endfacet
  facet normal -0.751829 0.659359 0
    outer loop
      vertex 31.1059 27.9866 3
      vertex 31.1059 27.9866 28
      vertex 31.1491 28.0358 3
    endloop
  endfacet
  facet normal -0.751829 0.659359 0
    outer loop
      vertex 31.1059 27.9866 28
      vertex 31.1491 28.0358 28
      vertex 31.1491 28.0358 3
    endloop
  endfacet
  facet normal -0.77989 0.625916 0
    outer loop
      vertex 31.1491 28.0358 3
      vertex 31.1491 28.0358 28
      vertex 31.19 28.0869 3
    endloop
  endfacet
  facet normal -0.77989 0.625916 0
    outer loop
      vertex 31.1491 28.0358 28
      vertex 31.19 28.0869 28
      vertex 31.19 28.0869 3
    endloop
  endfacet
  facet normal -0.806446 0.591308 0
    outer loop
      vertex 31.19 28.0869 3
      vertex 31.19 28.0869 28
      vertex 31.2287 28.1396 3
    endloop
  endfacet
  facet normal -0.806446 0.591308 0
    outer loop
      vertex 31.19 28.0869 28
      vertex 31.2287 28.1396 28
      vertex 31.2287 28.1396 3
    endloop
  endfacet
  facet normal -0.831472 0.555567 0
    outer loop
      vertex 31.2287 28.1396 3
      vertex 31.2287 28.1396 28
      vertex 31.2651 28.1941 3
    endloop
  endfacet
  facet normal -0.831472 0.555567 0
    outer loop
      vertex 31.2287 28.1396 28
      vertex 31.2651 28.1941 28
      vertex 31.2651 28.1941 3
    endloop
  endfacet
  facet normal -0.854898 0.518796 0
    outer loop
      vertex 31.2651 28.1941 3
      vertex 31.2651 28.1941 28
      vertex 31.299 28.25 3
    endloop
  endfacet
  facet normal -0.854898 0.518796 0
    outer loop
      vertex 31.2651 28.1941 28
      vertex 31.299 28.25 28
      vertex 31.299 28.25 3
    endloop
  endfacet
  facet normal -0.876747 0.480953 0
    outer loop
      vertex 31.299 28.25 3
      vertex 31.299 28.25 28
      vertex 31.3305 28.3074 3
    endloop
  endfacet
  facet normal -0.876747 0.480953 0
    outer loop
      vertex 31.299 28.25 28
      vertex 31.3305 28.3074 28
      vertex 31.3305 28.3074 3
    endloop
  endfacet
  facet normal -0.896873 0.442289 0
    outer loop
      vertex 31.3305 28.3074 3
      vertex 31.3305 28.3074 28
      vertex 31.3595 28.3661 3
    endloop
  endfacet
  facet normal -0.896873 0.442289 0
    outer loop
      vertex 31.3305 28.3074 28
      vertex 31.3595 28.3661 28
      vertex 31.3595 28.3661 3
    endloop
  endfacet
  facet normal -0.915298 0.402777 0
    outer loop
      vertex 31.3595 28.3661 3
      vertex 31.3595 28.3661 28
      vertex 31.3858 28.426 3
    endloop
  endfacet
  facet normal -0.915298 0.402777 0
    outer loop
      vertex 31.3595 28.3661 28
      vertex 31.3858 28.426 28
      vertex 31.3858 28.426 3
    endloop
  endfacet
  facet normal -0.93201 0.362433 0
    outer loop
      vertex 31.3858 28.426 3
      vertex 31.3858 28.426 28
      vertex 31.4095 28.487 3
    endloop
  endfacet
  facet normal -0.93201 0.362433 0
    outer loop
      vertex 31.3858 28.426 28
      vertex 31.4095 28.487 28
      vertex 31.4095 28.487 3
    endloop
  endfacet
  facet normal -0.94693 0.32144 0
    outer loop
      vertex 31.4095 28.487 3
      vertex 31.4095 28.487 28
      vertex 31.4306 28.5489 3
    endloop
  endfacet
  facet normal -0.94693 0.32144 0
    outer loop
      vertex 31.4095 28.487 28
      vertex 31.4306 28.5489 28
      vertex 31.4306 28.5489 3
    endloop
  endfacet
  facet normal -0.96005 0.27983 0
    outer loop
      vertex 31.4306 28.5489 3
      vertex 31.4306 28.5489 28
      vertex 31.4489 28.6118 3
    endloop
  endfacet
  facet normal -0.96005 0.27983 0
    outer loop
      vertex 31.4306 28.5489 28
      vertex 31.4489 28.6118 28
      vertex 31.4489 28.6118 3
    endloop
  endfacet
  facet normal -0.971349 0.237657 0
    outer loop
      vertex 31.4489 28.6118 3
      vertex 31.4489 28.6118 28
      vertex 31.4644 28.6753 3
    endloop
  endfacet
  facet normal -0.971349 0.237657 0
    outer loop
      vertex 31.4489 28.6118 28
      vertex 31.4644 28.6753 28
      vertex 31.4644 28.6753 3
    endloop
  endfacet
  facet normal -0.980777 0.195131 0
    outer loop
      vertex 31.4644 28.6753 3
      vertex 31.4644 28.6753 28
      vertex 31.4772 28.7395 3
    endloop
  endfacet
  facet normal -0.980777 0.195131 0
    outer loop
      vertex 31.4644 28.6753 28
      vertex 31.4772 28.7395 28
      vertex 31.4772 28.7395 3
    endloop
  endfacet
  facet normal -0.988366 0.152096 0
    outer loop
      vertex 31.4772 28.7395 3
      vertex 31.4772 28.7395 28
      vertex 31.4872 28.8042 3
    endloop
  endfacet
  facet normal -0.988366 0.152096 0
    outer loop
      vertex 31.4772 28.7395 28
      vertex 31.4872 28.8042 28
      vertex 31.4872 28.8042 3
    endloop
  endfacet
  facet normal -0.994053 0.108894 0
    outer loop
      vertex 31.4872 28.8042 3
      vertex 31.4872 28.8042 28
      vertex 31.4943 28.8693 3
    endloop
  endfacet
  facet normal -0.994053 0.108894 0
    outer loop
      vertex 31.4872 28.8042 28
      vertex 31.4943 28.8693 28
      vertex 31.4943 28.8693 3
    endloop
  endfacet
  facet normal -0.997859 0.0654044 0
    outer loop
      vertex 31.4943 28.8693 3
      vertex 31.4943 28.8693 28
      vertex 31.4986 28.9346 3
    endloop
  endfacet
  facet normal -0.997859 0.0654044 0
    outer loop
      vertex 31.4943 28.8693 28
      vertex 31.4986 28.9346 28
      vertex 31.4986 28.9346 3
    endloop
  endfacet
  facet normal -0.999762 0.0218014 0
    outer loop
      vertex 31.4986 28.9346 3
      vertex 31.4986 28.9346 28
      vertex 31.5 29 3
    endloop
  endfacet
  facet normal -0.999762 0.0218014 0
    outer loop
      vertex 31.4986 28.9346 28
      vertex 31.5 29 28
      vertex 31.5 29 3
    endloop
  endfacet
  facet normal -0.999762 -0.0218014 0
    outer loop
      vertex 31.5 29 3
      vertex 31.5 29 28
      vertex 31.4986 29.0654 3
    endloop
  endfacet
  facet normal -0.999762 -0.0218014 0
    outer loop
      vertex 31.5 29 28
      vertex 31.4986 29.0654 28
      vertex 31.4986 29.0654 3
    endloop
  endfacet
  facet normal -0.997859 -0.0654026 0
    outer loop
      vertex 31.4986 29.0654 3
      vertex 31.4986 29.0654 28
      vertex 31.4943 29.1307 3
    endloop
  endfacet
  facet normal -0.997859 -0.0654026 0
    outer loop
      vertex 31.4986 29.0654 28
      vertex 31.4943 29.1307 28
      vertex 31.4943 29.1307 3
    endloop
  endfacet
  facet normal -0.994053 -0.108894 0
    outer loop
      vertex 31.4943 29.1307 3
      vertex 31.4943 29.1307 28
      vertex 31.4872 29.1958 3
    endloop
  endfacet
  facet normal -0.994053 -0.108894 0
    outer loop
      vertex 31.4943 29.1307 28
      vertex 31.4872 29.1958 28
      vertex 31.4872 29.1958 3
    endloop
  endfacet
  facet normal -0.988365 -0.1521 0
    outer loop
      vertex 31.4872 29.1958 3
      vertex 31.4872 29.1958 28
      vertex 31.4772 29.2605 3
    endloop
  endfacet
  facet normal -0.988365 -0.1521 0
    outer loop
      vertex 31.4872 29.1958 28
      vertex 31.4772 29.2605 28
      vertex 31.4772 29.2605 3
    endloop
  endfacet
  facet normal -0.980778 -0.195125 0
    outer loop
      vertex 31.4772 29.2605 3
      vertex 31.4772 29.2605 28
      vertex 31.4644 29.3247 3
    endloop
  endfacet
  facet normal -0.980778 -0.195125 0
    outer loop
      vertex 31.4772 29.2605 28
      vertex 31.4644 29.3247 28
      vertex 31.4644 29.3247 3
    endloop
  endfacet
  facet normal -0.971349 -0.237657 0
    outer loop
      vertex 31.4644 29.3247 3
      vertex 31.4644 29.3247 28
      vertex 31.4489 29.3882 3
    endloop
  endfacet
  facet normal -0.971349 -0.237657 0
    outer loop
      vertex 31.4644 29.3247 28
      vertex 31.4489 29.3882 28
      vertex 31.4489 29.3882 3
    endloop
  endfacet
  facet normal -0.96005 -0.27983 0
    outer loop
      vertex 31.4489 29.3882 3
      vertex 31.4489 29.3882 28
      vertex 31.4306 29.4511 3
    endloop
  endfacet
  facet normal -0.96005 -0.27983 0
    outer loop
      vertex 31.4489 29.3882 28
      vertex 31.4306 29.4511 28
      vertex 31.4306 29.4511 3
    endloop
  endfacet
  facet normal -0.946927 -0.321449 0
    outer loop
      vertex 31.4306 29.4511 3
      vertex 31.4306 29.4511 28
      vertex 31.4095 29.513 3
    endloop
  endfacet
  facet normal -0.946927 -0.321449 0
    outer loop
      vertex 31.4306 29.4511 28
      vertex 31.4095 29.513 28
      vertex 31.4095 29.513 3
    endloop
  endfacet
  facet normal -0.932014 -0.362423 0
    outer loop
      vertex 31.4095 29.513 3
      vertex 31.4095 29.513 28
      vertex 31.3858 29.574 3
    endloop
  endfacet
  facet normal -0.932014 -0.362423 0
    outer loop
      vertex 31.4095 29.513 28
      vertex 31.3858 29.574 28
      vertex 31.3858 29.574 3
    endloop
  endfacet
  facet normal -0.915298 -0.402777 0
    outer loop
      vertex 31.3858 29.574 3
      vertex 31.3858 29.574 28
      vertex 31.3595 29.6339 3
    endloop
  endfacet
  facet normal -0.915298 -0.402777 0
    outer loop
      vertex 31.3858 29.574 28
      vertex 31.3595 29.6339 28
      vertex 31.3595 29.6339 3
    endloop
  endfacet
  facet normal -0.896873 -0.442289 0
    outer loop
      vertex 31.3595 29.6339 3
      vertex 31.3595 29.6339 28
      vertex 31.3305 29.6926 3
    endloop
  endfacet
  facet normal -0.896873 -0.442289 0
    outer loop
      vertex 31.3595 29.6339 28
      vertex 31.3305 29.6926 28
      vertex 31.3305 29.6926 3
    endloop
  endfacet
  facet normal -0.876747 -0.480953 0
    outer loop
      vertex 31.3305 29.6926 3
      vertex 31.3305 29.6926 28
      vertex 31.299 29.75 3
    endloop
  endfacet
  facet normal -0.876747 -0.480953 0
    outer loop
      vertex 31.3305 29.6926 28
      vertex 31.299 29.75 28
      vertex 31.299 29.75 3
    endloop
  endfacet
  facet normal -0.854898 -0.518796 0
    outer loop
      vertex 31.299 29.75 3
      vertex 31.299 29.75 28
      vertex 31.2651 29.8059 3
    endloop
  endfacet
  facet normal -0.854898 -0.518796 0
    outer loop
      vertex 31.299 29.75 28
      vertex 31.2651 29.8059 28
      vertex 31.2651 29.8059 3
    endloop
  endfacet
  facet normal -0.831472 -0.555567 0
    outer loop
      vertex 31.2651 29.8059 3
      vertex 31.2651 29.8059 28
      vertex 31.2287 29.8604 3
    endloop
  endfacet
  facet normal -0.831472 -0.555567 0
    outer loop
      vertex 31.2651 29.8059 28
      vertex 31.2287 29.8604 28
      vertex 31.2287 29.8604 3
    endloop
  endfacet
  facet normal -0.806446 -0.591308 0
    outer loop
      vertex 31.2287 29.8604 3
      vertex 31.2287 29.8604 28
      vertex 31.19 29.9131 3
    endloop
  endfacet
  facet normal -0.806446 -0.591308 0
    outer loop
      vertex 31.2287 29.8604 28
      vertex 31.19 29.9131 28
      vertex 31.19 29.9131 3
    endloop
  endfacet
  facet normal -0.779879 -0.62593 0
    outer loop
      vertex 31.19 29.9131 3
      vertex 31.19 29.9131 28
      vertex 31.1491 29.9642 3
    endloop
  endfacet
  facet normal -0.779879 -0.62593 0
    outer loop
      vertex 31.19 29.9131 28
      vertex 31.1491 29.9642 28
      vertex 31.1491 29.9642 3
    endloop
  endfacet
  facet normal -0.751841 -0.659344 0
    outer loop
      vertex 31.1491 29.9642 3
      vertex 31.1491 29.9642 28
      vertex 31.1059 30.0134 3
    endloop
  endfacet
  facet normal -0.751841 -0.659344 0
    outer loop
      vertex 31.1491 29.9642 28
      vertex 31.1059 30.0134 28
      vertex 31.1059 30.0134 3
    endloop
  endfacet
  facet normal -0.722365 -0.691512 0
    outer loop
      vertex 31.1059 30.0134 3
      vertex 31.1059 30.0134 28
      vertex 31.0607 30.0607 3
    endloop
  endfacet
  facet normal -0.722365 -0.691512 0
    outer loop
      vertex 31.1059 30.0134 28
      vertex 31.0607 30.0607 28
      vertex 31.0607 30.0607 3
    endloop
  endfacet
  facet normal -0.691513 -0.722364 0
    outer loop
      vertex 31.0607 30.0607 3
      vertex 31.0607 30.0607 28
      vertex 31.0134 30.1059 3
    endloop
  endfacet
  facet normal -0.691513 -0.722364 0
    outer loop
      vertex 31.0607 30.0607 28
      vertex 31.0134 30.1059 28
      vertex 31.0134 30.1059 3
    endloop
  endfacet
  facet normal -0.659342 -0.751843 0
    outer loop
      vertex 31.0134 30.1059 3
      vertex 31.0134 30.1059 28
      vertex 30.9642 30.1491 3
    endloop
  endfacet
  facet normal -0.659342 -0.751843 0
    outer loop
      vertex 31.0134 30.1059 28
      vertex 30.9642 30.1491 28
      vertex 30.9642 30.1491 3
    endloop
  endfacet
  facet normal -0.62593 -0.779879 0
    outer loop
      vertex 30.9642 30.1491 3
      vertex 30.9642 30.1491 28
      vertex 30.9131 30.19 3
    endloop
  endfacet
  facet normal -0.62593 -0.779879 0
    outer loop
      vertex 30.9642 30.1491 28
      vertex 30.9131 30.19 28
      vertex 30.9131 30.19 3
    endloop
  endfacet
  facet normal -0.591308 -0.806446 0
    outer loop
      vertex 30.9131 30.19 3
      vertex 30.9131 30.19 28
      vertex 30.8604 30.2287 3
    endloop
  endfacet
  facet normal -0.591308 -0.806446 0
    outer loop
      vertex 30.9131 30.19 28
      vertex 30.8604 30.2287 28
      vertex 30.8604 30.2287 3
    endloop
  endfacet
  facet normal -0.555567 -0.831472 0
    outer loop
      vertex 30.8604 30.2287 3
      vertex 30.8604 30.2287 28
      vertex 30.8059 30.2651 3
    endloop
  endfacet
  facet normal -0.555567 -0.831472 0
    outer loop
      vertex 30.8604 30.2287 28
      vertex 30.8059 30.2651 28
      vertex 30.8059 30.2651 3
    endloop
  endfacet
  facet normal -0.518775 -0.854911 0
    outer loop
      vertex 30.8059 30.2651 3
      vertex 30.8059 30.2651 28
      vertex 30.75 30.299 3
    endloop
  endfacet
  facet normal -0.518775 -0.854911 0
    outer loop
      vertex 30.8059 30.2651 28
      vertex 30.75 30.299 28
      vertex 30.75 30.299 3
    endloop
  endfacet
  facet normal -0.480984 -0.876729 0
    outer loop
      vertex 30.75 30.299 3
      vertex 30.75 30.299 28
      vertex 30.6926 30.3305 3
    endloop
  endfacet
  facet normal -0.480984 -0.876729 0
    outer loop
      vertex 30.75 30.299 28
      vertex 30.6926 30.3305 28
      vertex 30.6926 30.3305 3
    endloop
  endfacet
  facet normal -0.4423 -0.896867 0
    outer loop
      vertex 30.6926 30.3305 3
      vertex 30.6926 30.3305 28
      vertex 30.6339 30.3595 3
    endloop
  endfacet
  facet normal -0.4423 -0.896867 0
    outer loop
      vertex 30.6926 30.3305 28
      vertex 30.6339 30.3595 28
      vertex 30.6339 30.3595 3
    endloop
  endfacet
  facet normal -0.402753 -0.915309 0
    outer loop
      vertex 30.6339 30.3595 3
      vertex 30.6339 30.3595 28
      vertex 30.574 30.3858 3
    endloop
  endfacet
  facet normal -0.402753 -0.915309 0
    outer loop
      vertex 30.6339 30.3595 28
      vertex 30.574 30.3858 28
      vertex 30.574 30.3858 3
    endloop
  endfacet
  facet normal -0.362423 -0.932014 0
    outer loop
      vertex 30.574 30.3858 3
      vertex 30.574 30.3858 28
      vertex 30.513 30.4095 3
    endloop
  endfacet
  facet normal -0.362423 -0.932014 0
    outer loop
      vertex 30.574 30.3858 28
      vertex 30.513 30.4095 28
      vertex 30.513 30.4095 3
    endloop
  endfacet
  facet normal -0.321449 -0.946927 0
    outer loop
      vertex 30.513 30.4095 3
      vertex 30.513 30.4095 28
      vertex 30.4511 30.4306 3
    endloop
  endfacet
  facet normal -0.321449 -0.946927 0
    outer loop
      vertex 30.513 30.4095 28
      vertex 30.4511 30.4306 28
      vertex 30.4511 30.4306 3
    endloop
  endfacet
  facet normal -0.27983 -0.96005 0
    outer loop
      vertex 30.4511 30.4306 3
      vertex 30.4511 30.4306 28
      vertex 30.3882 30.4489 3
    endloop
  endfacet
  facet normal -0.27983 -0.96005 0
    outer loop
      vertex 30.4511 30.4306 28
      vertex 30.3882 30.4489 28
      vertex 30.3882 30.4489 3
    endloop
  endfacet
  facet normal -0.237684 -0.971343 0
    outer loop
      vertex 30.3882 30.4489 3
      vertex 30.3882 30.4489 28
      vertex 30.3247 30.4644 3
    endloop
  endfacet
  facet normal -0.237684 -0.971343 0
    outer loop
      vertex 30.3882 30.4489 28
      vertex 30.3247 30.4644 28
      vertex 30.3247 30.4644 3
    endloop
  endfacet
  facet normal -0.195071 -0.980789 0
    outer loop
      vertex 30.3247 30.4644 3
      vertex 30.3247 30.4644 28
      vertex 30.2605 30.4772 3
    endloop
  endfacet
  facet normal -0.195071 -0.980789 0
    outer loop
      vertex 30.3247 30.4644 28
      vertex 30.2605 30.4772 28
      vertex 30.2605 30.4772 3
    endloop
  endfacet
  facet normal -0.152128 -0.988361 0
    outer loop
      vertex 30.2605 30.4772 3
      vertex 30.2605 30.4772 28
      vertex 30.1958 30.4872 3
    endloop
  endfacet
  facet normal -0.152128 -0.988361 0
    outer loop
      vertex 30.2605 30.4772 28
      vertex 30.1958 30.4872 28
      vertex 30.1958 30.4872 3
    endloop
  endfacet
  facet normal -0.108863 -0.994057 0
    outer loop
      vertex 30.1958 30.4872 3
      vertex 30.1958 30.4872 28
      vertex 30.1307 30.4943 3
    endloop
  endfacet
  facet normal -0.108863 -0.994057 0
    outer loop
      vertex 30.1958 30.4872 28
      vertex 30.1307 30.4943 28
      vertex 30.1307 30.4943 3
    endloop
  endfacet
  facet normal -0.0654044 -0.997859 0
    outer loop
      vertex 30.1307 30.4943 3
      vertex 30.1307 30.4943 28
      vertex 30.0654 30.4986 3
    endloop
  endfacet
  facet normal -0.0654044 -0.997859 0
    outer loop
      vertex 30.1307 30.4943 28
      vertex 30.0654 30.4986 28
      vertex 30.0654 30.4986 3
    endloop
  endfacet
  facet normal -0.0218299 -0.999762 0
    outer loop
      vertex 30.0654 30.4986 3
      vertex 30.0654 30.4986 28
      vertex 30 30.5 3
    endloop
  endfacet
  facet normal -0.0218299 -0.999762 0
    outer loop
      vertex 30.0654 30.4986 28
      vertex 30 30.5 28
      vertex 30 30.5 3
    endloop
  endfacet
  facet normal 0.0218299 -0.999762 0
    outer loop
      vertex 30 30.5 3
      vertex 30 30.5 28
      vertex 29.9346 30.4986 3
    endloop
  endfacet
  facet normal 0.0218299 -0.999762 0
    outer loop
      vertex 30 30.5 28
      vertex 29.9346 30.4986 28
      vertex 29.9346 30.4986 3
    endloop
  endfacet
  facet normal 0.0654044 -0.997859 0
    outer loop
      vertex 29.9346 30.4986 3
      vertex 29.9346 30.4986 28
      vertex 29.8693 30.4943 3
    endloop
  endfacet
  facet normal 0.0654044 -0.997859 0
    outer loop
      vertex 29.9346 30.4986 28
      vertex 29.8693 30.4943 28
      vertex 29.8693 30.4943 3
    endloop
  endfacet
  facet normal 0.108866 -0.994056 0
    outer loop
      vertex 29.8693 30.4943 3
      vertex 29.8693 30.4943 28
      vertex 29.8042 30.4872 3
    endloop
  endfacet
  facet normal 0.108866 -0.994056 0
    outer loop
      vertex 29.8693 30.4943 28
      vertex 29.8042 30.4872 28
      vertex 29.8042 30.4872 3
    endloop
  endfacet
  facet normal 0.152123 -0.988361 0
    outer loop
      vertex 29.8042 30.4872 3
      vertex 29.8042 30.4872 28
      vertex 29.7395 30.4772 3
    endloop
  endfacet
  facet normal 0.152123 -0.988361 0
    outer loop
      vertex 29.8042 30.4872 28
      vertex 29.7395 30.4772 28
      vertex 29.7395 30.4772 3
    endloop
  endfacet
  facet normal 0.195076 -0.980788 0
    outer loop
      vertex 29.7395 30.4772 3
      vertex 29.7395 30.4772 28
      vertex 29.6753 30.4644 3
    endloop
  endfacet
  facet normal 0.195076 -0.980788 0
    outer loop
      vertex 29.7395 30.4772 28
      vertex 29.6753 30.4644 28
      vertex 29.6753 30.4644 3
    endloop
  endfacet
  facet normal 0.237684 -0.971343 0
    outer loop
      vertex 29.6753 30.4644 3
      vertex 29.6753 30.4644 28
      vertex 29.6118 30.4489 3
    endloop
  endfacet
  facet normal 0.237684 -0.971343 0
    outer loop
      vertex 29.6753 30.4644 28
      vertex 29.6118 30.4489 28
      vertex 29.6118 30.4489 3
    endloop
  endfacet
  facet normal 0.27983 -0.96005 0
    outer loop
      vertex 29.6118 30.4489 3
      vertex 29.6118 30.4489 28
      vertex 29.5489 30.4306 3
    endloop
  endfacet
  facet normal 0.27983 -0.96005 0
    outer loop
      vertex 29.6118 30.4489 28
      vertex 29.5489 30.4306 28
      vertex 29.5489 30.4306 3
    endloop
  endfacet
  facet normal 0.32144 -0.94693 0
    outer loop
      vertex 29.5489 30.4306 3
      vertex 29.5489 30.4306 28
      vertex 29.487 30.4095 3
    endloop
  endfacet
  facet normal 0.32144 -0.94693 0
    outer loop
      vertex 29.5489 30.4306 28
      vertex 29.487 30.4095 28
      vertex 29.487 30.4095 3
    endloop
  endfacet
  facet normal 0.362433 -0.93201 0
    outer loop
      vertex 29.487 30.4095 3
      vertex 29.487 30.4095 28
      vertex 29.426 30.3858 3
    endloop
  endfacet
  facet normal 0.362433 -0.93201 0
    outer loop
      vertex 29.487 30.4095 28
      vertex 29.426 30.3858 28
      vertex 29.426 30.3858 3
    endloop
  endfacet
  facet normal 0.402753 -0.915309 0
    outer loop
      vertex 29.426 30.3858 3
      vertex 29.426 30.3858 28
      vertex 29.3661 30.3595 3
    endloop
  endfacet
  facet normal 0.402753 -0.915309 0
    outer loop
      vertex 29.426 30.3858 28
      vertex 29.3661 30.3595 28
      vertex 29.3661 30.3595 3
    endloop
  endfacet
  facet normal 0.442289 -0.896873 0
    outer loop
      vertex 29.3661 30.3595 3
      vertex 29.3661 30.3595 28
      vertex 29.3074 30.3305 3
    endloop
  endfacet
  facet normal 0.442289 -0.896873 0
    outer loop
      vertex 29.3661 30.3595 28
      vertex 29.3074 30.3305 28
      vertex 29.3074 30.3305 3
    endloop
  endfacet
  facet normal 0.480996 -0.876723 0
    outer loop
      vertex 29.3074 30.3305 3
      vertex 29.3074 30.3305 28
      vertex 29.25 30.299 3
    endloop
  endfacet
  facet normal 0.480996 -0.876723 0
    outer loop
      vertex 29.3074 30.3305 28
      vertex 29.25 30.299 28
      vertex 29.25 30.299 3
    endloop
  endfacet
  facet normal 0.518775 -0.854911 0
    outer loop
      vertex 29.25 30.299 3
      vertex 29.25 30.299 28
      vertex 29.1941 30.2651 3
    endloop
  endfacet
  facet normal 0.518775 -0.854911 0
    outer loop
      vertex 29.25 30.299 28
      vertex 29.1941 30.2651 28
      vertex 29.1941 30.2651 3
    endloop
  endfacet
  facet normal 0.555567 -0.831472 0
    outer loop
      vertex 29.1941 30.2651 3
      vertex 29.1941 30.2651 28
      vertex 29.1396 30.2287 3
    endloop
  endfacet
  facet normal 0.555567 -0.831472 0
    outer loop
      vertex 29.1941 30.2651 28
      vertex 29.1396 30.2287 28
      vertex 29.1396 30.2287 3
    endloop
  endfacet
  facet normal 0.591308 -0.806446 0
    outer loop
      vertex 29.1396 30.2287 3
      vertex 29.1396 30.2287 28
      vertex 29.0869 30.19 3
    endloop
  endfacet
  facet normal 0.591308 -0.806446 0
    outer loop
      vertex 29.1396 30.2287 28
      vertex 29.0869 30.19 28
      vertex 29.0869 30.19 3
    endloop
  endfacet
  facet normal 0.625916 -0.77989 0
    outer loop
      vertex 29.0869 30.19 3
      vertex 29.0869 30.19 28
      vertex 29.0358 30.1491 3
    endloop
  endfacet
  facet normal 0.625916 -0.77989 0
    outer loop
      vertex 29.0869 30.19 28
      vertex 29.0358 30.1491 28
      vertex 29.0358 30.1491 3
    endloop
  endfacet
  facet normal 0.659342 -0.751843 0
    outer loop
      vertex 29.0358 30.1491 3
      vertex 29.0358 30.1491 28
      vertex 28.9866 30.1059 3
    endloop
  endfacet
  facet normal 0.659342 -0.751843 0
    outer loop
      vertex 29.0358 30.1491 28
      vertex 28.9866 30.1059 28
      vertex 28.9866 30.1059 3
    endloop
  endfacet
  facet normal 0.691527 -0.722351 0
    outer loop
      vertex 28.9866 30.1059 3
      vertex 28.9866 30.1059 28
      vertex 28.9393 30.0607 3
    endloop
  endfacet
  facet normal 0.691527 -0.722351 0
    outer loop
      vertex 28.9866 30.1059 28
      vertex 28.9393 30.0607 28
      vertex 28.9393 30.0607 3
    endloop
  endfacet
  facet normal 0.722351 -0.691527 0
    outer loop
      vertex 28.9393 30.0607 3
      vertex 28.9393 30.0607 28
      vertex 28.8941 30.0134 3
    endloop
  endfacet
  facet normal 0.722351 -0.691527 0
    outer loop
      vertex 28.9393 30.0607 28
      vertex 28.8941 30.0134 28
      vertex 28.8941 30.0134 3
    endloop
  endfacet
  facet normal 0.751855 -0.659328 0
    outer loop
      vertex 28.8941 30.0134 3
      vertex 28.8941 30.0134 28
      vertex 28.8509 29.9642 3
    endloop
  endfacet
  facet normal 0.751855 -0.659328 0
    outer loop
      vertex 28.8941 30.0134 28
      vertex 28.8509 29.9642 28
      vertex 28.8509 29.9642 3
    endloop
  endfacet
  facet normal 0.779879 -0.62593 0
    outer loop
      vertex 28.8509 29.9642 3
      vertex 28.8509 29.9642 28
      vertex 28.81 29.9131 3
    endloop
  endfacet
  facet normal 0.779879 -0.62593 0
    outer loop
      vertex 28.8509 29.9642 28
      vertex 28.81 29.9131 28
      vertex 28.81 29.9131 3
    endloop
  endfacet
  facet normal 0.806446 -0.591308 0
    outer loop
      vertex 28.81 29.9131 3
      vertex 28.81 29.9131 28
      vertex 28.7713 29.8604 3
    endloop
  endfacet
  facet normal 0.806446 -0.591308 0
    outer loop
      vertex 28.81 29.9131 28
      vertex 28.7713 29.8604 28
      vertex 28.7713 29.8604 3
    endloop
  endfacet
  facet normal 0.831472 -0.555567 0
    outer loop
      vertex 28.7713 29.8604 3
      vertex 28.7713 29.8604 28
      vertex 28.7349 29.8059 3
    endloop
  endfacet
  facet normal 0.831472 -0.555567 0
    outer loop
      vertex 28.7713 29.8604 28
      vertex 28.7349 29.8059 28
      vertex 28.7349 29.8059 3
    endloop
  endfacet
  facet normal 0.854911 -0.518775 0
    outer loop
      vertex 28.7349 29.8059 3
      vertex 28.7349 29.8059 28
      vertex 28.701 29.75 3
    endloop
  endfacet
  facet normal 0.854911 -0.518775 0
    outer loop
      vertex 28.7349 29.8059 28
      vertex 28.701 29.75 28
      vertex 28.701 29.75 3
    endloop
  endfacet
  facet normal 0.876723 -0.480996 0
    outer loop
      vertex 28.701 29.75 3
      vertex 28.701 29.75 28
      vertex 28.6695 29.6926 3
    endloop
  endfacet
  facet normal 0.876723 -0.480996 0
    outer loop
      vertex 28.701 29.75 28
      vertex 28.6695 29.6926 28
      vertex 28.6695 29.6926 3
    endloop
  endfacet
  facet normal 0.896873 -0.442289 0
    outer loop
      vertex 28.6695 29.6926 3
      vertex 28.6695 29.6926 28
      vertex 28.6405 29.6339 3
    endloop
  endfacet
  facet normal 0.896873 -0.442289 0
    outer loop
      vertex 28.6695 29.6926 28
      vertex 28.6405 29.6339 28
      vertex 28.6405 29.6339 3
    endloop
  endfacet
  facet normal 0.915309 -0.402753 0
    outer loop
      vertex 28.6405 29.6339 3
      vertex 28.6405 29.6339 28
      vertex 28.6142 29.574 3
    endloop
  endfacet
  facet normal 0.915309 -0.402753 0
    outer loop
      vertex 28.6405 29.6339 28
      vertex 28.6142 29.574 28
      vertex 28.6142 29.574 3
    endloop
  endfacet
  facet normal 0.932014 -0.362423 0
    outer loop
      vertex 28.6142 29.574 3
      vertex 28.6142 29.574 28
      vertex 28.5905 29.513 3
    endloop
  endfacet
  facet normal 0.932014 -0.362423 0
    outer loop
      vertex 28.6142 29.574 28
      vertex 28.5905 29.513 28
      vertex 28.5905 29.513 3
    endloop
  endfacet
  facet normal 0.946927 -0.321449 0
    outer loop
      vertex 28.5905 29.513 3
      vertex 28.5905 29.513 28
      vertex 28.5694 29.4511 3
    endloop
  endfacet
  facet normal 0.946927 -0.321449 0
    outer loop
      vertex 28.5905 29.513 28
      vertex 28.5694 29.4511 28
      vertex 28.5694 29.4511 3
    endloop
  endfacet
  facet normal 0.96005 -0.27983 0
    outer loop
      vertex 28.5694 29.4511 3
      vertex 28.5694 29.4511 28
      vertex 28.5511 29.3882 3
    endloop
  endfacet
  facet normal 0.96005 -0.27983 0
    outer loop
      vertex 28.5694 29.4511 28
      vertex 28.5511 29.3882 28
      vertex 28.5511 29.3882 3
    endloop
  endfacet
  facet normal 0.971343 -0.237684 0
    outer loop
      vertex 28.5511 29.3882 3
      vertex 28.5511 29.3882 28
      vertex 28.5356 29.3247 3
    endloop
  endfacet
  facet normal 0.971343 -0.237684 0
    outer loop
      vertex 28.5511 29.3882 28
      vertex 28.5356 29.3247 28
      vertex 28.5356 29.3247 3
    endloop
  endfacet
  facet normal 0.980784 -0.195098 0
    outer loop
      vertex 28.5356 29.3247 3
      vertex 28.5356 29.3247 28
      vertex 28.5228 29.2605 3
    endloop
  endfacet
  facet normal 0.980784 -0.195098 0
    outer loop
      vertex 28.5356 29.3247 28
      vertex 28.5228 29.2605 28
      vertex 28.5228 29.2605 3
    endloop
  endfacet
  facet normal 0.988361 -0.152128 0
    outer loop
      vertex 28.5228 29.2605 3
      vertex 28.5228 29.2605 28
      vertex 28.5128 29.1958 3
    endloop
  endfacet
  facet normal 0.988361 -0.152128 0
    outer loop
      vertex 28.5228 29.2605 28
      vertex 28.5128 29.1958 28
      vertex 28.5128 29.1958 3
    endloop
  endfacet
  facet normal 0.994056 -0.108866 0
    outer loop
      vertex 28.5128 29.1958 3
      vertex 28.5128 29.1958 28
      vertex 28.5057 29.1307 3
    endloop
  endfacet
  facet normal 0.994056 -0.108866 0
    outer loop
      vertex 28.5128 29.1958 28
      vertex 28.5057 29.1307 28
      vertex 28.5057 29.1307 3
    endloop
  endfacet
  facet normal 0.997859 -0.0654026 0
    outer loop
      vertex 28.5057 29.1307 3
      vertex 28.5057 29.1307 28
      vertex 28.5014 29.0654 3
    endloop
  endfacet
  facet normal 0.997859 -0.0654026 0
    outer loop
      vertex 28.5057 29.1307 28
      vertex 28.5014 29.0654 28
      vertex 28.5014 29.0654 3
    endloop
  endfacet
  facet normal 0.999762 -0.0218014 0
    outer loop
      vertex 28.5014 29.0654 3
      vertex 28.5014 29.0654 28
      vertex 28.5 29 3
    endloop
  endfacet
  facet normal 0.999762 -0.0218014 0
    outer loop
      vertex 28.5014 29.0654 28
      vertex 28.5 29 28
      vertex 28.5 29 3
    endloop
  endfacet
  facet normal 0 1 0
    outer loop
      vertex -42 32 0
      vertex -42 32 3
      vertex -33 32 3
    endloop
  endfacet
  facet normal 0 1 0
    outer loop
      vertex -13.5 32 28
      vertex -13.5 32 0
      vertex -21.75 32 0
    endloop
  endfacet
  facet normal 0 1 0
    outer loop
      vertex -42 32 0
      vertex -33 32 3
      vertex -21.75 32 0
    endloop
  endfacet
  facet normal 0 1 0
    outer loop
      vertex -33 32 3
      vertex -33 32 28
      vertex -21.75 32 0
    endloop
  endfacet
  facet normal 0 1 0
    outer loop
      vertex -21.75 32 0
      vertex -33 32 28
      vertex -13.5 32 28
    endloop
  endfacet
  facet normal -1 0 0
    outer loop
      vertex -33 -32 28
      vertex -33 32 28
      vertex -33 -32 3
    endloop
  endfacet
  facet normal -1 0 0
    outer loop
      vertex -33 32 28
      vertex -33 32 3
      vertex -33 -32 3
    endloop
  endfacet
  facet normal 0.999762 0.0218014 0
    outer loop
      vertex 28.5 -29 3
      vertex 28.5 -29 28
      vertex 28.5014 -29.0654 3
    endloop
  endfacet
  facet normal 0.999762 0.0218014 0
    outer loop
      vertex 28.5 -29 28
      vertex 28.5014 -29.0654 28
      vertex 28.5014 -29.0654 3
    endloop
  endfacet
  facet normal 0.997859 0.0654026 0
    outer loop
      vertex 28.5014 -29.0654 3
      vertex 28.5014 -29.0654 28
      vertex 28.5057 -29.1307 3
    endloop
  endfacet
  facet normal 0.997859 0.0654026 0
    outer loop
      vertex 28.5014 -29.0654 28
      vertex 28.5057 -29.1307 28
      vertex 28.5057 -29.1307 3
    endloop
  endfacet
  facet normal 0.994056 0.108866 0
    outer loop
      vertex 28.5057 -29.1307 3
      vertex 28.5057 -29.1307 28
      vertex 28.5128 -29.1958 3
    endloop
  endfacet
  facet normal 0.994056 0.108866 0
    outer loop
      vertex 28.5057 -29.1307 28
      vertex 28.5128 -29.1958 28
      vertex 28.5128 -29.1958 3
    endloop
  endfacet
  facet normal 0.988361 0.152128 0
    outer loop
      vertex 28.5128 -29.1958 3
      vertex 28.5128 -29.1958 28
      vertex 28.5228 -29.2605 3
    endloop
  endfacet
  facet normal 0.988361 0.152128 0
    outer loop
      vertex 28.5128 -29.1958 28
      vertex 28.5228 -29.2605 28
      vertex 28.5228 -29.2605 3
    endloop
  endfacet
  facet normal 0.980784 0.195098 0
    outer loop
      vertex 28.5228 -29.2605 3
      vertex 28.5228 -29.2605 28
      vertex 28.5356 -29.3247 3
    endloop
  endfacet
  facet normal 0.980784 0.195098 0
    outer loop
      vertex 28.5228 -29.2605 28
      vertex 28.5356 -29.3247 28
      vertex 28.5356 -29.3247 3
    endloop
  endfacet
  facet normal 0.971343 0.237684 0
    outer loop
      vertex 28.5356 -29.3247 3
      vertex 28.5356 -29.3247 28
      vertex 28.5511 -29.3882 3
    endloop
  endfacet
  facet normal 0.971343 0.237684 0
    outer loop
      vertex 28.5356 -29.3247 28
      vertex 28.5511 -29.3882 28
      vertex 28.5511 -29.3882 3
    endloop
  endfacet
  facet normal 0.96005 0.27983 0
    outer loop
      vertex 28.5511 -29.3882 3
      vertex 28.5511 -29.3882 28
      vertex 28.5694 -29.4511 3
    endloop
  endfacet
  facet normal 0.96005 0.27983 0
    outer loop
      vertex 28.5511 -29.3882 28
      vertex 28.5694 -29.4511 28
      vertex 28.5694 -29.4511 3
    endloop
  endfacet
  facet normal 0.946927 0.321449 0
    outer loop
      vertex 28.5694 -29.4511 3
      vertex 28.5694 -29.4511 28
      vertex 28.5905 -29.513 3
    endloop
  endfacet
  facet normal 0.946927 0.321449 0
    outer loop
      vertex 28.5694 -29.4511 28
      vertex 28.5905 -29.513 28
      vertex 28.5905 -29.513 3
    endloop
  endfacet
  facet normal 0.932014 0.362423 0
    outer loop
      vertex 28.5905 -29.513 3
      vertex 28.5905 -29.513 28
      vertex 28.6142 -29.574 3
    endloop
  endfacet
  facet normal 0.932014 0.362423 0
    outer loop
      vertex 28.5905 -29.513 28
      vertex 28.6142 -29.574 28
      vertex 28.6142 -29.574 3
    endloop
  endfacet
  facet normal 0.915309 0.402753 0
    outer loop
      vertex 28.6142 -29.574 3
      vertex 28.6142 -29.574 28
      vertex 28.6405 -29.6339 3
    endloop
  endfacet
  facet normal 0.915309 0.402753 0
    outer loop
      vertex 28.6142 -29.574 28
      vertex 28.6405 -29.6339 28
      vertex 28.6405 -29.6339 3
    endloop
  endfacet
  facet normal 0.896873 0.442289 0
    outer loop
      vertex 28.6405 -29.6339 3
      vertex 28.6405 -29.6339 28
      vertex 28.6695 -29.6926 3
    endloop
  endfacet
  facet normal 0.896873 0.442289 0
    outer loop
      vertex 28.6405 -29.6339 28
      vertex 28.6695 -29.6926 28
      vertex 28.6695 -29.6926 3
    endloop
  endfacet
  facet normal 0.876723 0.480996 0
    outer loop
      vertex 28.6695 -29.6926 3
      vertex 28.6695 -29.6926 28
      vertex 28.701 -29.75 3
    endloop
  endfacet
  facet normal 0.876723 0.480996 0
    outer loop
      vertex 28.6695 -29.6926 28
      vertex 28.701 -29.75 28
      vertex 28.701 -29.75 3
    endloop
  endfacet
  facet normal 0.854911 0.518775 0
    outer loop
      vertex 28.701 -29.75 3
      vertex 28.701 -29.75 28
      vertex 28.7349 -29.8059 3
    endloop
  endfacet
  facet normal 0.854911 0.518775 0
    outer loop
      vertex 28.701 -29.75 28
      vertex 28.7349 -29.8059 28
      vertex 28.7349 -29.8059 3
    endloop
  endfacet
  facet normal 0.831472 0.555567 0
    outer loop
      vertex 28.7349 -29.8059 3
      vertex 28.7349 -29.8059 28
      vertex 28.7713 -29.8604 3
    endloop
  endfacet
  facet normal 0.831472 0.555567 0
    outer loop
      vertex 28.7349 -29.8059 28
      vertex 28.7713 -29.8604 28
      vertex 28.7713 -29.8604 3
    endloop
  endfacet
  facet normal 0.806446 0.591308 0
    outer loop
      vertex 28.7713 -29.8604 3
      vertex 28.7713 -29.8604 28
      vertex 28.81 -29.9131 3
    endloop
  endfacet
  facet normal 0.806446 0.591308 0
    outer loop
      vertex 28.7713 -29.8604 28
      vertex 28.81 -29.9131 28
      vertex 28.81 -29.9131 3
    endloop
  endfacet
  facet normal 0.779879 0.62593 0
    outer loop
      vertex 28.81 -29.9131 3
      vertex 28.81 -29.9131 28
      vertex 28.8509 -29.9642 3
    endloop
  endfacet
  facet normal 0.779879 0.62593 0
    outer loop
      vertex 28.81 -29.9131 28
      vertex 28.8509 -29.9642 28
      vertex 28.8509 -29.9642 3
    endloop
  endfacet
  facet normal 0.751855 0.659328 0
    outer loop
      vertex 28.8509 -29.9642 3
      vertex 28.8509 -29.9642 28
      vertex 28.8941 -30.0134 3
    endloop
  endfacet
  facet normal 0.751855 0.659328 0
    outer loop
      vertex 28.8509 -29.9642 28
      vertex 28.8941 -30.0134 28
      vertex 28.8941 -30.0134 3
    endloop
  endfacet
  facet normal 0.722351 0.691527 0
    outer loop
      vertex 28.8941 -30.0134 3
      vertex 28.8941 -30.0134 28
      vertex 28.9393 -30.0607 3
    endloop
  endfacet
  facet normal 0.722351 0.691527 0
    outer loop
      vertex 28.8941 -30.0134 28
      vertex 28.9393 -30.0607 28
      vertex 28.9393 -30.0607 3
    endloop
  endfacet
  facet normal 0.691527 0.722351 0
    outer loop
      vertex 28.9393 -30.0607 3
      vertex 28.9393 -30.0607 28
      vertex 28.9866 -30.1059 3
    endloop
  endfacet
  facet normal 0.691527 0.722351 0
    outer loop
      vertex 28.9393 -30.0607 28
      vertex 28.9866 -30.1059 28
      vertex 28.9866 -30.1059 3
    endloop
  endfacet
  facet normal 0.659342 0.751843 0
    outer loop
      vertex 28.9866 -30.1059 3
      vertex 28.9866 -30.1059 28
      vertex 29.0358 -30.1491 3
    endloop
  endfacet
  facet normal 0.659342 0.751843 0
    outer loop
      vertex 28.9866 -30.1059 28
      vertex 29.0358 -30.1491 28
      vertex 29.0358 -30.1491 3
    endloop
  endfacet
  facet normal 0.625916 0.77989 0
    outer loop
      vertex 29.0358 -30.1491 3
      vertex 29.0358 -30.1491 28
      vertex 29.0869 -30.19 3
    endloop
  endfacet
  facet normal 0.625916 0.77989 0
    outer loop
      vertex 29.0358 -30.1491 28
      vertex 29.0869 -30.19 28
      vertex 29.0869 -30.19 3
    endloop
  endfacet
  facet normal 0.591308 0.806446 0
    outer loop
      vertex 29.0869 -30.19 3
      vertex 29.0869 -30.19 28
      vertex 29.1396 -30.2287 3
    endloop
  endfacet
  facet normal 0.591308 0.806446 0
    outer loop
      vertex 29.0869 -30.19 28
      vertex 29.1396 -30.2287 28
      vertex 29.1396 -30.2287 3
    endloop
  endfacet
  facet normal 0.555567 0.831472 0
    outer loop
      vertex 29.1396 -30.2287 3
      vertex 29.1396 -30.2287 28
      vertex 29.1941 -30.2651 3
    endloop
  endfacet
  facet normal 0.555567 0.831472 0
    outer loop
      vertex 29.1396 -30.2287 28
      vertex 29.1941 -30.2651 28
      vertex 29.1941 -30.2651 3
    endloop
  endfacet
  facet normal 0.518775 0.854911 0
    outer loop
      vertex 29.1941 -30.2651 3
      vertex 29.1941 -30.2651 28
      vertex 29.25 -30.299 3
    endloop
  endfacet
  facet normal 0.518775 0.854911 0
    outer loop
      vertex 29.1941 -30.2651 28
      vertex 29.25 -30.299 28
      vertex 29.25 -30.299 3
    endloop
  endfacet
  facet normal 0.480996 0.876723 0
    outer loop
      vertex 29.25 -30.299 3
      vertex 29.25 -30.299 28
      vertex 29.3074 -30.3305 3
    endloop
  endfacet
  facet normal 0.480996 0.876723 0
    outer loop
      vertex 29.25 -30.299 28
      vertex 29.3074 -30.3305 28
      vertex 29.3074 -30.3305 3
    endloop
  endfacet
  facet normal 0.442289 0.896873 0
    outer loop
      vertex 29.3074 -30.3305 3
      vertex 29.3074 -30.3305 28
      vertex 29.3661 -30.3595 3
    endloop
  endfacet
  facet normal 0.442289 0.896873 0
    outer loop
      vertex 29.3074 -30.3305 28
      vertex 29.3661 -30.3595 28
      vertex 29.3661 -30.3595 3
    endloop
  endfacet
  facet normal 0.402753 0.915309 0
    outer loop
      vertex 29.3661 -30.3595 3
      vertex 29.3661 -30.3595 28
      vertex 29.426 -30.3858 3
    endloop
  endfacet
  facet normal 0.402753 0.915309 0
    outer loop
      vertex 29.3661 -30.3595 28
      vertex 29.426 -30.3858 28
      vertex 29.426 -30.3858 3
    endloop
  endfacet
  facet normal 0.362433 0.93201 0
    outer loop
      vertex 29.426 -30.3858 3
      vertex 29.426 -30.3858 28
      vertex 29.487 -30.4095 3
    endloop
  endfacet
  facet normal 0.362433 0.93201 0
    outer loop
      vertex 29.426 -30.3858 28
      vertex 29.487 -30.4095 28
      vertex 29.487 -30.4095 3
    endloop
  endfacet
  facet normal 0.32144 0.94693 0
    outer loop
      vertex 29.487 -30.4095 3
      vertex 29.487 -30.4095 28
      vertex 29.5489 -30.4306 3
    endloop
  endfacet
  facet normal 0.32144 0.94693 0
    outer loop
      vertex 29.487 -30.4095 28
      vertex 29.5489 -30.4306 28
      vertex 29.5489 -30.4306 3
    endloop
  endfacet
  facet normal 0.27983 0.96005 0
    outer loop
      vertex 29.5489 -30.4306 3
      vertex 29.5489 -30.4306 28
      vertex 29.6118 -30.4489 3
    endloop
  endfacet
  facet normal 0.27983 0.96005 0
    outer loop
      vertex 29.5489 -30.4306 28
      vertex 29.6118 -30.4489 28
      vertex 29.6118 -30.4489 3
    endloop
  endfacet
  facet normal 0.237684 0.971343 0
    outer loop
      vertex 29.6118 -30.4489 3
      vertex 29.6118 -30.4489 28
      vertex 29.6753 -30.4644 3
    endloop
  endfacet
  facet normal 0.237684 0.971343 0
    outer loop
      vertex 29.6118 -30.4489 28
      vertex 29.6753 -30.4644 28
      vertex 29.6753 -30.4644 3
    endloop
  endfacet
  facet normal 0.195076 0.980788 0
    outer loop
      vertex 29.6753 -30.4644 3
      vertex 29.6753 -30.4644 28
      vertex 29.7395 -30.4772 3
    endloop
  endfacet
  facet normal 0.195076 0.980788 0
    outer loop
      vertex 29.6753 -30.4644 28
      vertex 29.7395 -30.4772 28
      vertex 29.7395 -30.4772 3
    endloop
  endfacet
  facet normal 0.152123 0.988361 0
    outer loop
      vertex 29.7395 -30.4772 3
      vertex 29.7395 -30.4772 28
      vertex 29.8042 -30.4872 3
    endloop
  endfacet
  facet normal 0.152123 0.988361 0
    outer loop
      vertex 29.7395 -30.4772 28
      vertex 29.8042 -30.4872 28
      vertex 29.8042 -30.4872 3
    endloop
  endfacet
  facet normal 0.108866 0.994056 0
    outer loop
      vertex 29.8042 -30.4872 3
      vertex 29.8042 -30.4872 28
      vertex 29.8693 -30.4943 3
    endloop
  endfacet
  facet normal 0.108866 0.994056 0
    outer loop
      vertex 29.8042 -30.4872 28
      vertex 29.8693 -30.4943 28
      vertex 29.8693 -30.4943 3
    endloop
  endfacet
  facet normal 0.0654044 0.997859 0
    outer loop
      vertex 29.8693 -30.4943 3
      vertex 29.8693 -30.4943 28
      vertex 29.9346 -30.4986 3
    endloop
  endfacet
  facet normal 0.0654044 0.997859 0
    outer loop
      vertex 29.8693 -30.4943 28
      vertex 29.9346 -30.4986 28
      vertex 29.9346 -30.4986 3
    endloop
  endfacet
  facet normal 0.0218299 0.999762 0
    outer loop
      vertex 29.9346 -30.4986 3
      vertex 29.9346 -30.4986 28
      vertex 30 -30.5 3
    endloop
  endfacet
  facet normal 0.0218299 0.999762 0
    outer loop
      vertex 29.9346 -30.4986 28
      vertex 30 -30.5 28
      vertex 30 -30.5 3
    endloop
  endfacet
  facet normal -0.0218299 0.999762 0
    outer loop
      vertex 30 -30.5 3
      vertex 30 -30.5 28
      vertex 30.0654 -30.4986 3
    endloop
  endfacet
  facet normal -0.0218299 0.999762 0
    outer loop
      vertex 30 -30.5 28
      vertex 30.0654 -30.4986 28
      vertex 30.0654 -30.4986 3
    endloop
  endfacet
  facet normal -0.0654044 0.997859 0
    outer loop
      vertex 30.0654 -30.4986 3
      vertex 30.0654 -30.4986 28
      vertex 30.1307 -30.4943 3
    endloop
  endfacet
  facet normal -0.0654044 0.997859 0
    outer loop
      vertex 30.0654 -30.4986 28
      vertex 30.1307 -30.4943 28
      vertex 30.1307 -30.4943 3
    endloop
  endfacet
  facet normal -0.108863 0.994057 0
    outer loop
      vertex 30.1307 -30.4943 3
      vertex 30.1307 -30.4943 28
      vertex 30.1958 -30.4872 3
    endloop
  endfacet
  facet normal -0.108863 0.994057 0
    outer loop
      vertex 30.1307 -30.4943 28
      vertex 30.1958 -30.4872 28
      vertex 30.1958 -30.4872 3
    endloop
  endfacet
  facet normal -0.152128 0.988361 0
    outer loop
      vertex 30.1958 -30.4872 3
      vertex 30.1958 -30.4872 28
      vertex 30.2605 -30.4772 3
    endloop
  endfacet
  facet normal -0.152128 0.988361 0
    outer loop
      vertex 30.1958 -30.4872 28
      vertex 30.2605 -30.4772 28
      vertex 30.2605 -30.4772 3
    endloop
  endfacet
  facet normal -0.195071 0.980789 0
    outer loop
      vertex 30.2605 -30.4772 3
      vertex 30.2605 -30.4772 28
      vertex 30.3247 -30.4644 3
    endloop
  endfacet
  facet normal -0.195071 0.980789 0
    outer loop
      vertex 30.2605 -30.4772 28
      vertex 30.3247 -30.4644 28
      vertex 30.3247 -30.4644 3
    endloop
  endfacet
  facet normal -0.237684 0.971343 0
    outer loop
      vertex 30.3247 -30.4644 3
      vertex 30.3247 -30.4644 28
      vertex 30.3882 -30.4489 3
    endloop
  endfacet
  facet normal -0.237684 0.971343 0
    outer loop
      vertex 30.3247 -30.4644 28
      vertex 30.3882 -30.4489 28
      vertex 30.3882 -30.4489 3
    endloop
  endfacet
  facet normal -0.27983 0.96005 0
    outer loop
      vertex 30.3882 -30.4489 3
      vertex 30.3882 -30.4489 28
      vertex 30.4511 -30.4306 3
    endloop
  endfacet
  facet normal -0.27983 0.96005 0
    outer loop
      vertex 30.3882 -30.4489 28
      vertex 30.4511 -30.4306 28
      vertex 30.4511 -30.4306 3
    endloop
  endfacet
  facet normal -0.321449 0.946927 0
    outer loop
      vertex 30.4511 -30.4306 3
      vertex 30.4511 -30.4306 28
      vertex 30.513 -30.4095 3
    endloop
  endfacet
  facet normal -0.321449 0.946927 0
    outer loop
      vertex 30.4511 -30.4306 28
      vertex 30.513 -30.4095 28
      vertex 30.513 -30.4095 3
    endloop
  endfacet
  facet normal -0.362423 0.932014 0
    outer loop
      vertex 30.513 -30.4095 3
      vertex 30.513 -30.4095 28
      vertex 30.574 -30.3858 3
    endloop
  endfacet
  facet normal -0.362423 0.932014 0
    outer loop
      vertex 30.513 -30.4095 28
      vertex 30.574 -30.3858 28
      vertex 30.574 -30.3858 3
    endloop
  endfacet
  facet normal -0.402753 0.915309 0
    outer loop
      vertex 30.574 -30.3858 3
      vertex 30.574 -30.3858 28
      vertex 30.6339 -30.3595 3
    endloop
  endfacet
  facet normal -0.402753 0.915309 0
    outer loop
      vertex 30.574 -30.3858 28
      vertex 30.6339 -30.3595 28
      vertex 30.6339 -30.3595 3
    endloop
  endfacet
  facet normal -0.4423 0.896867 0
    outer loop
      vertex 30.6339 -30.3595 3
      vertex 30.6339 -30.3595 28
      vertex 30.6926 -30.3305 3
    endloop
  endfacet
  facet normal -0.4423 0.896867 0
    outer loop
      vertex 30.6339 -30.3595 28
      vertex 30.6926 -30.3305 28
      vertex 30.6926 -30.3305 3
    endloop
  endfacet
  facet normal -0.480984 0.876729 0
    outer loop
      vertex 30.6926 -30.3305 3
      vertex 30.6926 -30.3305 28
      vertex 30.75 -30.299 3
    endloop
  endfacet
  facet normal -0.480984 0.876729 0
    outer loop
      vertex 30.6926 -30.3305 28
      vertex 30.75 -30.299 28
      vertex 30.75 -30.299 3
    endloop
  endfacet
  facet normal -0.518775 0.854911 0
    outer loop
      vertex 30.75 -30.299 3
      vertex 30.75 -30.299 28
      vertex 30.8059 -30.2651 3
    endloop
  endfacet
  facet normal -0.518775 0.854911 0
    outer loop
      vertex 30.75 -30.299 28
      vertex 30.8059 -30.2651 28
      vertex 30.8059 -30.2651 3
    endloop
  endfacet
  facet normal -0.555567 0.831472 0
    outer loop
      vertex 30.8059 -30.2651 3
      vertex 30.8059 -30.2651 28
      vertex 30.8604 -30.2287 3
    endloop
  endfacet
  facet normal -0.555567 0.831472 0
    outer loop
      vertex 30.8059 -30.2651 28
      vertex 30.8604 -30.2287 28
      vertex 30.8604 -30.2287 3
    endloop
  endfacet
  facet normal -0.591308 0.806446 0
    outer loop
      vertex 30.8604 -30.2287 3
      vertex 30.8604 -30.2287 28
      vertex 30.9131 -30.19 3
    endloop
  endfacet
  facet normal -0.591308 0.806446 0
    outer loop
      vertex 30.8604 -30.2287 28
      vertex 30.9131 -30.19 28
      vertex 30.9131 -30.19 3
    endloop
  endfacet
  facet normal -0.62593 0.779879 0
    outer loop
      vertex 30.9131 -30.19 3
      vertex 30.9131 -30.19 28
      vertex 30.9642 -30.1491 3
    endloop
  endfacet
  facet normal -0.62593 0.779879 0
    outer loop
      vertex 30.9131 -30.19 28
      vertex 30.9642 -30.1491 28
      vertex 30.9642 -30.1491 3
    endloop
  endfacet
  facet normal -0.659342 0.751843 0
    outer loop
      vertex 30.9642 -30.1491 3
      vertex 30.9642 -30.1491 28
      vertex 31.0134 -30.1059 3
    endloop
  endfacet
  facet normal -0.659342 0.751843 0
    outer loop
      vertex 30.9642 -30.1491 28
      vertex 31.0134 -30.1059 28
      vertex 31.0134 -30.1059 3
    endloop
  endfacet
  facet normal -0.691513 0.722364 0
    outer loop
      vertex 31.0134 -30.1059 3
      vertex 31.0134 -30.1059 28
      vertex 31.0607 -30.0607 3
    endloop
  endfacet
  facet normal -0.691513 0.722364 0
    outer loop
      vertex 31.0134 -30.1059 28
      vertex 31.0607 -30.0607 28
      vertex 31.0607 -30.0607 3
    endloop
  endfacet
  facet normal -0.722365 0.691512 0
    outer loop
      vertex 31.0607 -30.0607 3
      vertex 31.0607 -30.0607 28
      vertex 31.1059 -30.0134 3
    endloop
  endfacet
  facet normal -0.722365 0.691512 0
    outer loop
      vertex 31.0607 -30.0607 28
      vertex 31.1059 -30.0134 28
      vertex 31.1059 -30.0134 3
    endloop
  endfacet
  facet normal -0.751841 0.659344 0
    outer loop
      vertex 31.1059 -30.0134 3
      vertex 31.1059 -30.0134 28
      vertex 31.1491 -29.9642 3
    endloop
  endfacet
  facet normal -0.751841 0.659344 0
    outer loop
      vertex 31.1059 -30.0134 28
      vertex 31.1491 -29.9642 28
      vertex 31.1491 -29.9642 3
    endloop
  endfacet
  facet normal -0.779879 0.62593 0
    outer loop
      vertex 31.1491 -29.9642 3
      vertex 31.1491 -29.9642 28
      vertex 31.19 -29.9131 3
    endloop
  endfacet
  facet normal -0.779879 0.62593 0
    outer loop
      vertex 31.1491 -29.9642 28
      vertex 31.19 -29.9131 28
      vertex 31.19 -29.9131 3
    endloop
  endfacet
  facet normal -0.806446 0.591308 0
    outer loop
      vertex 31.19 -29.9131 3
      vertex 31.19 -29.9131 28
      vertex 31.2287 -29.8604 3
    endloop
  endfacet
  facet normal -0.806446 0.591308 0
    outer loop
      vertex 31.19 -29.9131 28
      vertex 31.2287 -29.8604 28
      vertex 31.2287 -29.8604 3
    endloop
  endfacet
  facet normal -0.831472 0.555567 0
    outer loop
      vertex 31.2287 -29.8604 3
      vertex 31.2287 -29.8604 28
      vertex 31.2651 -29.8059 3
    endloop
  endfacet
  facet normal -0.831472 0.555567 0
    outer loop
      vertex 31.2287 -29.8604 28
      vertex 31.2651 -29.8059 28
      vertex 31.2651 -29.8059 3
    endloop
  endfacet
  facet normal -0.854898 0.518796 0
    outer loop
      vertex 31.2651 -29.8059 3
      vertex 31.2651 -29.8059 28
      vertex 31.299 -29.75 3
    endloop
  endfacet
  facet normal -0.854898 0.518796 0
    outer loop
      vertex 31.2651 -29.8059 28
      vertex 31.299 -29.75 28
      vertex 31.299 -29.75 3
    endloop
  endfacet
  facet normal -0.876747 0.480953 0
    outer loop
      vertex 31.299 -29.75 3
      vertex 31.299 -29.75 28
      vertex 31.3305 -29.6926 3
    endloop
  endfacet
  facet normal -0.876747 0.480953 0
    outer loop
      vertex 31.299 -29.75 28
      vertex 31.3305 -29.6926 28
      vertex 31.3305 -29.6926 3
    endloop
  endfacet
  facet normal -0.896873 0.442289 0
    outer loop
      vertex 31.3305 -29.6926 3
      vertex 31.3305 -29.6926 28
      vertex 31.3595 -29.6339 3
    endloop
  endfacet
  facet normal -0.896873 0.442289 0
    outer loop
      vertex 31.3305 -29.6926 28
      vertex 31.3595 -29.6339 28
      vertex 31.3595 -29.6339 3
    endloop
  endfacet
  facet normal -0.915298 0.402777 0
    outer loop
      vertex 31.3595 -29.6339 3
      vertex 31.3595 -29.6339 28
      vertex 31.3858 -29.574 3
    endloop
  endfacet
  facet normal -0.915298 0.402777 0
    outer loop
      vertex 31.3595 -29.6339 28
      vertex 31.3858 -29.574 28
      vertex 31.3858 -29.574 3
    endloop
  endfacet
  facet normal -0.932014 0.362423 0
    outer loop
      vertex 31.3858 -29.574 3
      vertex 31.3858 -29.574 28
      vertex 31.4095 -29.513 3
    endloop
  endfacet
  facet normal -0.932014 0.362423 0
    outer loop
      vertex 31.3858 -29.574 28
      vertex 31.4095 -29.513 28
      vertex 31.4095 -29.513 3
    endloop
  endfacet
  facet normal -0.946927 0.321449 0
    outer loop
      vertex 31.4095 -29.513 3
      vertex 31.4095 -29.513 28
      vertex 31.4306 -29.4511 3
    endloop
  endfacet
  facet normal -0.946927 0.321449 0
    outer loop
      vertex 31.4095 -29.513 28
      vertex 31.4306 -29.4511 28
      vertex 31.4306 -29.4511 3
    endloop
  endfacet
  facet normal -0.96005 0.27983 0
    outer loop
      vertex 31.4306 -29.4511 3
      vertex 31.4306 -29.4511 28
      vertex 31.4489 -29.3882 3
    endloop
  endfacet
  facet normal -0.96005 0.27983 0
    outer loop
      vertex 31.4306 -29.4511 28
      vertex 31.4489 -29.3882 28
      vertex 31.4489 -29.3882 3
    endloop
  endfacet
  facet normal -0.971349 0.237657 0
    outer loop
      vertex 31.4489 -29.3882 3
      vertex 31.4489 -29.3882 28
      vertex 31.4644 -29.3247 3
    endloop
  endfacet
  facet normal -0.971349 0.237657 0
    outer loop
      vertex 31.4489 -29.3882 28
      vertex 31.4644 -29.3247 28
      vertex 31.4644 -29.3247 3
    endloop
  endfacet
  facet normal -0.980778 0.195125 0
    outer loop
      vertex 31.4644 -29.3247 3
      vertex 31.4644 -29.3247 28
      vertex 31.4772 -29.2605 3
    endloop
  endfacet
  facet normal -0.980778 0.195125 0
    outer loop
      vertex 31.4644 -29.3247 28
      vertex 31.4772 -29.2605 28
      vertex 31.4772 -29.2605 3
    endloop
  endfacet
  facet normal -0.988365 0.1521 0
    outer loop
      vertex 31.4772 -29.2605 3
      vertex 31.4772 -29.2605 28
      vertex 31.4872 -29.1958 3
    endloop
  endfacet
  facet normal -0.988365 0.1521 0
    outer loop
      vertex 31.4772 -29.2605 28
      vertex 31.4872 -29.1958 28
      vertex 31.4872 -29.1958 3
    endloop
  endfacet
  facet normal -0.994053 0.108894 0
    outer loop
      vertex 31.4872 -29.1958 3
      vertex 31.4872 -29.1958 28
      vertex 31.4943 -29.1307 3
    endloop
  endfacet
  facet normal -0.994053 0.108894 0
    outer loop
      vertex 31.4872 -29.1958 28
      vertex 31.4943 -29.1307 28
      vertex 31.4943 -29.1307 3
    endloop
  endfacet
  facet normal -0.997859 0.0654026 0
    outer loop
      vertex 31.4943 -29.1307 3
      vertex 31.4943 -29.1307 28
      vertex 31.4986 -29.0654 3
    endloop
  endfacet
  facet normal -0.997859 0.0654026 0
    outer loop
      vertex 31.4943 -29.1307 28
      vertex 31.4986 -29.0654 28
      vertex 31.4986 -29.0654 3
    endloop
  endfacet
  facet normal -0.999762 0.0218014 0
    outer loop
      vertex 31.4986 -29.0654 3
      vertex 31.4986 -29.0654 28
      vertex 31.5 -29 3
    endloop
  endfacet
  facet normal -0.999762 0.0218014 0
    outer loop
      vertex 31.4986 -29.0654 28
      vertex 31.5 -29 28
      vertex 31.5 -29 3
    endloop
  endfacet
  facet normal -0.999762 -0.0218014 0
    outer loop
      vertex 31.5 -29 3
      vertex 31.5 -29 28
      vertex 31.4986 -28.9346 3
    endloop
  endfacet
  facet normal -0.999762 -0.0218014 0
    outer loop
      vertex 31.5 -29 28
      vertex 31.4986 -28.9346 28
      vertex 31.4986 -28.9346 3
    endloop
  endfacet
  facet normal -0.997859 -0.0654044 0
    outer loop
      vertex 31.4986 -28.9346 3
      vertex 31.4986 -28.9346 28
      vertex 31.4943 -28.8693 3
    endloop
  endfacet
  facet normal -0.997859 -0.0654044 0
    outer loop
      vertex 31.4986 -28.9346 28
      vertex 31.4943 -28.8693 28
      vertex 31.4943 -28.8693 3
    endloop
  endfacet
  facet normal -0.994053 -0.108894 0
    outer loop
      vertex 31.4943 -28.8693 3
      vertex 31.4943 -28.8693 28
      vertex 31.4872 -28.8042 3
    endloop
  endfacet
  facet normal -0.994053 -0.108894 0
    outer loop
      vertex 31.4943 -28.8693 28
      vertex 31.4872 -28.8042 28
      vertex 31.4872 -28.8042 3
    endloop
  endfacet
  facet normal -0.988366 -0.152096 0
    outer loop
      vertex 31.4872 -28.8042 3
      vertex 31.4872 -28.8042 28
      vertex 31.4772 -28.7395 3
    endloop
  endfacet
  facet normal -0.988366 -0.152096 0
    outer loop
      vertex 31.4872 -28.8042 28
      vertex 31.4772 -28.7395 28
      vertex 31.4772 -28.7395 3
    endloop
  endfacet
  facet normal -0.980777 -0.195131 0
    outer loop
      vertex 31.4772 -28.7395 3
      vertex 31.4772 -28.7395 28
      vertex 31.4644 -28.6753 3
    endloop
  endfacet
  facet normal -0.980777 -0.195131 0
    outer loop
      vertex 31.4772 -28.7395 28
      vertex 31.4644 -28.6753 28
      vertex 31.4644 -28.6753 3
    endloop
  endfacet
  facet normal -0.971349 -0.237657 0
    outer loop
      vertex 31.4644 -28.6753 3
      vertex 31.4644 -28.6753 28
      vertex 31.4489 -28.6118 3
    endloop
  endfacet
  facet normal -0.971349 -0.237657 0
    outer loop
      vertex 31.4644 -28.6753 28
      vertex 31.4489 -28.6118 28
      vertex 31.4489 -28.6118 3
    endloop
  endfacet
  facet normal -0.96005 -0.27983 0
    outer loop
      vertex 31.4489 -28.6118 3
      vertex 31.4489 -28.6118 28
      vertex 31.4306 -28.5489 3
    endloop
  endfacet
  facet normal -0.96005 -0.27983 0
    outer loop
      vertex 31.4489 -28.6118 28
      vertex 31.4306 -28.5489 28
      vertex 31.4306 -28.5489 3
    endloop
  endfacet
  facet normal -0.94693 -0.32144 0
    outer loop
      vertex 31.4306 -28.5489 3
      vertex 31.4306 -28.5489 28
      vertex 31.4095 -28.487 3
    endloop
  endfacet
  facet normal -0.94693 -0.32144 0
    outer loop
      vertex 31.4306 -28.5489 28
      vertex 31.4095 -28.487 28
      vertex 31.4095 -28.487 3
    endloop
  endfacet
  facet normal -0.93201 -0.362433 0
    outer loop
      vertex 31.4095 -28.487 3
      vertex 31.4095 -28.487 28
      vertex 31.3858 -28.426 3
    endloop
  endfacet
  facet normal -0.93201 -0.362433 0
    outer loop
      vertex 31.4095 -28.487 28
      vertex 31.3858 -28.426 28
      vertex 31.3858 -28.426 3
    endloop
  endfacet
  facet normal -0.915298 -0.402777 0
    outer loop
      vertex 31.3858 -28.426 3
      vertex 31.3858 -28.426 28
      vertex 31.3595 -28.3661 3
    endloop
  endfacet
  facet normal -0.915298 -0.402777 0
    outer loop
      vertex 31.3858 -28.426 28
      vertex 31.3595 -28.3661 28
      vertex 31.3595 -28.3661 3
    endloop
  endfacet
  facet normal -0.896873 -0.442289 0
    outer loop
      vertex 31.3595 -28.3661 3
      vertex 31.3595 -28.3661 28
      vertex 31.3305 -28.3074 3
    endloop
  endfacet
  facet normal -0.896873 -0.442289 0
    outer loop
      vertex 31.3595 -28.3661 28
      vertex 31.3305 -28.3074 28
      vertex 31.3305 -28.3074 3
    endloop
  endfacet
  facet normal -0.876747 -0.480953 0
    outer loop
      vertex 31.3305 -28.3074 3
      vertex 31.3305 -28.3074 28
      vertex 31.299 -28.25 3
    endloop
  endfacet
  facet normal -0.876747 -0.480953 0
    outer loop
      vertex 31.3305 -28.3074 28
      vertex 31.299 -28.25 28
      vertex 31.299 -28.25 3
    endloop
  endfacet
  facet normal -0.854898 -0.518796 0
    outer loop
      vertex 31.299 -28.25 3
      vertex 31.299 -28.25 28
      vertex 31.2651 -28.1941 3
    endloop
  endfacet
  facet normal -0.854898 -0.518796 0
    outer loop
      vertex 31.299 -28.25 28
      vertex 31.2651 -28.1941 28
      vertex 31.2651 -28.1941 3
    endloop
  endfacet
  facet normal -0.831472 -0.555567 0
    outer loop
      vertex 31.2651 -28.1941 3
      vertex 31.2651 -28.1941 28
      vertex 31.2287 -28.1396 3
    endloop
  endfacet
  facet normal -0.831472 -0.555567 0
    outer loop
      vertex 31.2651 -28.1941 28
      vertex 31.2287 -28.1396 28
      vertex 31.2287 -28.1396 3
    endloop
  endfacet
  facet normal -0.806446 -0.591308 0
    outer loop
      vertex 31.2287 -28.1396 3
      vertex 31.2287 -28.1396 28
      vertex 31.19 -28.0869 3
    endloop
  endfacet
  facet normal -0.806446 -0.591308 0
    outer loop
      vertex 31.2287 -28.1396 28
      vertex 31.19 -28.0869 28
      vertex 31.19 -28.0869 3
    endloop
  endfacet
  facet normal -0.77989 -0.625916 0
    outer loop
      vertex 31.19 -28.0869 3
      vertex 31.19 -28.0869 28
      vertex 31.1491 -28.0358 3
    endloop
  endfacet
  facet normal -0.77989 -0.625916 0
    outer loop
      vertex 31.19 -28.0869 28
      vertex 31.1491 -28.0358 28
      vertex 31.1491 -28.0358 3
    endloop
  endfacet
  facet normal -0.751829 -0.659359 0
    outer loop
      vertex 31.1491 -28.0358 3
      vertex 31.1491 -28.0358 28
      vertex 31.1059 -27.9866 3
    endloop
  endfacet
  facet normal -0.751829 -0.659359 0
    outer loop
      vertex 31.1491 -28.0358 28
      vertex 31.1059 -27.9866 28
      vertex 31.1059 -27.9866 3
    endloop
  endfacet
  facet normal -0.722365 -0.691512 0
    outer loop
      vertex 31.1059 -27.9866 3
      vertex 31.1059 -27.9866 28
      vertex 31.0607 -27.9393 3
    endloop
  endfacet
  facet normal -0.722365 -0.691512 0
    outer loop
      vertex 31.1059 -27.9866 28
      vertex 31.0607 -27.9393 28
      vertex 31.0607 -27.9393 3
    endloop
  endfacet
  facet normal -0.691513 -0.722364 0
    outer loop
      vertex 31.0607 -27.9393 3
      vertex 31.0607 -27.9393 28
      vertex 31.0134 -27.8941 3
    endloop
  endfacet
  facet normal -0.691513 -0.722364 0
    outer loop
      vertex 31.0607 -27.9393 28
      vertex 31.0134 -27.8941 28
      vertex 31.0134 -27.8941 3
    endloop
  endfacet
  facet normal -0.659342 -0.751843 0
    outer loop
      vertex 31.0134 -27.8941 3
      vertex 31.0134 -27.8941 28
      vertex 30.9642 -27.8509 3
    endloop
  endfacet
  facet normal -0.659342 -0.751843 0
    outer loop
      vertex 31.0134 -27.8941 28
      vertex 30.9642 -27.8509 28
      vertex 30.9642 -27.8509 3
    endloop
  endfacet
  facet normal -0.62593 -0.779879 0
    outer loop
      vertex 30.9642 -27.8509 3
      vertex 30.9642 -27.8509 28
      vertex 30.9131 -27.81 3
    endloop
  endfacet
  facet normal -0.62593 -0.779879 0
    outer loop
      vertex 30.9642 -27.8509 28
      vertex 30.9131 -27.81 28
      vertex 30.9131 -27.81 3
    endloop
  endfacet
  facet normal -0.591308 -0.806446 0
    outer loop
      vertex 30.9131 -27.81 3
      vertex 30.9131 -27.81 28
      vertex 30.8604 -27.7713 3
    endloop
  endfacet
  facet normal -0.591308 -0.806446 0
    outer loop
      vertex 30.9131 -27.81 28
      vertex 30.8604 -27.7713 28
      vertex 30.8604 -27.7713 3
    endloop
  endfacet
  facet normal -0.555567 -0.831472 0
    outer loop
      vertex 30.8604 -27.7713 3
      vertex 30.8604 -27.7713 28
      vertex 30.8059 -27.7349 3
    endloop
  endfacet
  facet normal -0.555567 -0.831472 0
    outer loop
      vertex 30.8604 -27.7713 28
      vertex 30.8059 -27.7349 28
      vertex 30.8059 -27.7349 3
    endloop
  endfacet
  facet normal -0.518775 -0.854911 0
    outer loop
      vertex 30.8059 -27.7349 3
      vertex 30.8059 -27.7349 28
      vertex 30.75 -27.701 3
    endloop
  endfacet
  facet normal -0.518775 -0.854911 0
    outer loop
      vertex 30.8059 -27.7349 28
      vertex 30.75 -27.701 28
      vertex 30.75 -27.701 3
    endloop
  endfacet
  facet normal -0.480984 -0.876729 0
    outer loop
      vertex 30.75 -27.701 3
      vertex 30.75 -27.701 28
      vertex 30.6926 -27.6695 3
    endloop
  endfacet
  facet normal -0.480984 -0.876729 0
    outer loop
      vertex 30.75 -27.701 28
      vertex 30.6926 -27.6695 28
      vertex 30.6926 -27.6695 3
    endloop
  endfacet
  facet normal -0.4423 -0.896867 0
    outer loop
      vertex 30.6926 -27.6695 3
      vertex 30.6926 -27.6695 28
      vertex 30.6339 -27.6405 3
    endloop
  endfacet
  facet normal -0.4423 -0.896867 0
    outer loop
      vertex 30.6926 -27.6695 28
      vertex 30.6339 -27.6405 28
      vertex 30.6339 -27.6405 3
    endloop
  endfacet
  facet normal -0.402753 -0.915309 0
    outer loop
      vertex 30.6339 -27.6405 3
      vertex 30.6339 -27.6405 28
      vertex 30.574 -27.6142 3
    endloop
  endfacet
  facet normal -0.402753 -0.915309 0
    outer loop
      vertex 30.6339 -27.6405 28
      vertex 30.574 -27.6142 28
      vertex 30.574 -27.6142 3
    endloop
  endfacet
  facet normal -0.362423 -0.932014 0
    outer loop
      vertex 30.574 -27.6142 3
      vertex 30.574 -27.6142 28
      vertex 30.513 -27.5905 3
    endloop
  endfacet
  facet normal -0.362423 -0.932014 0
    outer loop
      vertex 30.574 -27.6142 28
      vertex 30.513 -27.5905 28
      vertex 30.513 -27.5905 3
    endloop
  endfacet
  facet normal -0.321449 -0.946927 0
    outer loop
      vertex 30.513 -27.5905 3
      vertex 30.513 -27.5905 28
      vertex 30.4511 -27.5694 3
    endloop
  endfacet
  facet normal -0.321449 -0.946927 0
    outer loop
      vertex 30.513 -27.5905 28
      vertex 30.4511 -27.5694 28
      vertex 30.4511 -27.5694 3
    endloop
  endfacet
  facet normal -0.27983 -0.96005 0
    outer loop
      vertex 30.4511 -27.5694 3
      vertex 30.4511 -27.5694 28
      vertex 30.3882 -27.5511 3
    endloop
  endfacet
  facet normal -0.27983 -0.96005 0
    outer loop
      vertex 30.4511 -27.5694 28
      vertex 30.3882 -27.5511 28
      vertex 30.3882 -27.5511 3
    endloop
  endfacet
  facet normal -0.237684 -0.971343 0
    outer loop
      vertex 30.3882 -27.5511 3
      vertex 30.3882 -27.5511 28
      vertex 30.3247 -27.5356 3
    endloop
  endfacet
  facet normal -0.237684 -0.971343 0
    outer loop
      vertex 30.3882 -27.5511 28
      vertex 30.3247 -27.5356 28
      vertex 30.3247 -27.5356 3
    endloop
  endfacet
  facet normal -0.195098 -0.980784 0
    outer loop
      vertex 30.3247 -27.5356 3
      vertex 30.3247 -27.5356 28
      vertex 30.2605 -27.5228 3
    endloop
  endfacet
  facet normal -0.195098 -0.980784 0
    outer loop
      vertex 30.3247 -27.5356 28
      vertex 30.2605 -27.5228 28
      vertex 30.2605 -27.5228 3
    endloop
  endfacet
  facet normal -0.1521 -0.988365 0
    outer loop
      vertex 30.2605 -27.5228 3
      vertex 30.2605 -27.5228 28
      vertex 30.1958 -27.5128 3
    endloop
  endfacet
  facet normal -0.1521 -0.988365 0
    outer loop
      vertex 30.2605 -27.5228 28
      vertex 30.1958 -27.5128 28
      vertex 30.1958 -27.5128 3
    endloop
  endfacet
  facet normal -0.108863 -0.994057 0
    outer loop
      vertex 30.1958 -27.5128 3
      vertex 30.1958 -27.5128 28
      vertex 30.1307 -27.5057 3
    endloop
  endfacet
  facet normal -0.108863 -0.994057 0
    outer loop
      vertex 30.1958 -27.5128 28
      vertex 30.1307 -27.5057 28
      vertex 30.1307 -27.5057 3
    endloop
  endfacet
  facet normal -0.0654044 -0.997859 0
    outer loop
      vertex 30.1307 -27.5057 3
      vertex 30.1307 -27.5057 28
      vertex 30.0654 -27.5014 3
    endloop
  endfacet
  facet normal -0.0654044 -0.997859 0
    outer loop
      vertex 30.1307 -27.5057 28
      vertex 30.0654 -27.5014 28
      vertex 30.0654 -27.5014 3
    endloop
  endfacet
  facet normal -0.0218299 -0.999762 0
    outer loop
      vertex 30.0654 -27.5014 3
      vertex 30.0654 -27.5014 28
      vertex 30 -27.5 3
    endloop
  endfacet
  facet normal -0.0218299 -0.999762 0
    outer loop
      vertex 30.0654 -27.5014 28
      vertex 30 -27.5 28
      vertex 30 -27.5 3
    endloop
  endfacet
  facet normal 0 -1 0
    outer loop
      vertex 28.5 29 28
      vertex -28.5 29 28
      vertex 28.5 29 3
    endloop
  endfacet
  facet normal 0 -1 0
    outer loop
      vertex -28.5 29 28
      vertex -28.5 29 3
      vertex 28.5 29 3
    endloop
  endfacet
  facet normal 0 0 1
    outer loop
      vertex -39 -17 3
      vertex -42 -32 3
      vertex -36 -17 3
    endloop
  endfacet
  facet normal 0 0 1
    outer loop
      vertex -42 -32 3
      vertex -33 -32 3
      vertex -36 -17 3
    endloop
  endfacet
  facet normal 0 0 1
    outer loop
      vertex -36 -17 3
      vertex -33 -32 3
      vertex -36 -4 3
    endloop
  endfacet
  facet normal 0 0 1
    outer loop
      vertex -33 -32 3
      vertex -33 32 3
      vertex -36 -4 3
    endloop
  endfacet
  facet normal 0 0 1
    outer loop
      vertex -33 32 3
      vertex -36 15 3
      vertex -36 -4 3
    endloop
  endfacet
  facet normal 0 0 1
    outer loop
      vertex -36 -4 3
      vertex -36 15 3
      vertex -39 -4 3
    endloop
  endfacet
  facet normal 0 0 1
    outer loop
      vertex -36 15 3
      vertex -39 15 3
      vertex -39 -4 3
    endloop
  endfacet
  facet normal 0 0 1
    outer loop
      vertex -39 -17 3
      vertex -39 -4 3
      vertex -42 -32 3
    endloop
  endfacet
  facet normal 0 0 1
    outer loop
      vertex -39 -4 3
      vertex -39 15 3
      vertex -42 -32 3
    endloop
  endfacet
  facet normal 0 0 1
    outer loop
      vertex -42 -32 3
      vertex -39 15 3
      vertex -42 32 3
    endloop
  endfacet
  facet normal 0 0 1
    outer loop
      vertex -39 15 3
      vertex -39 28 3
      vertex -42 32 3
    endloop
  endfacet
  facet normal 0 0 1
    outer loop
      vertex -42 32 3
      vertex -39 28 3
      vertex -33 32 3
    endloop
  endfacet
  facet normal 0 0 1
    outer loop
      vertex -39 28 3
      vertex -36 28 3
      vertex -33 32 3
    endloop
  endfacet
  facet normal 0 0 1
    outer loop
      vertex -33 32 3
      vertex -36 28 3
      vertex -36 15 3
    endloop
  endfacet
  facet normal -1 0 0
    outer loop
      vertex -42 -32 0
      vertex -42 -32 3
      vertex -42 8.25 0
    endloop
  endfacet
  facet normal -1 0 0
    outer loop
      vertex -42 -32 3
      vertex -42 32 3
      vertex -42 8.25 0
    endloop
  endfacet
  facet normal -1 0 0
    outer loop
      vertex -42 8.25 0
      vertex -42 32 3
      vertex -42 32 0
    endloop
  endfacet
  facet normal 0 -1 0
    outer loop
      vertex -36 -4 3
      vertex -39 -4 3
      vertex -36 -4 0
    endloop
  endfacet
  facet normal 0 -1 0
    outer loop
      vertex -39 -4 3
      vertex -39 -4 0
      vertex -36 -4 0
    endloop
  endfacet
  facet normal 0 0 1
    outer loop
      vertex 36 -4 3
      vertex 33 32 3
      vertex 33 -32 3
    endloop
  endfacet
  facet normal 0 0 1
    outer loop
      vertex 39 -4 3
      vertex 39 -17 3
      vertex 42 -32 3
    endloop
  endfacet
  facet normal 0 0 1
    outer loop
      vertex 42 -32 3
      vertex 39 -17 3
      vertex 33 -32 3
    endloop
  endfacet
  facet normal 0 0 1
    outer loop
      vertex 39 -17 3
      vertex 36 -17 3
      vertex 33 -32 3
    endloop
  endfacet
  facet normal 0 0 1
    outer loop
      vertex 33 -32 3
      vertex 36 -17 3
      vertex 36 -4 3
    endloop
  endfacet
  facet normal 0 0 1
    outer loop
      vertex 42 -32 3
      vertex 42 32 3
      vertex 39 -4 3
    endloop
  endfacet
  facet normal 0 0 1
    outer loop
      vertex 42 32 3
      vertex 39 9 3
      vertex 39 -4 3
    endloop
  endfacet
  facet normal 0 0 1
    outer loop
      vertex 39 -4 3
      vertex 39 9 3
      vertex 36 -4 3
    endloop
  endfacet
  facet normal 0 0 1
    outer loop
      vertex 39 9 3
      vertex 36 9 3
      vertex 36 -4 3
    endloop
  endfacet
  facet normal 0 0 1
    outer loop
      vertex 36 -4 3
      vertex 36 9 3
      vertex 33 32 3
    endloop
  endfacet
  facet normal 0 0 1
    outer loop
      vertex 36 9 3
      vertex 36 22 3
      vertex 33 32 3
    endloop
  endfacet
  facet normal 0 0 1
    outer loop
      vertex 33 32 3
      vertex 36 22 3
      vertex 42 32 3
    endloop
  endfacet
  facet normal 0 0 1
    outer loop
      vertex 36 22 3
      vertex 39 22 3
      vertex 42 32 3
    endloop
  endfacet
  facet normal 0 0 1
    outer loop
      vertex 42 32 3
      vertex 39 22 3
      vertex 39 9 3
    endloop
  endfacet
  facet normal 0 0 1
    outer loop
      vertex 31.5 29 28
      vertex 33 32 28
      vertex 31.4986 29.0654 28
    endloop
  endfacet
  facet normal 0 0 1
    outer loop
      vertex 33 32 28
      vertex 31.4943 29.1307 28
      vertex 31.4986 29.0654 28
    endloop
  endfacet
  facet normal 0 0 1
    outer loop
      vertex 11.5 32 28
      vertex 13.5 32 28
      vertex 11.5 42 28
    endloop
  endfacet
  facet normal 0 0 1
    outer loop
      vertex 13.5 32 28
      vertex 13.5 44 28
      vertex 11.5 42 28
    endloop
  endfacet
  facet normal 0 0 1
    outer loop
      vertex 11.5 42 28
      vertex 13.5 44 28
      vertex -11.5 42 28
    endloop
  endfacet
  facet normal 0 0 1
    outer loop
      vertex 13.5 44 28
      vertex -13.5 44 28
      vertex -11.5 42 28
    endloop
  endfacet
  facet normal 0 0 1
    outer loop
      vertex -11.5 42 28
      vertex -13.5 44 28
      vertex -11.5 32 28
    endloop
  endfacet
  facet normal 0 0 1
    outer loop
      vertex -13.5 44 28
      vertex -13.5 32 28
      vertex -11.5 32 28
    endloop
  endfacet
  facet normal 0 0 1
    outer loop
      vertex -29.8693 30.4943 28
      vertex -29.8042 30.4872 28
      vertex 13.5 32 28
    endloop
  endfacet
  facet normal 0 0 1
    outer loop
      vertex 29.5489 30.4306 28
      vertex 29.6118 30.4489 28
      vertex 13.5 32 28
    endloop
  endfacet
  facet normal 0 0 1
    outer loop
      vertex 11.5 32 28
      vertex -30.0654 30.4986 28
      vertex -30 30.5 28
    endloop
  endfacet
  facet normal 0 0 1
    outer loop
      vertex 11.5 32 28
      vertex -30 30.5 28
      vertex 13.5 32 28
    endloop
  endfacet
  facet normal 0 0 1
    outer loop
      vertex -30 30.5 28
      vertex -29.9346 30.4986 28
      vertex 13.5 32 28
    endloop
  endfacet
  facet normal 0 0 1
    outer loop
      vertex 13.5 32 28
      vertex -29.9346 30.4986 28
      vertex -29.8693 30.4943 28
    endloop
  endfacet
  facet normal 0 0 1
    outer loop
      vertex -28.5128 29.1958 28
      vertex -28.5057 29.1307 28
      vertex 13.5 32 28
    endloop
  endfacet
  facet normal 0 0 1
    outer loop
      vertex -28.5057 29.1307 28
      vertex -28.5014 29.0654 28
      vertex 13.5 32 28
    endloop
  endfacet
  facet normal 0 0 1
    outer loop
      vertex 31.4644 -28.6753 28
      vertex 31.4772 -28.7395 28
      vertex 33 -32 28
    endloop
  endfacet
  facet normal 0 0 1
    outer loop
      vertex 31.4772 -28.7395 28
      vertex 31.4872 -28.8042 28
      vertex 33 -32 28
    endloop
  endfacet
  facet normal 0 0 1
    outer loop
      vertex 33 -32 28
      vertex 31.4872 -28.8042 28
      vertex 31.4943 -28.8693 28
    endloop
  endfacet
  facet normal 0 0 1
    outer loop
      vertex 31.4943 -28.8693 28
      vertex 31.4986 -28.9346 28
      vertex 33 -32 28
    endloop
  endfacet
  facet normal 0 0 1
    outer loop
      vertex 31.4986 -28.9346 28
      vertex 31.5 -29 28
      vertex 33 -32 28
    endloop
  endfacet
  facet normal 0 0 1
    outer loop
      vertex 33 -32 28
      vertex 31.5 -29 28
      vertex 31.4986 -29.0654 28
    endloop
  endfacet
  facet normal 0 0 1
    outer loop
      vertex 31.4772 -29.2605 28
      vertex 31.4644 -29.3247 28
      vertex 33 -32 28
    endloop
  endfacet
  facet normal 0 0 1
    outer loop
      vertex 31.4644 -29.3247 28
      vertex 31.4489 -29.3882 28
      vertex 33 -32 28
    endloop
  endfacet
  facet normal 0 0 1
    outer loop
      vertex 33 -32 28
      vertex 31.4489 -29.3882 28
      vertex 31.4306 -29.4511 28
    endloop
  endfacet
  facet normal 0 0 1
    outer loop
      vertex -31.3595 -29.6339 28
      vertex -31.3858 -29.574 28
      vertex -33 -32 28
    endloop
  endfacet
  facet normal 0 0 1
    outer loop
      vertex -31.4872 -29.1958 28
      vertex -31.4943 -29.1307 28
      vertex -33 -32 28
    endloop
  endfacet
  facet normal 0 0 1
    outer loop
      vertex -31.4943 -29.1307 28
      vertex -31.4986 -29.0654 28
      vertex -33 -32 28
    endloop
  endfacet
  facet normal 0 0 1
    outer loop
      vertex -33 -32 28
      vertex -31.4986 -29.0654 28
      vertex -31.5 -29 28
    endloop
  endfacet
  facet normal 0 0 1
    outer loop
      vertex -28.5014 29.0654 28
      vertex -28.5 29 28
      vertex 13.5 32 28
    endloop
  endfacet
  facet normal 0 0 1
    outer loop
      vertex -28.5 29 28
      vertex 28.5 29 28
      vertex 13.5 32 28
    endloop
  endfacet
  facet normal 0 0 1
    outer loop
      vertex 13.5 32 28
      vertex 28.5 29 28
      vertex 28.5014 29.0654 28
    endloop
  endfacet
  facet normal 0 0 1
    outer loop
      vertex 28.701 29.75 28
      vertex 13.5 32 28
      vertex 28.6695 29.6926 28
    endloop
  endfacet
  facet normal 0 0 1
    outer loop
      vertex 13.5 32 28
      vertex 28.6405 29.6339 28
      vertex 28.6695 29.6926 28
    endloop
  endfacet
  facet normal 0 0 1
    outer loop
      vertex 29.8042 30.4872 28
      vertex 33 32 28
      vertex 29.7395 30.4772 28
    endloop
  endfacet
  facet normal 0 0 1
    outer loop
      vertex 33 32 28
      vertex 13.5 32 28
      vertex 29.7395 30.4772 28
    endloop
  endfacet
  facet normal 0 0 1
    outer loop
      vertex 29.7395 30.4772 28
      vertex 13.5 32 28
      vertex 29.6753 30.4644 28
    endloop
  endfacet
  facet normal 0 0 1
    outer loop
      vertex 13.5 32 28
      vertex 29.6118 30.4489 28
      vertex 29.6753 30.4644 28
    endloop
  endfacet
  facet normal 0 0 1
    outer loop
      vertex 29.8042 30.4872 28
      vertex 29.8693 30.4943 28
      vertex 33 32 28
    endloop
  endfacet
  facet normal 0 0 1
    outer loop
      vertex 29.8693 30.4943 28
      vertex 29.9346 30.4986 28
      vertex 33 32 28
    endloop
  endfacet
  facet normal 0 0 1
    outer loop
      vertex 33 32 28
      vertex 29.9346 30.4986 28
      vertex 30 30.5 28
    endloop
  endfacet
  facet normal 0 0 1
    outer loop
      vertex 31.4644 29.3247 28
      vertex 31.4772 29.2605 28
      vertex 33 32 28
    endloop
  endfacet
  facet normal 0 0 1
    outer loop
      vertex 31.4772 29.2605 28
      vertex 31.4872 29.1958 28
      vertex 33 32 28
    endloop
  endfacet
  facet normal 0 0 1
    outer loop
      vertex 33 32 28
      vertex 31.4872 29.1958 28
      vertex 31.4943 29.1307 28
    endloop
  endfacet
  facet normal 0 0 1
    outer loop
      vertex -29.426 30.3858 28
      vertex -29.3661 30.3595 28
      vertex 13.5 32 28
    endloop
  endfacet
  facet normal 0 0 1
    outer loop
      vertex 31.5 29 28
      vertex 31.4986 28.9346 28
      vertex 33 32 28
    endloop
  endfacet
  facet normal 0 0 1
    outer loop
      vertex 31.4986 28.9346 28
      vertex 31.4943 28.8693 28
      vertex 33 32 28
    endloop
  endfacet
  facet normal 0 0 1
    outer loop
      vertex 33 32 28
      vertex 31.4943 28.8693 28
      vertex 31.4872 28.8042 28
    endloop
  endfacet
  facet normal 0 0 1
    outer loop
      vertex 31.4095 -28.487 28
      vertex 31.4306 -28.5489 28
      vertex 33 -32 28
    endloop
  endfacet
  facet normal 0 0 1
    outer loop
      vertex 31.4306 -28.5489 28
      vertex 31.4489 -28.6118 28
      vertex 33 -32 28
    endloop
  endfacet
  facet normal 0 0 1
    outer loop
      vertex 33 -32 28
      vertex 31.4489 -28.6118 28
      vertex 31.4644 -28.6753 28
    endloop
  endfacet
  facet normal 0 0 1
    outer loop
      vertex 31.4986 -29.0654 28
      vertex 31.4943 -29.1307 28
      vertex 33 -32 28
    endloop
  endfacet
  facet normal 0 0 1
    outer loop
      vertex 31.4943 -29.1307 28
      vertex 31.4872 -29.1958 28
      vertex 33 -32 28
    endloop
  endfacet
  facet normal 0 0 1
    outer loop
      vertex 33 -32 28
      vertex 31.4872 -29.1958 28
      vertex 31.4772 -29.2605 28
    endloop
  endfacet
  facet normal 0 0 1
    outer loop
      vertex 31.4306 -29.4511 28
      vertex 31.4095 -29.513 28
      vertex 33 -32 28
    endloop
  endfacet
  facet normal 0 0 1
    outer loop
      vertex 31.4095 -29.513 28
      vertex 31.3858 -29.574 28
      vertex 33 -32 28
    endloop
  endfacet
  facet normal 0 0 1
    outer loop
      vertex 33 -32 28
      vertex 31.3858 -29.574 28
      vertex 31.3595 -29.6339 28
    endloop
  endfacet
  facet normal 0 0 1
    outer loop
      vertex 33 -32 28
      vertex 31.2651 -29.8059 28
      vertex 31.2287 -29.8604 28
    endloop
  endfacet
  facet normal 0 0 1
    outer loop
      vertex -31.3858 -29.574 28
      vertex -31.4095 -29.513 28
      vertex -33 -32 28
    endloop
  endfacet
  facet normal 0 0 1
    outer loop
      vertex -31.4095 -29.513 28
      vertex -31.4306 -29.4511 28
      vertex -33 -32 28
    endloop
  endfacet
  facet normal 0 0 1
    outer loop
      vertex -33 -32 28
      vertex -31.4306 -29.4511 28
      vertex -31.4489 -29.3882 28
    endloop
  endfacet
  facet normal 0 0 1
    outer loop
      vertex -31.4489 -29.3882 28
      vertex -31.4644 -29.3247 28
      vertex -33 -32 28
    endloop
  endfacet
  facet normal 0 0 1
    outer loop
      vertex -31.4644 -29.3247 28
      vertex -31.4772 -29.2605 28
      vertex -33 -32 28
    endloop
  endfacet
  facet normal 0 0 1
    outer loop
      vertex -33 -32 28
      vertex -31.4772 -29.2605 28
      vertex -31.4872 -29.1958 28
    endloop
  endfacet
  facet normal 0 0 1
    outer loop
      vertex -31.5 -29 28
      vertex -31.4986 -28.9346 28
      vertex -33 -32 28
    endloop
  endfacet
  facet normal 0 0 1
    outer loop
      vertex -31.4986 -28.9346 28
      vertex -31.4943 -28.8693 28
      vertex -33 -32 28
    endloop
  endfacet
  facet normal 0 0 1
    outer loop
      vertex -33 -32 28
      vertex -31.4943 -28.8693 28
      vertex -31.4872 -28.8042 28
    endloop
  endfacet
  facet normal 0 0 1
    outer loop
      vertex 29.3661 30.3595 28
      vertex 29.426 30.3858 28
      vertex 13.5 32 28
    endloop
  endfacet
  facet normal 0 0 1
    outer loop
      vertex 29.426 30.3858 28
      vertex 29.487 30.4095 28
      vertex 13.5 32 28
    endloop
  endfacet
  facet normal 0 0 1
    outer loop
      vertex 13.5 32 28
      vertex 29.487 30.4095 28
      vertex 29.5489 30.4306 28
    endloop
  endfacet
  facet normal 0 0 1
    outer loop
      vertex 30 30.5 28
      vertex 30.0654 30.4986 28
      vertex 33 32 28
    endloop
  endfacet
  facet normal 0 0 1
    outer loop
      vertex 30.0654 30.4986 28
      vertex 30.1307 30.4943 28
      vertex 33 32 28
    endloop
  endfacet
  facet normal 0 0 1
    outer loop
      vertex 33 32 28
      vertex 30.1307 30.4943 28
      vertex 30.1958 30.4872 28
    endloop
  endfacet
  facet normal 0 0 1
    outer loop
      vertex 33 32 28
      vertex 30.9642 30.1491 28
      vertex 31.0134 30.1059 28
    endloop
  endfacet
  facet normal 0 0 1
    outer loop
      vertex -29.0358 30.1491 28
      vertex -28.9866 30.1059 28
      vertex 13.5 32 28
    endloop
  endfacet
  facet normal 0 0 1
    outer loop
      vertex -28.9866 30.1059 28
      vertex -28.9393 30.0607 28
      vertex 13.5 32 28
    endloop
  endfacet
  facet normal 0 0 1
    outer loop
      vertex 13.5 32 28
      vertex -28.9393 30.0607 28
      vertex -28.8941 30.0134 28
    endloop
  endfacet
  facet normal 0 0 1
    outer loop
      vertex 31.4306 28.5489 28
      vertex 31.4095 28.487 28
      vertex 31.3595 -28.3661 28
    endloop
  endfacet
  facet normal 0 0 1
    outer loop
      vertex 31.4095 28.487 28
      vertex 31.3858 28.426 28
      vertex 31.3595 -28.3661 28
    endloop
  endfacet
  facet normal 0 0 1
    outer loop
      vertex 31.4095 -28.487 28
      vertex 33 -32 28
      vertex 31.3858 -28.426 28
    endloop
  endfacet
  facet normal 0 0 1
    outer loop
      vertex 33 -32 28
      vertex 33 32 28
      vertex 31.3858 -28.426 28
    endloop
  endfacet
  facet normal 0 0 1
    outer loop
      vertex 31.3858 -28.426 28
      vertex 33 32 28
      vertex 31.3595 -28.3661 28
    endloop
  endfacet
  facet normal 0 0 1
    outer loop
      vertex 31.3595 -29.6339 28
      vertex 31.3305 -29.6926 28
      vertex 33 -32 28
    endloop
  endfacet
  facet normal 0 0 1
    outer loop
      vertex 31.3305 -29.6926 28
      vertex 31.299 -29.75 28
      vertex 33 -32 28
    endloop
  endfacet
  facet normal 0 0 1
    outer loop
      vertex 33 -32 28
      vertex 31.299 -29.75 28
      vertex 31.2651 -29.8059 28
    endloop
  endfacet
  facet normal 0 0 1
    outer loop
      vertex 28.5228 -29.2605 28
      vertex 28.5128 -29.1958 28
      vertex -28.5511 -29.3882 28
    endloop
  endfacet
  facet normal 0 0 1
    outer loop
      vertex 28.5694 29.4511 28
      vertex 28.5905 29.513 28
      vertex 13.5 32 28
    endloop
  endfacet
  facet normal 0 0 1
    outer loop
      vertex 28.5905 29.513 28
      vertex 28.6142 29.574 28
      vertex 13.5 32 28
    endloop
  endfacet
  facet normal 0 0 1
    outer loop
      vertex 13.5 32 28
      vertex 28.6142 29.574 28
      vertex 28.6405 29.6339 28
    endloop
  endfacet
  facet normal 0 0 1
    outer loop
      vertex 29.1941 30.2651 28
      vertex 13.5 32 28
      vertex 29.1396 30.2287 28
    endloop
  endfacet
  facet normal 0 0 1
    outer loop
      vertex 13.5 32 28
      vertex 29.0869 30.19 28
      vertex 29.1396 30.2287 28
    endloop
  endfacet
  facet normal 0 0 1
    outer loop
      vertex 29.1941 30.2651 28
      vertex 29.25 30.299 28
      vertex 13.5 32 28
    endloop
  endfacet
  facet normal 0 0 1
    outer loop
      vertex 29.25 30.299 28
      vertex 29.3074 30.3305 28
      vertex 13.5 32 28
    endloop
  endfacet
  facet normal 0 0 1
    outer loop
      vertex 13.5 32 28
      vertex 29.3074 30.3305 28
      vertex 29.3661 30.3595 28
    endloop
  endfacet
  facet normal 0 0 1
    outer loop
      vertex 30.574 30.3858 28
      vertex 30.6339 30.3595 28
      vertex 33 32 28
    endloop
  endfacet
  facet normal 0 0 1
    outer loop
      vertex 31.0134 30.1059 28
      vertex 31.0607 30.0607 28
      vertex 33 32 28
    endloop
  endfacet
  facet normal 0 0 1
    outer loop
      vertex 31.0607 30.0607 28
      vertex 31.1059 30.0134 28
      vertex 33 32 28
    endloop
  endfacet
  facet normal 0 0 1
    outer loop
      vertex 33 32 28
      vertex 31.1059 30.0134 28
      vertex 31.1491 29.9642 28
    endloop
  endfacet
  facet normal 0 0 1
    outer loop
      vertex 31.4095 29.513 28
      vertex 33 32 28
      vertex 31.3858 29.574 28
    endloop
  endfacet
  facet normal 0 0 1
    outer loop
      vertex 33 32 28
      vertex 31.3595 29.6339 28
      vertex 31.3858 29.574 28
    endloop
  endfacet
  facet normal 0 0 1
    outer loop
      vertex 31.4095 29.513 28
      vertex 31.4306 29.4511 28
      vertex 33 32 28
    endloop
  endfacet
  facet normal 0 0 1
    outer loop
      vertex 31.4306 29.4511 28
      vertex 31.4489 29.3882 28
      vertex 33 32 28
    endloop
  endfacet
  facet normal 0 0 1
    outer loop
      vertex 33 32 28
      vertex 31.4489 29.3882 28
      vertex 31.4644 29.3247 28
    endloop
  endfacet
  facet normal 0 0 1
    outer loop
      vertex -29.3661 30.3595 28
      vertex -29.3074 30.3305 28
      vertex 13.5 32 28
    endloop
  endfacet
  facet normal 0 0 1
    outer loop
      vertex -29.3074 30.3305 28
      vertex -29.25 30.299 28
      vertex 13.5 32 28
    endloop
  endfacet
  facet normal 0 0 1
    outer loop
      vertex 13.5 32 28
      vertex -29.25 30.299 28
      vertex -29.1941 30.2651 28
    endloop
  endfacet
  facet normal 0 0 1
    outer loop
      vertex -29.1941 30.2651 28
      vertex -29.1396 30.2287 28
      vertex 13.5 32 28
    endloop
  endfacet
  facet normal 0 0 1
    outer loop
      vertex -29.1396 30.2287 28
      vertex -29.0869 30.19 28
      vertex 13.5 32 28
    endloop
  endfacet
  facet normal 0 0 1
    outer loop
      vertex 13.5 32 28
      vertex -29.0869 30.19 28
      vertex -29.0358 30.1491 28
    endloop
  endfacet
  facet normal 0 0 1
    outer loop
      vertex -28.8941 30.0134 28
      vertex -28.8509 29.9642 28
      vertex 13.5 32 28
    endloop
  endfacet
  facet normal 0 0 1
    outer loop
      vertex -28.8509 29.9642 28
      vertex -28.81 29.9131 28
      vertex 13.5 32 28
    endloop
  endfacet
  facet normal 0 0 1
    outer loop
      vertex 13.5 32 28
      vertex -28.81 29.9131 28
      vertex -28.7713 29.8604 28
    endloop
  endfacet
  facet normal 0 0 1
    outer loop
      vertex -28.6695 29.6926 28
      vertex -28.6405 29.6339 28
      vertex 13.5 32 28
    endloop
  endfacet
  facet normal 0 0 1
    outer loop
      vertex -28.6405 29.6339 28
      vertex -28.6142 29.574 28
      vertex 13.5 32 28
    endloop
  endfacet
  facet normal 0 0 1
    outer loop
      vertex -28.6142 29.574 28
      vertex -28.5905 29.513 28
      vertex 13.5 32 28
    endloop
  endfacet
  facet normal 0 0 1
    outer loop
      vertex -28.5905 29.513 28
      vertex -28.5694 29.4511 28
      vertex 13.5 32 28
    endloop
  endfacet
  facet normal 0 0 1
    outer loop
      vertex 13.5 32 28
      vertex -28.5694 29.4511 28
      vertex -28.5511 29.3882 28
    endloop
  endfacet
  facet normal 0 0 1
    outer loop
      vertex -28.5511 29.3882 28
      vertex -28.5356 29.3247 28
      vertex 13.5 32 28
    endloop
  endfacet
  facet normal 0 0 1
    outer loop
      vertex -28.5356 29.3247 28
      vertex -28.5228 29.2605 28
      vertex 13.5 32 28
    endloop
  endfacet
  facet normal 0 0 1
    outer loop
      vertex 13.5 32 28
      vertex -28.5228 29.2605 28
      vertex -28.5128 29.1958 28
    endloop
  endfacet
  facet normal 0 0 1
    outer loop
      vertex 31.4872 28.8042 28
      vertex 31.4772 28.7395 28
      vertex 33 32 28
    endloop
  endfacet
  facet normal 0 0 1
    outer loop
      vertex 31.4772 28.7395 28
      vertex 31.4644 28.6753 28
      vertex 33 32 28
    endloop
  endfacet
  facet normal 0 0 1
    outer loop
      vertex 33 32 28
      vertex 31.4644 28.6753 28
      vertex 31.3595 -28.3661 28
    endloop
  endfacet
  facet normal 0 0 1
    outer loop
      vertex 31.4644 28.6753 28
      vertex 31.4489 28.6118 28
      vertex 31.3595 -28.3661 28
    endloop
  endfacet
  facet normal 0 0 1
    outer loop
      vertex 31.3595 -28.3661 28
      vertex 31.4489 28.6118 28
      vertex 31.4306 28.5489 28
    endloop
  endfacet
  facet normal 0 0 1
    outer loop
      vertex 31.3858 28.426 28
      vertex 31.3595 28.3661 28
      vertex 31.3595 -28.3661 28
    endloop
  endfacet
  facet normal 0 0 1
    outer loop
      vertex 31.3595 28.3661 28
      vertex 31.3305 28.3074 28
      vertex 31.3595 -28.3661 28
    endloop
  endfacet
  facet normal 0 0 1
    outer loop
      vertex 31.3595 -28.3661 28
      vertex 31.3305 28.3074 28
      vertex 31.3305 -28.3074 28
    endloop
  endfacet
  facet normal 0 0 1
    outer loop
      vertex 30.4511 27.5694 28
      vertex 30.3882 27.5511 28
      vertex 31.299 -28.25 28
    endloop
  endfacet
  facet normal 0 0 1
    outer loop
      vertex 30 -30.5 28
      vertex 33 -32 28
      vertex 30.0654 -30.4986 28
    endloop
  endfacet
  facet normal 0 0 1
    outer loop
      vertex 33 -32 28
      vertex 30.1307 -30.4943 28
      vertex 30.0654 -30.4986 28
    endloop
  endfacet
  facet normal 0 0 1
    outer loop
      vertex -33 -32 28
      vertex -29.8042 -30.4872 28
      vertex -29.8693 -30.4943 28
    endloop
  endfacet
  facet normal 0 0 1
    outer loop
      vertex -30.0654 -30.4986 28
      vertex -30.1307 -30.4943 28
      vertex -33 -32 28
    endloop
  endfacet
  facet normal 0 0 1
    outer loop
      vertex -30.1307 -30.4943 28
      vertex -30.1958 -30.4872 28
      vertex -33 -32 28
    endloop
  endfacet
  facet normal 0 0 1
    outer loop
      vertex -33 -32 28
      vertex -30.1958 -30.4872 28
      vertex -30.2605 -30.4772 28
    endloop
  endfacet
  facet normal 0 0 1
    outer loop
      vertex -30.2605 -30.4772 28
      vertex -30.3247 -30.4644 28
      vertex -33 -32 28
    endloop
  endfacet
  facet normal 0 0 1
    outer loop
      vertex -30.3247 -30.4644 28
      vertex -30.3882 -30.4489 28
      vertex -33 -32 28
    endloop
  endfacet
  facet normal 0 0 1
    outer loop
      vertex -33 -32 28
      vertex -30.3882 -30.4489 28
      vertex -30.4511 -30.4306 28
    endloop
  endfacet
  facet normal 0 0 1
    outer loop
      vertex -33 -32 28
      vertex -30.9642 -30.1491 28
      vertex -31.0134 -30.1059 28
    endloop
  endfacet
  facet normal 0 0 1
    outer loop
      vertex -31.4306 -28.5489 28
      vertex -31.4095 -28.487 28
      vertex -33 32 28
    endloop
  endfacet
  facet normal 0 0 1
    outer loop
      vertex -31.4095 -28.487 28
      vertex -31.3858 -28.426 28
      vertex -33 32 28
    endloop
  endfacet
  facet normal 0 0 1
    outer loop
      vertex -31.4872 28.8042 28
      vertex -33 32 28
      vertex -31.4772 28.7395 28
    endloop
  endfacet
  facet normal 0 0 1
    outer loop
      vertex -33 32 28
      vertex -31.4644 28.6753 28
      vertex -31.4772 28.7395 28
    endloop
  endfacet
  facet normal 0 0 1
    outer loop
      vertex 28.5014 29.0654 28
      vertex 28.5057 29.1307 28
      vertex 13.5 32 28
    endloop
  endfacet
  facet normal 0 0 1
    outer loop
      vertex 28.5057 29.1307 28
      vertex 28.5128 29.1958 28
      vertex 13.5 32 28
    endloop
  endfacet
  facet normal 0 0 1
    outer loop
      vertex 13.5 32 28
      vertex 28.5128 29.1958 28
      vertex 28.5228 29.2605 28
    endloop
  endfacet
  facet normal 0 0 1
    outer loop
      vertex 28.5228 29.2605 28
      vertex 28.5356 29.3247 28
      vertex 13.5 32 28
    endloop
  endfacet
  facet normal 0 0 1
    outer loop
      vertex 28.5356 29.3247 28
      vertex 28.5511 29.3882 28
      vertex 13.5 32 28
    endloop
  endfacet
  facet normal 0 0 1
    outer loop
      vertex 13.5 32 28
      vertex 28.5511 29.3882 28
      vertex 28.5694 29.4511 28
    endloop
  endfacet
  facet normal 0 0 1
    outer loop
      vertex 28.9393 30.0607 28
      vertex 28.9866 30.1059 28
      vertex 13.5 32 28
    endloop
  endfacet
  facet normal 0 0 1
    outer loop
      vertex 28.9866 30.1059 28
      vertex 29.0358 30.1491 28
      vertex 13.5 32 28
    endloop
  endfacet
  facet normal 0 0 1
    outer loop
      vertex 13.5 32 28
      vertex 29.0358 30.1491 28
      vertex 29.0869 30.19 28
    endloop
  endfacet
  facet normal 0 0 1
    outer loop
      vertex 30.8059 30.2651 28
      vertex 30.8604 30.2287 28
      vertex 33 32 28
    endloop
  endfacet
  facet normal 0 0 1
    outer loop
      vertex 30.8604 30.2287 28
      vertex 30.9131 30.19 28
      vertex 33 32 28
    endloop
  endfacet
  facet normal 0 0 1
    outer loop
      vertex 33 32 28
      vertex 30.9131 30.19 28
      vertex 30.9642 30.1491 28
    endloop
  endfacet
  facet normal 0 0 1
    outer loop
      vertex 31.1491 29.9642 28
      vertex 31.19 29.9131 28
      vertex 33 32 28
    endloop
  endfacet
  facet normal 0 0 1
    outer loop
      vertex 31.19 29.9131 28
      vertex 31.2287 29.8604 28
      vertex 33 32 28
    endloop
  endfacet
  facet normal 0 0 1
    outer loop
      vertex 33 32 28
      vertex 31.2287 29.8604 28
      vertex 31.2651 29.8059 28
    endloop
  endfacet
  facet normal 0 0 1
    outer loop
      vertex -29.8042 30.4872 28
      vertex -29.7395 30.4772 28
      vertex 13.5 32 28
    endloop
  endfacet
  facet normal 0 0 1
    outer loop
      vertex -29.7395 30.4772 28
      vertex -29.6753 30.4644 28
      vertex 13.5 32 28
    endloop
  endfacet
  facet normal 0 0 1
    outer loop
      vertex 13.5 32 28
      vertex -29.6753 30.4644 28
      vertex -29.6118 30.4489 28
    endloop
  endfacet
  facet normal 0 0 1
    outer loop
      vertex -29.6118 30.4489 28
      vertex -29.5489 30.4306 28
      vertex 13.5 32 28
    endloop
  endfacet
  facet normal 0 0 1
    outer loop
      vertex -29.5489 30.4306 28
      vertex -29.487 30.4095 28
      vertex 13.5 32 28
    endloop
  endfacet
  facet normal 0 0 1
    outer loop
      vertex 13.5 32 28
      vertex -29.487 30.4095 28
      vertex -29.426 30.3858 28
    endloop
  endfacet
  facet normal 0 0 1
    outer loop
      vertex 31.2651 28.1941 28
      vertex 31.2287 28.1396 28
      vertex 31.299 -28.25 28
    endloop
  endfacet
  facet normal 0 0 1
    outer loop
      vertex 31.2287 28.1396 28
      vertex 31.19 28.0869 28
      vertex 31.299 -28.25 28
    endloop
  endfacet
  facet normal 0 0 1
    outer loop
      vertex 31.19 28.0869 28
      vertex 31.1491 28.0358 28
      vertex 31.299 -28.25 28
    endloop
  endfacet
  facet normal 0 0 1
    outer loop
      vertex 31.1491 28.0358 28
      vertex 31.1059 27.9866 28
      vertex 31.299 -28.25 28
    endloop
  endfacet
  facet normal 0 0 1
    outer loop
      vertex 31.299 -28.25 28
      vertex 31.1059 27.9866 28
      vertex 31.0607 27.9393 28
    endloop
  endfacet
  facet normal 0 0 1
    outer loop
      vertex 30.75 27.701 28
      vertex 30.6926 27.6695 28
      vertex 31.299 -28.25 28
    endloop
  endfacet
  facet normal 0 0 1
    outer loop
      vertex 30.6926 27.6695 28
      vertex 30.6339 27.6405 28
      vertex 31.299 -28.25 28
    endloop
  endfacet
  facet normal 0 0 1
    outer loop
      vertex 30.3882 27.5511 28
      vertex 30.3247 27.5356 28
      vertex 31.299 -28.25 28
    endloop
  endfacet
  facet normal 0 0 1
    outer loop
      vertex 30.3247 27.5356 28
      vertex 30.2605 27.5228 28
      vertex 31.299 -28.25 28
    endloop
  endfacet
  facet normal 0 0 1
    outer loop
      vertex 31.299 -28.25 28
      vertex 30.2605 27.5228 28
      vertex 31.2651 -28.1941 28
    endloop
  endfacet
  facet normal 0 0 1
    outer loop
      vertex 30.2605 -27.5228 28
      vertex 30.2605 27.5228 28
      vertex 30.1958 -27.5128 28
    endloop
  endfacet
  facet normal 0 0 1
    outer loop
      vertex 30.2605 27.5228 28
      vertex 30.1307 -27.5057 28
      vertex 30.1958 -27.5128 28
    endloop
  endfacet
  facet normal 0 0 1
    outer loop
      vertex 31.2287 -29.8604 28
      vertex 31.19 -29.9131 28
      vertex 33 -32 28
    endloop
  endfacet
  facet normal 0 0 1
    outer loop
      vertex 31.19 -29.9131 28
      vertex 31.1491 -29.9642 28
      vertex 33 -32 28
    endloop
  endfacet
  facet normal 0 0 1
    outer loop
      vertex 33 -32 28
      vertex 31.1491 -29.9642 28
      vertex 31.1059 -30.0134 28
    endloop
  endfacet
  facet normal 0 0 1
    outer loop
      vertex 30 -30.5 28
      vertex 29.9346 -30.4986 28
      vertex 33 -32 28
    endloop
  endfacet
  facet normal 0 0 1
    outer loop
      vertex 29.9346 -30.4986 28
      vertex 29.8693 -30.4943 28
      vertex 33 -32 28
    endloop
  endfacet
  facet normal 0 0 1
    outer loop
      vertex 33 -32 28
      vertex 29.8693 -30.4943 28
      vertex 29.8042 -30.4872 28
    endloop
  endfacet
  facet normal 0 0 1
    outer loop
      vertex 28.5228 -29.2605 28
      vertex -28.5511 -29.3882 28
      vertex 28.5356 -29.3247 28
    endloop
  endfacet
  facet normal 0 0 1
    outer loop
      vertex -28.5057 -29.1307 28
      vertex -28.5128 -29.1958 28
      vertex 28.5128 -29.1958 28
    endloop
  endfacet
  facet normal 0 0 1
    outer loop
      vertex -28.6142 -29.574 28
      vertex -28.6405 -29.6339 28
      vertex 33 -32 28
    endloop
  endfacet
  facet normal 0 0 1
    outer loop
      vertex -28.6405 -29.6339 28
      vertex -28.6695 -29.6926 28
      vertex 33 -32 28
    endloop
  endfacet
  facet normal 0 0 1
    outer loop
      vertex 33 -32 28
      vertex -28.6695 -29.6926 28
      vertex -28.701 -29.75 28
    endloop
  endfacet
  facet normal 0 0 1
    outer loop
      vertex -29.8693 -30.4943 28
      vertex -29.9346 -30.4986 28
      vertex -33 -32 28
    endloop
  endfacet
  facet normal 0 0 1
    outer loop
      vertex -29.9346 -30.4986 28
      vertex -30 -30.5 28
      vertex -33 -32 28
    endloop
  endfacet
  facet normal 0 0 1
    outer loop
      vertex -33 -32 28
      vertex -30 -30.5 28
      vertex -30.0654 -30.4986 28
    endloop
  endfacet
  facet normal 0 0 1
    outer loop
      vertex -31.4872 -28.8042 28
      vertex -31.4772 -28.7395 28
      vertex -33 -32 28
    endloop
  endfacet
  facet normal 0 0 1
    outer loop
      vertex -31.4772 -28.7395 28
      vertex -31.4644 -28.6753 28
      vertex -33 -32 28
    endloop
  endfacet
  facet normal 0 0 1
    outer loop
      vertex -33 -32 28
      vertex -31.4644 -28.6753 28
      vertex -33 32 28
    endloop
  endfacet
  facet normal 0 0 1
    outer loop
      vertex -31.4644 -28.6753 28
      vertex -31.4489 -28.6118 28
      vertex -33 32 28
    endloop
  endfacet
  facet normal 0 0 1
    outer loop
      vertex -33 32 28
      vertex -31.4489 -28.6118 28
      vertex -31.4306 -28.5489 28
    endloop
  endfacet
  facet normal 0 0 1
    outer loop
      vertex -31.4489 28.6118 28
      vertex -31.4644 28.6753 28
      vertex -31.3305 -28.3074 28
    endloop
  endfacet
  facet normal 0 0 1
    outer loop
      vertex -31.4644 28.6753 28
      vertex -33 32 28
      vertex -31.3305 -28.3074 28
    endloop
  endfacet
  facet normal 0 0 1
    outer loop
      vertex -31.3305 -28.3074 28
      vertex -33 32 28
      vertex -31.3595 -28.3661 28
    endloop
  endfacet
  facet normal 0 0 1
    outer loop
      vertex -33 32 28
      vertex -31.3858 -28.426 28
      vertex -31.3595 -28.3661 28
    endloop
  endfacet
  facet normal 0 0 1
    outer loop
      vertex -30.0654 -27.5014 28
      vertex -30 -27.5 28
      vertex -30 27.5 28
    endloop
  endfacet
  facet normal 0 0 1
    outer loop
      vertex -31.4872 28.8042 28
      vertex -31.4943 28.8693 28
      vertex -33 32 28
    endloop
  endfacet
  facet normal 0 0 1
    outer loop
      vertex -31.4943 28.8693 28
      vertex -31.4986 28.9346 28
      vertex -33 32 28
    endloop
  endfacet
  facet normal 0 0 1
    outer loop
      vertex -33 32 28
      vertex -31.4986 28.9346 28
      vertex -31.5 29 28
    endloop
  endfacet
  facet normal 0 0 1
    outer loop
      vertex -31.5 29 28
      vertex -31.4986 29.0654 28
      vertex -33 32 28
    endloop
  endfacet
  facet normal 0 0 1
    outer loop
      vertex -31.4986 29.0654 28
      vertex -31.4943 29.1307 28
      vertex -33 32 28
    endloop
  endfacet
  facet normal 0 0 1
    outer loop
      vertex -33 32 28
      vertex -31.4943 29.1307 28
      vertex -31.4872 29.1958 28
    endloop
  endfacet
  facet normal 0 0 1
    outer loop
      vertex -31.1491 29.9642 28
      vertex -31.1059 30.0134 28
      vertex -33 32 28
    endloop
  endfacet
  facet normal 0 0 1
    outer loop
      vertex 28.701 29.75 28
      vertex 28.7349 29.8059 28
      vertex 13.5 32 28
    endloop
  endfacet
  facet normal 0 0 1
    outer loop
      vertex 28.7349 29.8059 28
      vertex 28.7713 29.8604 28
      vertex 13.5 32 28
    endloop
  endfacet
  facet normal 0 0 1
    outer loop
      vertex 13.5 32 28
      vertex 28.7713 29.8604 28
      vertex 28.81 29.9131 28
    endloop
  endfacet
  facet normal 0 0 1
    outer loop
      vertex 28.81 29.9131 28
      vertex 28.8509 29.9642 28
      vertex 13.5 32 28
    endloop
  endfacet
  facet normal 0 0 1
    outer loop
      vertex 28.8509 29.9642 28
      vertex 28.8941 30.0134 28
      vertex 13.5 32 28
    endloop
  endfacet
  facet normal 0 0 1
    outer loop
      vertex 13.5 32 28
      vertex 28.8941 30.0134 28
      vertex 28.9393 30.0607 28
    endloop
  endfacet
  facet normal 0 0 1
    outer loop
      vertex 30.6339 30.3595 28
      vertex 30.6926 30.3305 28
      vertex 33 32 28
    endloop
  endfacet
  facet normal 0 0 1
    outer loop
      vertex 30.6926 30.3305 28
      vertex 30.75 30.299 28
      vertex 33 32 28
    endloop
  endfacet
  facet normal 0 0 1
    outer loop
      vertex 33 32 28
      vertex 30.75 30.299 28
      vertex 30.8059 30.2651 28
    endloop
  endfacet
  facet normal 0 0 1
    outer loop
      vertex 31.2651 29.8059 28
      vertex 31.299 29.75 28
      vertex 33 32 28
    endloop
  endfacet
  facet normal 0 0 1
    outer loop
      vertex 31.299 29.75 28
      vertex 31.3305 29.6926 28
      vertex 33 32 28
    endloop
  endfacet
  facet normal 0 0 1
    outer loop
      vertex 33 32 28
      vertex 31.3305 29.6926 28
      vertex 31.3595 29.6339 28
    endloop
  endfacet
  facet normal 0 0 1
    outer loop
      vertex -28.7713 29.8604 28
      vertex -28.7349 29.8059 28
      vertex 13.5 32 28
    endloop
  endfacet
  facet normal 0 0 1
    outer loop
      vertex -28.7349 29.8059 28
      vertex -28.701 29.75 28
      vertex 13.5 32 28
    endloop
  endfacet
  facet normal 0 0 1
    outer loop
      vertex 13.5 32 28
      vertex -28.701 29.75 28
      vertex -28.6695 29.6926 28
    endloop
  endfacet
  facet normal 0 0 1
    outer loop
      vertex 31.3305 -28.3074 28
      vertex 31.3305 28.3074 28
      vertex 31.299 -28.25 28
    endloop
  endfacet
  facet normal 0 0 1
    outer loop
      vertex 31.3305 28.3074 28
      vertex 31.299 28.25 28
      vertex 31.299 -28.25 28
    endloop
  endfacet
  facet normal 0 0 1
    outer loop
      vertex 31.299 -28.25 28
      vertex 31.299 28.25 28
      vertex 31.2651 28.1941 28
    endloop
  endfacet
  facet normal 0 0 1
    outer loop
      vertex 30.6339 27.6405 28
      vertex 30.574 27.6142 28
      vertex 31.299 -28.25 28
    endloop
  endfacet
  facet normal 0 0 1
    outer loop
      vertex 30.574 27.6142 28
      vertex 30.513 27.5905 28
      vertex 31.299 -28.25 28
    endloop
  endfacet
  facet normal 0 0 1
    outer loop
      vertex 31.299 -28.25 28
      vertex 30.513 27.5905 28
      vertex 30.4511 27.5694 28
    endloop
  endfacet
  facet normal 0 0 1
    outer loop
      vertex 30.1958 27.5128 28
      vertex 30.1307 27.5057 28
      vertex 30 -27.5 28
    endloop
  endfacet
  facet normal 0 0 1
    outer loop
      vertex 30.1307 27.5057 28
      vertex 30.0654 27.5014 28
      vertex 30 -27.5 28
    endloop
  endfacet
  facet normal 0 0 1
    outer loop
      vertex 30 -27.5 28
      vertex 30.0654 27.5014 28
      vertex 30 27.5 28
    endloop
  endfacet
  facet normal 0 0 1
    outer loop
      vertex 30.4511 -30.4306 28
      vertex 30.3882 -30.4489 28
      vertex 33 -32 28
    endloop
  endfacet
  facet normal 0 0 1
    outer loop
      vertex 30.3882 -30.4489 28
      vertex 30.3247 -30.4644 28
      vertex 33 -32 28
    endloop
  endfacet
  facet normal 0 0 1
    outer loop
      vertex 28.5 -29 28
      vertex -28.5 -29 28
      vertex 28.5014 -29.0654 28
    endloop
  endfacet
  facet normal 0 0 1
    outer loop
      vertex -28.5 -29 28
      vertex 28.5057 -29.1307 28
      vertex 28.5014 -29.0654 28
    endloop
  endfacet
  facet normal 0 0 1
    outer loop
      vertex -28.5128 -29.1958 28
      vertex -28.5228 -29.2605 28
      vertex 28.5128 -29.1958 28
    endloop
  endfacet
  facet normal 0 0 1
    outer loop
      vertex -28.5228 -29.2605 28
      vertex -28.5356 -29.3247 28
      vertex 28.5128 -29.1958 28
    endloop
  endfacet
  facet normal 0 0 1
    outer loop
      vertex 28.5128 -29.1958 28
      vertex -28.5356 -29.3247 28
      vertex -28.5511 -29.3882 28
    endloop
  endfacet
  facet normal 0 0 1
    outer loop
      vertex -28.9393 -30.0607 28
      vertex -28.9866 -30.1059 28
      vertex 33 -32 28
    endloop
  endfacet
  facet normal 0 0 1
    outer loop
      vertex -28.9866 -30.1059 28
      vertex -29.0358 -30.1491 28
      vertex 33 -32 28
    endloop
  endfacet
  facet normal 0 0 1
    outer loop
      vertex 33 -32 28
      vertex -29.0358 -30.1491 28
      vertex -29.0869 -30.19 28
    endloop
  endfacet
  facet normal 0 0 1
    outer loop
      vertex -30.4511 -30.4306 28
      vertex -30.513 -30.4095 28
      vertex -33 -32 28
    endloop
  endfacet
  facet normal 0 0 1
    outer loop
      vertex -30.513 -30.4095 28
      vertex -30.574 -30.3858 28
      vertex -33 -32 28
    endloop
  endfacet
  facet normal 0 0 1
    outer loop
      vertex -33 -32 28
      vertex -30.574 -30.3858 28
      vertex -30.6339 -30.3595 28
    endloop
  endfacet
  facet normal 0 0 1
    outer loop
      vertex -30.6339 -30.3595 28
      vertex -30.6926 -30.3305 28
      vertex -33 -32 28
    endloop
  endfacet
  facet normal 0 0 1
    outer loop
      vertex -30.6926 -30.3305 28
      vertex -30.75 -30.299 28
      vertex -33 -32 28
    endloop
  endfacet
  facet normal 0 0 1
    outer loop
      vertex -33 -32 28
      vertex -30.75 -30.299 28
      vertex -30.8059 -30.2651 28
    endloop
  endfacet
  facet normal 0 0 1
    outer loop
      vertex -31.0134 -30.1059 28
      vertex -31.0607 -30.0607 28
      vertex -33 -32 28
    endloop
  endfacet
  facet normal 0 0 1
    outer loop
      vertex -31.0607 -30.0607 28
      vertex -31.1059 -30.0134 28
      vertex -33 -32 28
    endloop
  endfacet
  facet normal 0 0 1
    outer loop
      vertex -33 -32 28
      vertex -31.1059 -30.0134 28
      vertex -31.1491 -29.9642 28
    endloop
  endfacet
  facet normal 0 0 1
    outer loop
      vertex -31.1491 -29.9642 28
      vertex -31.19 -29.9131 28
      vertex -33 -32 28
    endloop
  endfacet
  facet normal 0 0 1
    outer loop
      vertex -31.19 -29.9131 28
      vertex -31.2287 -29.8604 28
      vertex -33 -32 28
    endloop
  endfacet
  facet normal 0 0 1
    outer loop
      vertex -33 -32 28
      vertex -31.2287 -29.8604 28
      vertex -31.2651 -29.8059 28
    endloop
  endfacet
  facet normal 0 0 1
    outer loop
      vertex -31.2651 -29.8059 28
      vertex -31.299 -29.75 28
      vertex -33 -32 28
    endloop
  endfacet
  facet normal 0 0 1
    outer loop
      vertex -31.299 -29.75 28
      vertex -31.3305 -29.6926 28
      vertex -33 -32 28
    endloop
  endfacet
  facet normal 0 0 1
    outer loop
      vertex -33 -32 28
      vertex -31.3305 -29.6926 28
      vertex -31.3595 -29.6339 28
    endloop
  endfacet
  facet normal 0 0 1
    outer loop
      vertex -30.2605 -27.5228 28
      vertex -30.1958 -27.5128 28
      vertex -30.0654 27.5014 28
    endloop
  endfacet
  facet normal 0 0 1
    outer loop
      vertex -31.1491 29.9642 28
      vertex -33 32 28
      vertex -31.19 29.9131 28
    endloop
  endfacet
  facet normal 0 0 1
    outer loop
      vertex -33 32 28
      vertex -30.9642 30.1491 28
      vertex -30.9131 30.19 28
    endloop
  endfacet
  facet normal 0 0 1
    outer loop
      vertex -30.9131 30.19 28
      vertex -30.8604 30.2287 28
      vertex -33 32 28
    endloop
  endfacet
  facet normal 0 0 1
    outer loop
      vertex -30.8604 30.2287 28
      vertex -30.8059 30.2651 28
      vertex -33 32 28
    endloop
  endfacet
  facet normal 0 0 1
    outer loop
      vertex -33 32 28
      vertex -30.8059 30.2651 28
      vertex -30.75 30.299 28
    endloop
  endfacet
  facet normal 0 0 1
    outer loop
      vertex 30.1958 30.4872 28
      vertex 30.2605 30.4772 28
      vertex 33 32 28
    endloop
  endfacet
  facet normal 0 0 1
    outer loop
      vertex 30.2605 30.4772 28
      vertex 30.3247 30.4644 28
      vertex 33 32 28
    endloop
  endfacet
  facet normal 0 0 1
    outer loop
      vertex 33 32 28
      vertex 30.3247 30.4644 28
      vertex 30.3882 30.4489 28
    endloop
  endfacet
  facet normal 0 0 1
    outer loop
      vertex 30.3882 30.4489 28
      vertex 30.4511 30.4306 28
      vertex 33 32 28
    endloop
  endfacet
  facet normal 0 0 1
    outer loop
      vertex 30.4511 30.4306 28
      vertex 30.513 30.4095 28
      vertex 33 32 28
    endloop
  endfacet
  facet normal 0 0 1
    outer loop
      vertex 33 32 28
      vertex 30.513 30.4095 28
      vertex 30.574 30.3858 28
    endloop
  endfacet
  facet normal 0 0 1
    outer loop
      vertex 31.0607 27.9393 28
      vertex 31.0134 27.8941 28
      vertex 31.299 -28.25 28
    endloop
  endfacet
  facet normal 0 0 1
    outer loop
      vertex 31.0134 27.8941 28
      vertex 30.9642 27.8509 28
      vertex 31.299 -28.25 28
    endloop
  endfacet
  facet normal 0 0 1
    outer loop
      vertex 31.299 -28.25 28
      vertex 30.9642 27.8509 28
      vertex 30.9131 27.81 28
    endloop
  endfacet
  facet normal 0 0 1
    outer loop
      vertex 30.1958 27.5128 28
      vertex 30 -27.5 28
      vertex 30.2605 27.5228 28
    endloop
  endfacet
  facet normal 0 0 1
    outer loop
      vertex 30 -27.5 28
      vertex 30.0654 -27.5014 28
      vertex 30.2605 27.5228 28
    endloop
  endfacet
  facet normal 0 0 1
    outer loop
      vertex 30.2605 27.5228 28
      vertex 30.0654 -27.5014 28
      vertex 30.1307 -27.5057 28
    endloop
  endfacet
  facet normal 0 0 1
    outer loop
      vertex 30.4511 -27.5694 28
      vertex 30.513 -27.5905 28
      vertex 30.2605 27.5228 28
    endloop
  endfacet
  facet normal 0 0 1
    outer loop
      vertex 30.513 -27.5905 28
      vertex 30.574 -27.6142 28
      vertex 30.2605 27.5228 28
    endloop
  endfacet
  facet normal 0 0 1
    outer loop
      vertex 30.2605 27.5228 28
      vertex 30.574 -27.6142 28
      vertex 30.6339 -27.6405 28
    endloop
  endfacet
  facet normal 0 0 1
    outer loop
      vertex 30.2605 27.5228 28
      vertex 31.1059 -27.9866 28
      vertex 31.1491 -28.0358 28
    endloop
  endfacet
  facet normal 0 0 1
    outer loop
      vertex 30.8059 -30.2651 28
      vertex 30.75 -30.299 28
      vertex 33 -32 28
    endloop
  endfacet
  facet normal 0 0 1
    outer loop
      vertex 30.75 -30.299 28
      vertex 30.6926 -30.3305 28
      vertex 33 -32 28
    endloop
  endfacet
  facet normal 0 0 1
    outer loop
      vertex 33 -32 28
      vertex 30.6926 -30.3305 28
      vertex 30.6339 -30.3595 28
    endloop
  endfacet
  facet normal 0 0 1
    outer loop
      vertex 30.6339 -30.3595 28
      vertex 30.574 -30.3858 28
      vertex 33 -32 28
    endloop
  endfacet
  facet normal 0 0 1
    outer loop
      vertex 30.574 -30.3858 28
      vertex 30.513 -30.4095 28
      vertex 33 -32 28
    endloop
  endfacet
  facet normal 0 0 1
    outer loop
      vertex 33 -32 28
      vertex 30.513 -30.4095 28
      vertex 30.4511 -30.4306 28
    endloop
  endfacet
  facet normal 0 0 1
    outer loop
      vertex 30.3247 -30.4644 28
      vertex 30.2605 -30.4772 28
      vertex 33 -32 28
    endloop
  endfacet
  facet normal 0 0 1
    outer loop
      vertex 30.2605 -30.4772 28
      vertex 30.1958 -30.4872 28
      vertex 33 -32 28
    endloop
  endfacet
  facet normal 0 0 1
    outer loop
      vertex 33 -32 28
      vertex 30.1958 -30.4872 28
      vertex 30.1307 -30.4943 28
    endloop
  endfacet
  facet normal 0 0 1
    outer loop
      vertex 29.0358 -30.1491 28
      vertex 28.9866 -30.1059 28
      vertex -28.5511 -29.3882 28
    endloop
  endfacet
  facet normal 0 0 1
    outer loop
      vertex 28.7349 -29.8059 28
      vertex 28.701 -29.75 28
      vertex -28.5511 -29.3882 28
    endloop
  endfacet
  facet normal 0 0 1
    outer loop
      vertex 28.701 -29.75 28
      vertex 28.6695 -29.6926 28
      vertex -28.5511 -29.3882 28
    endloop
  endfacet
  facet normal 0 0 1
    outer loop
      vertex 28.6695 -29.6926 28
      vertex 28.6405 -29.6339 28
      vertex -28.5511 -29.3882 28
    endloop
  endfacet
  facet normal 0 0 1
    outer loop
      vertex 28.6405 -29.6339 28
      vertex 28.6142 -29.574 28
      vertex -28.5511 -29.3882 28
    endloop
  endfacet
  facet normal 0 0 1
    outer loop
      vertex -28.5511 -29.3882 28
      vertex 28.6142 -29.574 28
      vertex 28.5905 -29.513 28
    endloop
  endfacet
  facet normal 0 0 1
    outer loop
      vertex -28.5511 -29.3882 28
      vertex -28.5694 -29.4511 28
      vertex 33 -32 28
    endloop
  endfacet
  facet normal 0 0 1
    outer loop
      vertex -28.5694 -29.4511 28
      vertex -28.5905 -29.513 28
      vertex 33 -32 28
    endloop
  endfacet
  facet normal 0 0 1
    outer loop
      vertex 33 -32 28
      vertex -28.5905 -29.513 28
      vertex -28.6142 -29.574 28
    endloop
  endfacet
  facet normal 0 0 1
    outer loop
      vertex -28.701 -29.75 28
      vertex -28.7349 -29.8059 28
      vertex 33 -32 28
    endloop
  endfacet
  facet normal 0 0 1
    outer loop
      vertex -28.7349 -29.8059 28
      vertex -28.7713 -29.8604 28
      vertex 33 -32 28
    endloop
  endfacet
  facet normal 0 0 1
    outer loop
      vertex 33 -32 28
      vertex -28.7713 -29.8604 28
      vertex -28.81 -29.9131 28
    endloop
  endfacet
  facet normal 0 0 1
    outer loop
      vertex -29.6118 -30.4489 28
      vertex -33 -32 28
      vertex -29.5489 -30.4306 28
    endloop
  endfacet
  facet normal 0 0 1
    outer loop
      vertex -33 -32 28
      vertex -29.487 -30.4095 28
      vertex -29.5489 -30.4306 28
    endloop
  endfacet
  facet normal 0 0 1
    outer loop
      vertex -29.6118 -30.4489 28
      vertex -29.6753 -30.4644 28
      vertex -33 -32 28
    endloop
  endfacet
  facet normal 0 0 1
    outer loop
      vertex -29.6753 -30.4644 28
      vertex -29.7395 -30.4772 28
      vertex -33 -32 28
    endloop
  endfacet
  facet normal 0 0 1
    outer loop
      vertex -33 -32 28
      vertex -29.7395 -30.4772 28
      vertex -29.8042 -30.4872 28
    endloop
  endfacet
  facet normal 0 0 1
    outer loop
      vertex -30.8059 -30.2651 28
      vertex -30.8604 -30.2287 28
      vertex -33 -32 28
    endloop
  endfacet
  facet normal 0 0 1
    outer loop
      vertex -30.8604 -30.2287 28
      vertex -30.9131 -30.19 28
      vertex -33 -32 28
    endloop
  endfacet
  facet normal 0 0 1
    outer loop
      vertex -33 -32 28
      vertex -30.9131 -30.19 28
      vertex -30.9642 -30.1491 28
    endloop
  endfacet
  facet normal 0 0 1
    outer loop
      vertex -31.3305 -28.3074 28
      vertex -31.299 -28.25 28
      vertex -31.4489 28.6118 28
    endloop
  endfacet
  facet normal 0 0 1
    outer loop
      vertex -31.299 -28.25 28
      vertex -31.2651 -28.1941 28
      vertex -31.4489 28.6118 28
    endloop
  endfacet
  facet normal 0 0 1
    outer loop
      vertex -31.4489 28.6118 28
      vertex -31.2651 -28.1941 28
      vertex -31.2287 -28.1396 28
    endloop
  endfacet
  facet normal 0 0 1
    outer loop
      vertex -31.2287 -28.1396 28
      vertex -31.19 -28.0869 28
      vertex -31.4489 28.6118 28
    endloop
  endfacet
  facet normal 0 0 1
    outer loop
      vertex -31.19 -28.0869 28
      vertex -31.1491 -28.0358 28
      vertex -31.4489 28.6118 28
    endloop
  endfacet
  facet normal 0 0 1
    outer loop
      vertex -31.4489 28.6118 28
      vertex -31.1491 -28.0358 28
      vertex -31.1059 -27.9866 28
    endloop
  endfacet
  facet normal 0 0 1
    outer loop
      vertex -31.1059 -27.9866 28
      vertex -31.0607 -27.9393 28
      vertex -31.4489 28.6118 28
    endloop
  endfacet
  facet normal 0 0 1
    outer loop
      vertex -31.0607 -27.9393 28
      vertex -31.0134 -27.8941 28
      vertex -31.4489 28.6118 28
    endloop
  endfacet
  facet normal 0 0 1
    outer loop
      vertex -31.4489 28.6118 28
      vertex -31.0134 -27.8941 28
      vertex -30.9642 -27.8509 28
    endloop
  endfacet
  facet normal 0 0 1
    outer loop
      vertex -30.6926 -27.6695 28
      vertex -31.4489 28.6118 28
      vertex -30.75 -27.701 28
    endloop
  endfacet
  facet normal 0 0 1
    outer loop
      vertex -31.4489 28.6118 28
      vertex -30.8059 -27.7349 28
      vertex -30.75 -27.701 28
    endloop
  endfacet
  facet normal 0 0 1
    outer loop
      vertex -31.3305 28.3074 28
      vertex -31.3595 28.3661 28
      vertex -30.574 -27.6142 28
    endloop
  endfacet
  facet normal 0 0 1
    outer loop
      vertex -31.3595 28.3661 28
      vertex -31.3858 28.426 28
      vertex -30.574 -27.6142 28
    endloop
  endfacet
  facet normal 0 0 1
    outer loop
      vertex -30.574 -27.6142 28
      vertex -31.3858 28.426 28
      vertex -31.4095 28.487 28
    endloop
  endfacet
  facet normal 0 0 1
    outer loop
      vertex -30.6926 -27.6695 28
      vertex -30.6339 -27.6405 28
      vertex -31.4489 28.6118 28
    endloop
  endfacet
  facet normal 0 0 1
    outer loop
      vertex -30.6339 -27.6405 28
      vertex -30.574 -27.6142 28
      vertex -31.4489 28.6118 28
    endloop
  endfacet
  facet normal 0 0 1
    outer loop
      vertex -31.4489 28.6118 28
      vertex -30.574 -27.6142 28
      vertex -31.4306 28.5489 28
    endloop
  endfacet
  facet normal 0 0 1
    outer loop
      vertex -30.574 -27.6142 28
      vertex -31.4095 28.487 28
      vertex -31.4306 28.5489 28
    endloop
  endfacet
  facet normal 0 0 1
    outer loop
      vertex -31.4872 29.1958 28
      vertex -31.4772 29.2605 28
      vertex -33 32 28
    endloop
  endfacet
  facet normal 0 0 1
    outer loop
      vertex -31.4772 29.2605 28
      vertex -31.4644 29.3247 28
      vertex -33 32 28
    endloop
  endfacet
  facet normal 0 0 1
    outer loop
      vertex -33 32 28
      vertex -31.4644 29.3247 28
      vertex -31.4489 29.3882 28
    endloop
  endfacet
  facet normal 0 0 1
    outer loop
      vertex -31.4489 29.3882 28
      vertex -31.4306 29.4511 28
      vertex -33 32 28
    endloop
  endfacet
  facet normal 0 0 1
    outer loop
      vertex -31.4306 29.4511 28
      vertex -31.4095 29.513 28
      vertex -33 32 28
    endloop
  endfacet
  facet normal 0 0 1
    outer loop
      vertex -33 32 28
      vertex -31.4095 29.513 28
      vertex -31.3858 29.574 28
    endloop
  endfacet
  facet normal 0 0 1
    outer loop
      vertex -31.1059 30.0134 28
      vertex -31.0607 30.0607 28
      vertex -33 32 28
    endloop
  endfacet
  facet normal 0 0 1
    outer loop
      vertex -31.0607 30.0607 28
      vertex -31.0134 30.1059 28
      vertex -33 32 28
    endloop
  endfacet
  facet normal 0 0 1
    outer loop
      vertex -33 32 28
      vertex -31.0134 30.1059 28
      vertex -30.9642 30.1491 28
    endloop
  endfacet
  facet normal 0 0 1
    outer loop
      vertex 11.5 32 28
      vertex -11.5 32 28
      vertex -30.0654 30.4986 28
    endloop
  endfacet
  facet normal 0 0 1
    outer loop
      vertex -11.5 32 28
      vertex -13.5 32 28
      vertex -30.0654 30.4986 28
    endloop
  endfacet
  facet normal 0 0 1
    outer loop
      vertex -30.0654 30.4986 28
      vertex -13.5 32 28
      vertex -30.1307 30.4943 28
    endloop
  endfacet
  facet normal 0 0 1
    outer loop
      vertex -13.5 32 28
      vertex -33 32 28
      vertex -30.1307 30.4943 28
    endloop
  endfacet
  facet normal 0 0 1
    outer loop
      vertex -30.1307 30.4943 28
      vertex -33 32 28
      vertex -30.1958 30.4872 28
    endloop
  endfacet
  facet normal 0 0 1
    outer loop
      vertex 30.9131 27.81 28
      vertex 30.8604 27.7713 28
      vertex 31.299 -28.25 28
    endloop
  endfacet
  facet normal 0 0 1
    outer loop
      vertex 30.8604 27.7713 28
      vertex 30.8059 27.7349 28
      vertex 31.299 -28.25 28
    endloop
  endfacet
  facet normal 0 0 1
    outer loop
      vertex 31.299 -28.25 28
      vertex 30.8059 27.7349 28
      vertex 30.75 27.701 28
    endloop
  endfacet
  facet normal 0 0 1
    outer loop
      vertex 30.2605 -27.5228 28
      vertex 30.3247 -27.5356 28
      vertex 30.2605 27.5228 28
    endloop
  endfacet
  facet normal 0 0 1
    outer loop
      vertex 30.3247 -27.5356 28
      vertex 30.3882 -27.5511 28
      vertex 30.2605 27.5228 28
    endloop
  endfacet
  facet normal 0 0 1
    outer loop
      vertex 30.2605 27.5228 28
      vertex 30.3882 -27.5511 28
      vertex 30.4511 -27.5694 28
    endloop
  endfacet
  facet normal 0 0 1
    outer loop
      vertex 30.8059 -27.7349 28
      vertex 30.8604 -27.7713 28
      vertex 30.2605 27.5228 28
    endloop
  endfacet
  facet normal 0 0 1
    outer loop
      vertex 30.8604 -27.7713 28
      vertex 30.9131 -27.81 28
      vertex 30.2605 27.5228 28
    endloop
  endfacet
  facet normal 0 0 1
    outer loop
      vertex 30.2605 27.5228 28
      vertex 30.9131 -27.81 28
      vertex 30.9642 -27.8509 28
    endloop
  endfacet
  facet normal 0 0 1
    outer loop
      vertex 30.9642 -27.8509 28
      vertex 31.0134 -27.8941 28
      vertex 30.2605 27.5228 28
    endloop
  endfacet
  facet normal 0 0 1
    outer loop
      vertex 31.0134 -27.8941 28
      vertex 31.0607 -27.9393 28
      vertex 30.2605 27.5228 28
    endloop
  endfacet
  facet normal 0 0 1
    outer loop
      vertex 30.2605 27.5228 28
      vertex 31.0607 -27.9393 28
      vertex 31.1059 -27.9866 28
    endloop
  endfacet
  facet normal 0 0 1
    outer loop
      vertex 31.1491 -28.0358 28
      vertex 31.19 -28.0869 28
      vertex 30.2605 27.5228 28
    endloop
  endfacet
  facet normal 0 0 1
    outer loop
      vertex 31.19 -28.0869 28
      vertex 31.2287 -28.1396 28
      vertex 30.2605 27.5228 28
    endloop
  endfacet
  facet normal 0 0 1
    outer loop
      vertex 30.2605 27.5228 28
      vertex 31.2287 -28.1396 28
      vertex 31.2651 -28.1941 28
    endloop
  endfacet
  facet normal 0 0 1
    outer loop
      vertex 31.1059 -30.0134 28
      vertex 31.0607 -30.0607 28
      vertex 33 -32 28
    endloop
  endfacet
  facet normal 0 0 1
    outer loop
      vertex 31.0607 -30.0607 28
      vertex 31.0134 -30.1059 28
      vertex 33 -32 28
    endloop
  endfacet
  facet normal 0 0 1
    outer loop
      vertex 33 -32 28
      vertex 31.0134 -30.1059 28
      vertex 30.9642 -30.1491 28
    endloop
  endfacet
  facet normal 0 0 1
    outer loop
      vertex 29.8042 -30.4872 28
      vertex 29.7395 -30.4772 28
      vertex 33 -32 28
    endloop
  endfacet
  facet normal 0 0 1
    outer loop
      vertex 29.7395 -30.4772 28
      vertex 29.6753 -30.4644 28
      vertex 33 -32 28
    endloop
  endfacet
  facet normal 0 0 1
    outer loop
      vertex 33 -32 28
      vertex 29.6753 -30.4644 28
      vertex -28.5511 -29.3882 28
    endloop
  endfacet
  facet normal 0 0 1
    outer loop
      vertex 29.6753 -30.4644 28
      vertex 29.6118 -30.4489 28
      vertex -28.5511 -29.3882 28
    endloop
  endfacet
  facet normal 0 0 1
    outer loop
      vertex -28.5511 -29.3882 28
      vertex 29.6118 -30.4489 28
      vertex 29.5489 -30.4306 28
    endloop
  endfacet
  facet normal 0 0 1
    outer loop
      vertex 28.5905 -29.513 28
      vertex 28.5694 -29.4511 28
      vertex -28.5511 -29.3882 28
    endloop
  endfacet
  facet normal 0 0 1
    outer loop
      vertex 28.5694 -29.4511 28
      vertex 28.5511 -29.3882 28
      vertex -28.5511 -29.3882 28
    endloop
  endfacet
  facet normal 0 0 1
    outer loop
      vertex -28.5511 -29.3882 28
      vertex 28.5511 -29.3882 28
      vertex 28.5356 -29.3247 28
    endloop
  endfacet
  facet normal 0 0 1
    outer loop
      vertex 28.5057 -29.1307 28
      vertex -28.5 -29 28
      vertex 28.5128 -29.1958 28
    endloop
  endfacet
  facet normal 0 0 1
    outer loop
      vertex -28.5 -29 28
      vertex -28.5014 -29.0654 28
      vertex 28.5128 -29.1958 28
    endloop
  endfacet
  facet normal 0 0 1
    outer loop
      vertex 28.5128 -29.1958 28
      vertex -28.5014 -29.0654 28
      vertex -28.5057 -29.1307 28
    endloop
  endfacet
  facet normal 0 0 1
    outer loop
      vertex -28.81 -29.9131 28
      vertex -28.8509 -29.9642 28
      vertex 33 -32 28
    endloop
  endfacet
  facet normal 0 0 1
    outer loop
      vertex -28.8509 -29.9642 28
      vertex -28.8941 -30.0134 28
      vertex 33 -32 28
    endloop
  endfacet
  facet normal 0 0 1
    outer loop
      vertex 33 -32 28
      vertex -28.8941 -30.0134 28
      vertex -28.9393 -30.0607 28
    endloop
  endfacet
  facet normal 0 0 1
    outer loop
      vertex -29.0869 -30.19 28
      vertex -29.1396 -30.2287 28
      vertex 33 -32 28
    endloop
  endfacet
  facet normal 0 0 1
    outer loop
      vertex -29.1396 -30.2287 28
      vertex -29.1941 -30.2651 28
      vertex 33 -32 28
    endloop
  endfacet
  facet normal 0 0 1
    outer loop
      vertex 33 -32 28
      vertex -29.1941 -30.2651 28
      vertex -29.25 -30.299 28
    endloop
  endfacet
  facet normal 0 0 1
    outer loop
      vertex -30.0654 27.5014 28
      vertex -30.1958 -27.5128 28
      vertex -30 27.5 28
    endloop
  endfacet
  facet normal 0 0 1
    outer loop
      vertex -30.1958 -27.5128 28
      vertex -30.1307 -27.5057 28
      vertex -30 27.5 28
    endloop
  endfacet
  facet normal 0 0 1
    outer loop
      vertex -30 27.5 28
      vertex -30.1307 -27.5057 28
      vertex -30.0654 -27.5014 28
    endloop
  endfacet
  facet normal 0 0 1
    outer loop
      vertex -30.1307 27.5057 28
      vertex -30.1958 27.5128 28
      vertex -30.574 -27.6142 28
    endloop
  endfacet
  facet normal 0 0 1
    outer loop
      vertex -30.1958 27.5128 28
      vertex -30.2605 27.5228 28
      vertex -30.574 -27.6142 28
    endloop
  endfacet
  facet normal 0 0 1
    outer loop
      vertex -30.2605 27.5228 28
      vertex -30.3247 27.5356 28
      vertex -30.574 -27.6142 28
    endloop
  endfacet
  facet normal 0 0 1
    outer loop
      vertex -30.574 -27.6142 28
      vertex -30.3247 27.5356 28
      vertex -30.3882 27.5511 28
    endloop
  endfacet
  facet normal 0 0 1
    outer loop
      vertex -30.75 30.299 28
      vertex -30.6926 30.3305 28
      vertex -33 32 28
    endloop
  endfacet
  facet normal 0 0 1
    outer loop
      vertex -30.6926 30.3305 28
      vertex -30.6339 30.3595 28
      vertex -33 32 28
    endloop
  endfacet
  facet normal 0 0 1
    outer loop
      vertex -33 32 28
      vertex -30.6339 30.3595 28
      vertex -30.574 30.3858 28
    endloop
  endfacet
  facet normal 0 0 1
    outer loop
      vertex -30.574 30.3858 28
      vertex -30.513 30.4095 28
      vertex -33 32 28
    endloop
  endfacet
  facet normal 0 0 1
    outer loop
      vertex -30.513 30.4095 28
      vertex -30.4511 30.4306 28
      vertex -33 32 28
    endloop
  endfacet
  facet normal 0 0 1
    outer loop
      vertex -33 32 28
      vertex -30.4511 30.4306 28
      vertex -30.3882 30.4489 28
    endloop
  endfacet
  facet normal 0 0 1
    outer loop
      vertex -30.3882 30.4489 28
      vertex -30.3247 30.4644 28
      vertex -33 32 28
    endloop
  endfacet
  facet normal 0 0 1
    outer loop
      vertex -30.3247 30.4644 28
      vertex -30.2605 30.4772 28
      vertex -33 32 28
    endloop
  endfacet
  facet normal 0 0 1
    outer loop
      vertex -33 32 28
      vertex -30.2605 30.4772 28
      vertex -30.1958 30.4872 28
    endloop
  endfacet
  facet normal 0 0 1
    outer loop
      vertex 30.6339 -27.6405 28
      vertex 30.6926 -27.6695 28
      vertex 30.2605 27.5228 28
    endloop
  endfacet
  facet normal 0 0 1
    outer loop
      vertex 30.6926 -27.6695 28
      vertex 30.75 -27.701 28
      vertex 30.2605 27.5228 28
    endloop
  endfacet
  facet normal 0 0 1
    outer loop
      vertex 30.2605 27.5228 28
      vertex 30.75 -27.701 28
      vertex 30.8059 -27.7349 28
    endloop
  endfacet
  facet normal 0 0 1
    outer loop
      vertex 30.9642 -30.1491 28
      vertex 30.9131 -30.19 28
      vertex 33 -32 28
    endloop
  endfacet
  facet normal 0 0 1
    outer loop
      vertex 30.9131 -30.19 28
      vertex 30.8604 -30.2287 28
      vertex 33 -32 28
    endloop
  endfacet
  facet normal 0 0 1
    outer loop
      vertex 33 -32 28
      vertex 30.8604 -30.2287 28
      vertex 30.8059 -30.2651 28
    endloop
  endfacet
  facet normal 0 0 1
    outer loop
      vertex -30.9642 -27.8509 28
      vertex -30.9131 -27.81 28
      vertex -31.4489 28.6118 28
    endloop
  endfacet
  facet normal 0 0 1
    outer loop
      vertex -30.9131 -27.81 28
      vertex -30.8604 -27.7713 28
      vertex -31.4489 28.6118 28
    endloop
  endfacet
  facet normal 0 0 1
    outer loop
      vertex -31.4489 28.6118 28
      vertex -30.8604 -27.7713 28
      vertex -30.8059 -27.7349 28
    endloop
  endfacet
  facet normal 0 0 1
    outer loop
      vertex -31.3858 29.574 28
      vertex -31.3595 29.6339 28
      vertex -33 32 28
    endloop
  endfacet
  facet normal 0 0 1
    outer loop
      vertex -31.3595 29.6339 28
      vertex -31.3305 29.6926 28
      vertex -33 32 28
    endloop
  endfacet
  facet normal 0 0 1
    outer loop
      vertex -33 32 28
      vertex -31.3305 29.6926 28
      vertex -31.299 29.75 28
    endloop
  endfacet
  facet normal 0 0 1
    outer loop
      vertex 29.5489 -30.4306 28
      vertex 29.487 -30.4095 28
      vertex -28.5511 -29.3882 28
    endloop
  endfacet
  facet normal 0 0 1
    outer loop
      vertex 29.487 -30.4095 28
      vertex 29.426 -30.3858 28
      vertex -28.5511 -29.3882 28
    endloop
  endfacet
  facet normal 0 0 1
    outer loop
      vertex -28.5511 -29.3882 28
      vertex 29.426 -30.3858 28
      vertex 29.3661 -30.3595 28
    endloop
  endfacet
  facet normal 0 0 1
    outer loop
      vertex 29.3661 -30.3595 28
      vertex 29.3074 -30.3305 28
      vertex -28.5511 -29.3882 28
    endloop
  endfacet
  facet normal 0 0 1
    outer loop
      vertex 29.3074 -30.3305 28
      vertex 29.25 -30.299 28
      vertex -28.5511 -29.3882 28
    endloop
  endfacet
  facet normal 0 0 1
    outer loop
      vertex -28.5511 -29.3882 28
      vertex 29.25 -30.299 28
      vertex 29.1941 -30.2651 28
    endloop
  endfacet
  facet normal 0 0 1
    outer loop
      vertex -29.25 -30.299 28
      vertex -29.3074 -30.3305 28
      vertex 33 -32 28
    endloop
  endfacet
  facet normal 0 0 1
    outer loop
      vertex -29.3074 -30.3305 28
      vertex -29.3661 -30.3595 28
      vertex 33 -32 28
    endloop
  endfacet
  facet normal 0 0 1
    outer loop
      vertex 33 -32 28
      vertex -29.3661 -30.3595 28
      vertex -33 -32 28
    endloop
  endfacet
  facet normal 0 0 1
    outer loop
      vertex -29.3661 -30.3595 28
      vertex -29.426 -30.3858 28
      vertex -33 -32 28
    endloop
  endfacet
  facet normal 0 0 1
    outer loop
      vertex -33 -32 28
      vertex -29.426 -30.3858 28
      vertex -29.487 -30.4095 28
    endloop
  endfacet
  facet normal 0 0 1
    outer loop
      vertex -30.1307 27.5057 28
      vertex -30.574 -27.6142 28
      vertex -30.0654 27.5014 28
    endloop
  endfacet
  facet normal 0 0 1
    outer loop
      vertex -30.574 -27.6142 28
      vertex -30.513 -27.5905 28
      vertex -30.0654 27.5014 28
    endloop
  endfacet
  facet normal 0 0 1
    outer loop
      vertex -30.0654 27.5014 28
      vertex -30.513 -27.5905 28
      vertex -30.4511 -27.5694 28
    endloop
  endfacet
  facet normal 0 0 1
    outer loop
      vertex -30.4511 -27.5694 28
      vertex -30.3882 -27.5511 28
      vertex -30.0654 27.5014 28
    endloop
  endfacet
  facet normal 0 0 1
    outer loop
      vertex -30.3882 -27.5511 28
      vertex -30.3247 -27.5356 28
      vertex -30.0654 27.5014 28
    endloop
  endfacet
  facet normal 0 0 1
    outer loop
      vertex -30.0654 27.5014 28
      vertex -30.3247 -27.5356 28
      vertex -30.2605 -27.5228 28
    endloop
  endfacet
  facet normal 0 0 1
    outer loop
      vertex -30.3882 27.5511 28
      vertex -30.4511 27.5694 28
      vertex -30.574 -27.6142 28
    endloop
  endfacet
  facet normal 0 0 1
    outer loop
      vertex -30.4511 27.5694 28
      vertex -30.513 27.5905 28
      vertex -30.574 -27.6142 28
    endloop
  endfacet
  facet normal 0 0 1
    outer loop
      vertex -30.574 -27.6142 28
      vertex -30.513 27.5905 28
      vertex -30.574 27.6142 28
    endloop
  endfacet
  facet normal 0 0 1
    outer loop
      vertex -30.574 -27.6142 28
      vertex -31.0607 27.9393 28
      vertex -31.1059 27.9866 28
    endloop
  endfacet
  facet normal 0 0 1
    outer loop
      vertex -31.2287 28.1396 28
      vertex -31.2651 28.1941 28
      vertex -30.574 -27.6142 28
    endloop
  endfacet
  facet normal 0 0 1
    outer loop
      vertex -31.2651 28.1941 28
      vertex -31.299 28.25 28
      vertex -30.574 -27.6142 28
    endloop
  endfacet
  facet normal 0 0 1
    outer loop
      vertex -30.574 -27.6142 28
      vertex -31.299 28.25 28
      vertex -31.3305 28.3074 28
    endloop
  endfacet
  facet normal 0 0 1
    outer loop
      vertex -31.299 29.75 28
      vertex -31.2651 29.8059 28
      vertex -33 32 28
    endloop
  endfacet
  facet normal 0 0 1
    outer loop
      vertex -31.2651 29.8059 28
      vertex -31.2287 29.8604 28
      vertex -33 32 28
    endloop
  endfacet
  facet normal 0 0 1
    outer loop
      vertex -33 32 28
      vertex -31.2287 29.8604 28
      vertex -31.19 29.9131 28
    endloop
  endfacet
  facet normal 0 0 1
    outer loop
      vertex 28.9866 -30.1059 28
      vertex 28.9393 -30.0607 28
      vertex -28.5511 -29.3882 28
    endloop
  endfacet
  facet normal 0 0 1
    outer loop
      vertex 28.9393 -30.0607 28
      vertex 28.8941 -30.0134 28
      vertex -28.5511 -29.3882 28
    endloop
  endfacet
  facet normal 0 0 1
    outer loop
      vertex -28.5511 -29.3882 28
      vertex 28.8941 -30.0134 28
      vertex 28.8509 -29.9642 28
    endloop
  endfacet
  facet normal 0 0 1
    outer loop
      vertex -30.574 27.6142 28
      vertex -30.6339 27.6405 28
      vertex -30.574 -27.6142 28
    endloop
  endfacet
  facet normal 0 0 1
    outer loop
      vertex -30.6339 27.6405 28
      vertex -30.6926 27.6695 28
      vertex -30.574 -27.6142 28
    endloop
  endfacet
  facet normal 0 0 1
    outer loop
      vertex -30.574 -27.6142 28
      vertex -30.6926 27.6695 28
      vertex -30.75 27.701 28
    endloop
  endfacet
  facet normal 0 0 1
    outer loop
      vertex -31.1059 27.9866 28
      vertex -31.1491 28.0358 28
      vertex -30.574 -27.6142 28
    endloop
  endfacet
  facet normal 0 0 1
    outer loop
      vertex -31.1491 28.0358 28
      vertex -31.19 28.0869 28
      vertex -30.574 -27.6142 28
    endloop
  endfacet
  facet normal 0 0 1
    outer loop
      vertex -30.574 -27.6142 28
      vertex -31.19 28.0869 28
      vertex -31.2287 28.1396 28
    endloop
  endfacet
  facet normal 0 0 1
    outer loop
      vertex 29.1941 -30.2651 28
      vertex 29.1396 -30.2287 28
      vertex -28.5511 -29.3882 28
    endloop
  endfacet
  facet normal 0 0 1
    outer loop
      vertex 29.1396 -30.2287 28
      vertex 29.0869 -30.19 28
      vertex -28.5511 -29.3882 28
    endloop
  endfacet
  facet normal 0 0 1
    outer loop
      vertex -28.5511 -29.3882 28
      vertex 29.0869 -30.19 28
      vertex 29.0358 -30.1491 28
    endloop
  endfacet
  facet normal 0 0 1
    outer loop
      vertex 28.8509 -29.9642 28
      vertex 28.81 -29.9131 28
      vertex -28.5511 -29.3882 28
    endloop
  endfacet
  facet normal 0 0 1
    outer loop
      vertex 28.81 -29.9131 28
      vertex 28.7713 -29.8604 28
      vertex -28.5511 -29.3882 28
    endloop
  endfacet
  facet normal 0 0 1
    outer loop
      vertex -28.5511 -29.3882 28
      vertex 28.7713 -29.8604 28
      vertex 28.7349 -29.8059 28
    endloop
  endfacet
  facet normal 0 0 1
    outer loop
      vertex -30.75 27.701 28
      vertex -30.8059 27.7349 28
      vertex -30.574 -27.6142 28
    endloop
  endfacet
  facet normal 0 0 1
    outer loop
      vertex -30.8059 27.7349 28
      vertex -30.8604 27.7713 28
      vertex -30.574 -27.6142 28
    endloop
  endfacet
  facet normal 0 0 1
    outer loop
      vertex -30.574 -27.6142 28
      vertex -30.8604 27.7713 28
      vertex -30.9131 27.81 28
    endloop
  endfacet
  facet normal 0 0 1
    outer loop
      vertex -30.9131 27.81 28
      vertex -30.9642 27.8509 28
      vertex -30.574 -27.6142 28
    endloop
  endfacet
  facet normal 0 0 1
    outer loop
      vertex -30.9642 27.8509 28
      vertex -31.0134 27.8941 28
      vertex -30.574 -27.6142 28
    endloop
  endfacet
  facet normal 0 0 1
    outer loop
      vertex -30.574 -27.6142 28
      vertex -31.0134 27.8941 28
      vertex -31.0607 27.9393 28
    endloop
  endfacet
  facet normal 1 0 0
    outer loop
      vertex -30 -27.5 3
      vertex -30 27.5 3
      vertex -30 -27.5 28
    endloop
  endfacet
  facet normal 1 0 0
    outer loop
      vertex -30 27.5 3
      vertex -30 27.5 28
      vertex -30 -27.5 28
    endloop
  endfacet
  facet normal 0 0 -1
    outer loop
      vertex 36 22 0
      vertex 36 9 0
      vertex 13.5 32 0
    endloop
  endfacet
  facet normal 0 0 -1
    outer loop
      vertex 36 9 0
      vertex -13.5 32 0
      vertex 13.5 32 0
    endloop
  endfacet
  facet normal 0 0 -1
    outer loop
      vertex 13.5 32 0
      vertex -13.5 32 0
      vertex 13.5 44 0
    endloop
  endfacet
  facet normal 0 0 -1
    outer loop
      vertex -13.5 32 0
      vertex -13.5 44 0
      vertex 13.5 44 0
    endloop
  endfacet
  facet normal 0 0 -1
    outer loop
      vertex -21.75 32 0
      vertex -13.5 32 0
      vertex -21.75 8.25 0
    endloop
  endfacet
  facet normal 0 0 -1
    outer loop
      vertex -13.5 32 0
      vertex 36 9 0
      vertex -21.75 8.25 0
    endloop
  endfacet
  facet normal 0 0 -1
    outer loop
      vertex -21.75 8.25 0
      vertex 36 9 0
      vertex 42 8.25 0
    endloop
  endfacet
  facet normal 0 0 -1
    outer loop
      vertex 36 9 0
      vertex 39 9 0
      vertex 42 8.25 0
    endloop
  endfacet
  facet normal 0 0 -1
    outer loop
      vertex 42 8.25 0
      vertex 39 9 0
      vertex 39 22 0
    endloop
  endfacet
  facet normal 0 0 -1
    outer loop
      vertex 36 22 0
      vertex 13.5 32 0
      vertex 39 22 0
    endloop
  endfacet
  facet normal 0 0 -1
    outer loop
      vertex 13.5 32 0
      vertex 42 32 0
      vertex 39 22 0
    endloop
  endfacet
  facet normal 0 0 -1
    outer loop
      vertex 39 22 0
      vertex 42 32 0
      vertex 42 8.25 0
    endloop
  endfacet
  facet normal 0 0 -1
    outer loop
      vertex -36 15 0
      vertex -21.75 8.25 0
      vertex -39 15 0
    endloop
  endfacet
  facet normal 0 0 -1
    outer loop
      vertex -21.75 8.25 0
      vertex -42 8.25 0
      vertex -39 15 0
    endloop
  endfacet
  facet normal 0 0 -1
    outer loop
      vertex -39 15 0
      vertex -42 8.25 0
      vertex -39 28 0
    endloop
  endfacet
  facet normal 0 0 -1
    outer loop
      vertex -42 8.25 0
      vertex -42 32 0
      vertex -39 28 0
    endloop
  endfacet
  facet normal 0 0 -1
    outer loop
      vertex -39 28 0
      vertex -42 32 0
      vertex -36 28 0
    endloop
  endfacet
  facet normal 0 0 -1
    outer loop
      vertex -42 32 0
      vertex -21.75 32 0
      vertex -36 28 0
    endloop
  endfacet
  facet normal 0 0 -1
    outer loop
      vertex -36 28 0
      vertex -21.75 32 0
      vertex -36 15 0
    endloop
  endfacet
  facet normal 0 0 -1
    outer loop
      vertex -21.75 32 0
      vertex -21.75 8.25 0
      vertex -36 15 0
    endloop
  endfacet
  facet normal 0 0 -1
    outer loop
      vertex -21.75 -32 0
      vertex 36 -17 0
      vertex 42 -32 0
    endloop
  endfacet
  facet normal 0 0 -1
    outer loop
      vertex 36 -17 0
      vertex 39 -17 0
      vertex 42 -32 0
    endloop
  endfacet
  facet normal 0 0 -1
    outer loop
      vertex 42 -32 0
      vertex 39 -17 0
      vertex 42 8.25 0
    endloop
  endfacet
  facet normal 0 0 -1
    outer loop
      vertex 39 -17 0
      vertex 39 -4 0
      vertex 42 8.25 0
    endloop
  endfacet
  facet normal 0 0 -1
    outer loop
      vertex 42 8.25 0
      vertex 39 -4 0
      vertex 36 -4 0
    endloop
  endfacet
  facet normal 0 0 -1
    outer loop
      vertex -2.87013 6.9291 0
      vertex -3.16964 6.79731 0
      vertex -21.75 8.25 0
    endloop
  endfacet
  facet normal 0 0 -1
    outer loop
      vertex -1.6233 7.32222 0
      vertex -1.94114 7.24444 0
      vertex -21.75 8.25 0
    endloop
  endfacet
  facet normal 0 0 -1
    outer loop
      vertex -7.15288 -2.25529 0
      vertex -7.04769 -2.56515 0
      vertex -21.75 -32 0
    endloop
  endfacet
  facet normal 0 0 -1
    outer loop
      vertex -7.04769 -2.56515 0
      vertex -6.9291 -2.87013 0
      vertex -21.75 -32 0
    endloop
  endfacet
  facet normal 0 0 -1
    outer loop
      vertex -21.75 -32 0
      vertex -6.9291 -2.87013 0
      vertex -6.79731 -3.16964 0
    endloop
  endfacet
  facet normal 0 0 -1
    outer loop
      vertex -21.75 -32 0
      vertex -5.3033 -5.3033 0
      vertex -5.06693 -5.52958 0
    endloop
  endfacet
  facet normal 0 0 -1
    outer loop
      vertex -5.06693 -5.52958 0
      vertex -4.82091 -5.74533 0
      vertex -21.75 -32 0
    endloop
  endfacet
  facet normal 0 0 -1
    outer loop
      vertex -4.82091 -5.74533 0
      vertex -4.56571 -5.95015 0
      vertex -21.75 -32 0
    endloop
  endfacet
  facet normal 0 0 -1
    outer loop
      vertex -21.75 -32 0
      vertex -4.56571 -5.95015 0
      vertex -4.30182 -6.14364 0
    endloop
  endfacet
  facet normal 0 0 -1
    outer loop
      vertex -1.94114 7.24444 0
      vertex -2.25529 7.15288 0
      vertex -21.75 8.25 0
    endloop
  endfacet
  facet normal 0 0 -1
    outer loop
      vertex -2.25529 7.15288 0
      vertex -2.56515 7.04769 0
      vertex -21.75 8.25 0
    endloop
  endfacet
  facet normal 0 0 -1
    outer loop
      vertex -21.75 8.25 0
      vertex -2.56515 7.04769 0
      vertex -2.87013 6.9291 0
    endloop
  endfacet
  facet normal 0 0 -1
    outer loop
      vertex -6.14364 4.30182 0
      vertex -6.32544 4.02975 0
      vertex -21.75 8.25 0
    endloop
  endfacet
  facet normal 0 0 -1
    outer loop
      vertex -7.15288 2.25529 0
      vertex -7.24444 1.94114 0
      vertex -21.75 8.25 0
    endloop
  endfacet
  facet normal 0 0 -1
    outer loop
      vertex -7.43584 -0.978946 0
      vertex -21.75 8.25 0
      vertex -7.47146 -0.653668 0
    endloop
  endfacet
  facet normal 0 0 -1
    outer loop
      vertex -21.75 8.25 0
      vertex -7.49286 -0.327145 0
      vertex -7.47146 -0.653668 0
    endloop
  endfacet
  facet normal 0 0 -1
    outer loop
      vertex -7.43584 -0.978946 0
      vertex -7.38606 -1.30236 0
      vertex -21.75 8.25 0
    endloop
  endfacet
  facet normal 0 0 -1
    outer loop
      vertex -7.38606 -1.30236 0
      vertex -7.32222 -1.6233 0
      vertex -21.75 8.25 0
    endloop
  endfacet
  facet normal 0 0 -1
    outer loop
      vertex -21.75 8.25 0
      vertex -7.32222 -1.6233 0
      vertex -21.75 -32 0
    endloop
  endfacet
  facet normal 0 0 -1
    outer loop
      vertex -7.32222 -1.6233 0
      vertex -7.24444 -1.94114 0
      vertex -21.75 -32 0
    endloop
  endfacet
  facet normal 0 0 -1
    outer loop
      vertex -21.75 -32 0
      vertex -7.24444 -1.94114 0
      vertex -7.15288 -2.25529 0
    endloop
  endfacet
  facet normal 0 0 -1
    outer loop
      vertex 3.46311 -6.65258 0
      vertex 3.75 -6.49519 0
      vertex 36 -17 0
    endloop
  endfacet
  facet normal 0 0 -1
    outer loop
      vertex 3.75 -6.49519 0
      vertex 4.02975 -6.32544 0
      vertex 36 -17 0
    endloop
  endfacet
  facet normal 0 0 -1
    outer loop
      vertex 36 -17 0
      vertex 4.02975 -6.32544 0
      vertex 4.30182 -6.14364 0
    endloop
  endfacet
  facet normal 0 0 -1
    outer loop
      vertex 6.14364 4.30182 0
      vertex 5.95015 4.56571 0
      vertex 36 -4 0
    endloop
  endfacet
  facet normal 0 0 -1
    outer loop
      vertex 5.95015 4.56571 0
      vertex 5.74533 4.82091 0
      vertex 36 -4 0
    endloop
  endfacet
  facet normal 0 0 -1
    outer loop
      vertex 5.74533 4.82091 0
      vertex 5.52958 5.06693 0
      vertex 36 -4 0
    endloop
  endfacet
  facet normal 0 0 -1
    outer loop
      vertex 36 -4 0
      vertex 5.52958 5.06693 0
      vertex 5.3033 5.3033 0
    endloop
  endfacet
  facet normal 0 0 -1
    outer loop
      vertex 1.6233 7.32222 0
      vertex 1.30236 7.38606 0
      vertex 42 8.25 0
    endloop
  endfacet
  facet normal 0 0 -1
    outer loop
      vertex 1.30236 7.38606 0
      vertex 0.978946 7.43584 0
      vertex 42 8.25 0
    endloop
  endfacet
  facet normal 0 0 -1
    outer loop
      vertex 42 8.25 0
      vertex 0.978946 7.43584 0
      vertex 0.653668 7.47146 0
    endloop
  endfacet
  facet normal 0 0 -1
    outer loop
      vertex 0.653668 7.47146 0
      vertex 0.327145 7.49286 0
      vertex 42 8.25 0
    endloop
  endfacet
  facet normal 0 0 -1
    outer loop
      vertex 0.327145 7.49286 0
      vertex 4.59243e-16 7.5 0
      vertex 42 8.25 0
    endloop
  endfacet
  facet normal 0 0 -1
    outer loop
      vertex 42 8.25 0
      vertex 4.59243e-16 7.5 0
      vertex -21.75 8.25 0
    endloop
  endfacet
  facet normal 0 0 -1
    outer loop
      vertex 4.59243e-16 7.5 0
      vertex -0.327145 7.49286 0
      vertex -21.75 8.25 0
    endloop
  endfacet
  facet normal 0 0 -1
    outer loop
      vertex -21.75 8.25 0
      vertex -0.327145 7.49286 0
      vertex -0.653668 7.47146 0
    endloop
  endfacet
  facet normal 0 0 -1
    outer loop
      vertex -7.43584 0.978946 0
      vertex -7.47146 0.653668 0
      vertex -21.75 8.25 0
    endloop
  endfacet
  facet normal 0 0 -1
    outer loop
      vertex -5.95015 -4.56571 0
      vertex -21.75 -32 0
      vertex -6.14364 -4.30182 0
    endloop
  endfacet
  facet normal 0 0 -1
    outer loop
      vertex -21.75 -32 0
      vertex -6.32544 -4.02975 0
      vertex -6.14364 -4.30182 0
    endloop
  endfacet
  facet normal 0 0 -1
    outer loop
      vertex -5.95015 -4.56571 0
      vertex -5.74533 -4.82091 0
      vertex -21.75 -32 0
    endloop
  endfacet
  facet normal 0 0 -1
    outer loop
      vertex -5.74533 -4.82091 0
      vertex -5.52958 -5.06693 0
      vertex -21.75 -32 0
    endloop
  endfacet
  facet normal 0 0 -1
    outer loop
      vertex -21.75 -32 0
      vertex -5.52958 -5.06693 0
      vertex -5.3033 -5.3033 0
    endloop
  endfacet
  facet normal 0 0 -1
    outer loop
      vertex -4.30182 -6.14364 0
      vertex -4.02975 -6.32544 0
      vertex -21.75 -32 0
    endloop
  endfacet
  facet normal 0 0 -1
    outer loop
      vertex -4.02975 -6.32544 0
      vertex -3.75 -6.49519 0
      vertex -21.75 -32 0
    endloop
  endfacet
  facet normal 0 0 -1
    outer loop
      vertex -21.75 -32 0
      vertex -3.75 -6.49519 0
      vertex -3.46311 -6.65258 0
    endloop
  endfacet
  facet normal 0 0 -1
    outer loop
      vertex 4.30182 -6.14364 0
      vertex 4.56571 -5.95015 0
      vertex 36 -17 0
    endloop
  endfacet
  facet normal 0 0 -1
    outer loop
      vertex 4.56571 -5.95015 0
      vertex 4.82091 -5.74533 0
      vertex 36 -17 0
    endloop
  endfacet
  facet normal 0 0 -1
    outer loop
      vertex 36 -17 0
      vertex 4.82091 -5.74533 0
      vertex 5.06693 -5.52958 0
    endloop
  endfacet
  facet normal 0 0 -1
    outer loop
      vertex 7.04769 2.56515 0
      vertex 36 -4 0
      vertex 7.15288 2.25529 0
    endloop
  endfacet
  facet normal 0 0 -1
    outer loop
      vertex 36 -4 0
      vertex 7.24444 1.94114 0
      vertex 7.15288 2.25529 0
    endloop
  endfacet
  facet normal 0 0 -1
    outer loop
      vertex 2.87013 6.9291 0
      vertex 2.56515 7.04769 0
      vertex 36 -4 0
    endloop
  endfacet
  facet normal 0 0 -1
    outer loop
      vertex 2.56515 7.04769 0
      vertex 2.25529 7.15288 0
      vertex 36 -4 0
    endloop
  endfacet
  facet normal 0 0 -1
    outer loop
      vertex 36 -4 0
      vertex 2.25529 7.15288 0
      vertex 42 8.25 0
    endloop
  endfacet
  facet normal 0 0 -1
    outer loop
      vertex 2.25529 7.15288 0
      vertex 1.94114 7.24444 0
      vertex 42 8.25 0
    endloop
  endfacet
  facet normal 0 0 -1
    outer loop
      vertex 42 8.25 0
      vertex 1.94114 7.24444 0
      vertex 1.6233 7.32222 0
    endloop
  endfacet
  facet normal 0 0 -1
    outer loop
      vertex -0.653668 7.47146 0
      vertex -0.978946 7.43584 0
      vertex -21.75 8.25 0
    endloop
  endfacet
  facet normal 0 0 -1
    outer loop
      vertex -0.978946 7.43584 0
      vertex -1.30236 7.38606 0
      vertex -21.75 8.25 0
    endloop
  endfacet
  facet normal 0 0 -1
    outer loop
      vertex -21.75 8.25 0
      vertex -1.30236 7.38606 0
      vertex -1.6233 7.32222 0
    endloop
  endfacet
  facet normal 0 0 -1
    outer loop
      vertex -3.16964 6.79731 0
      vertex -3.46311 6.65258 0
      vertex -21.75 8.25 0
    endloop
  endfacet
  facet normal 0 0 -1
    outer loop
      vertex -3.46311 6.65258 0
      vertex -3.75 6.49519 0
      vertex -21.75 8.25 0
    endloop
  endfacet
  facet normal 0 0 -1
    outer loop
      vertex -21.75 8.25 0
      vertex -3.75 6.49519 0
      vertex -4.02975 6.32544 0
    endloop
  endfacet
  facet normal 0 0 -1
    outer loop
      vertex -4.02975 6.32544 0
      vertex -4.30182 6.14364 0
      vertex -21.75 8.25 0
    endloop
  endfacet
  facet normal 0 0 -1
    outer loop
      vertex -4.30182 6.14364 0
      vertex -4.56571 5.95015 0
      vertex -21.75 8.25 0
    endloop
  endfacet
  facet normal 0 0 -1
    outer loop
      vertex -21.75 8.25 0
      vertex -4.56571 5.95015 0
      vertex -4.82091 5.74533 0
    endloop
  endfacet
  facet normal 0 0 -1
    outer loop
      vertex -6.32544 4.02975 0
      vertex -6.49519 3.75 0
      vertex -21.75 8.25 0
    endloop
  endfacet
  facet normal 0 0 -1
    outer loop
      vertex -6.49519 3.75 0
      vertex -6.65258 3.46311 0
      vertex -21.75 8.25 0
    endloop
  endfacet
  facet normal 0 0 -1
    outer loop
      vertex -21.75 8.25 0
      vertex -6.65258 3.46311 0
      vertex -6.79731 3.16964 0
    endloop
  endfacet
  facet normal 0 0 -1
    outer loop
      vertex -7.47146 0.653668 0
      vertex -7.49286 0.327145 0
      vertex -21.75 8.25 0
    endloop
  endfacet
  facet normal 0 0 -1
    outer loop
      vertex -7.49286 0.327145 0
      vertex -7.5 1.37773e-15 0
      vertex -21.75 8.25 0
    endloop
  endfacet
  facet normal 0 0 -1
    outer loop
      vertex -21.75 8.25 0
      vertex -7.5 1.37773e-15 0
      vertex -7.49286 -0.327145 0
    endloop
  endfacet
  facet normal 0 0 -1
    outer loop
      vertex -6.79731 -3.16964 0
      vertex -6.65258 -3.46311 0
      vertex -21.75 -32 0
    endloop
  endfacet
  facet normal 0 0 -1
    outer loop
      vertex -6.65258 -3.46311 0
      vertex -6.49519 -3.75 0
      vertex -21.75 -32 0
    endloop
  endfacet
  facet normal 0 0 -1
    outer loop
      vertex -21.75 -32 0
      vertex -6.49519 -3.75 0
      vertex -6.32544 -4.02975 0
    endloop
  endfacet
  facet normal 0 0 -1
    outer loop
      vertex 2.56515 -7.04769 0
      vertex 2.87013 -6.9291 0
      vertex 36 -17 0
    endloop
  endfacet
  facet normal 0 0 -1
    outer loop
      vertex 2.87013 -6.9291 0
      vertex 3.16964 -6.79731 0
      vertex 36 -17 0
    endloop
  endfacet
  facet normal 0 0 -1
    outer loop
      vertex 36 -17 0
      vertex 3.16964 -6.79731 0
      vertex 3.46311 -6.65258 0
    endloop
  endfacet
  facet normal 0 0 -1
    outer loop
      vertex 36 -17 0
      vertex 6.32544 -4.02975 0
      vertex 6.49519 -3.75 0
    endloop
  endfacet
  facet normal 0 0 -1
    outer loop
      vertex 7.04769 2.56515 0
      vertex 6.9291 2.87013 0
      vertex 36 -4 0
    endloop
  endfacet
  facet normal 0 0 -1
    outer loop
      vertex 6.9291 2.87013 0
      vertex 6.79731 3.16964 0
      vertex 36 -4 0
    endloop
  endfacet
  facet normal 0 0 -1
    outer loop
      vertex 36 -4 0
      vertex 6.79731 3.16964 0
      vertex 6.65258 3.46311 0
    endloop
  endfacet
  facet normal 0 0 -1
    outer loop
      vertex 5.3033 5.3033 0
      vertex 5.06693 5.52958 0
      vertex 36 -4 0
    endloop
  endfacet
  facet normal 0 0 -1
    outer loop
      vertex 5.06693 5.52958 0
      vertex 4.82091 5.74533 0
      vertex 36 -4 0
    endloop
  endfacet
  facet normal 0 0 -1
    outer loop
      vertex 36 -4 0
      vertex 4.82091 5.74533 0
      vertex 4.56571 5.95015 0
    endloop
  endfacet
  facet normal 0 0 -1
    outer loop
      vertex 4.56571 5.95015 0
      vertex 4.30182 6.14364 0
      vertex 36 -4 0
    endloop
  endfacet
  facet normal 0 0 -1
    outer loop
      vertex 4.30182 6.14364 0
      vertex 4.02975 6.32544 0
      vertex 36 -4 0
    endloop
  endfacet
  facet normal 0 0 -1
    outer loop
      vertex 36 -4 0
      vertex 4.02975 6.32544 0
      vertex 3.75 6.49519 0
    endloop
  endfacet
  facet normal 0 0 -1
    outer loop
      vertex -4.82091 5.74533 0
      vertex -5.06693 5.52958 0
      vertex -21.75 8.25 0
    endloop
  endfacet
  facet normal 0 0 -1
    outer loop
      vertex -5.06693 5.52958 0
      vertex -5.3033 5.3033 0
      vertex -21.75 8.25 0
    endloop
  endfacet
  facet normal 0 0 -1
    outer loop
      vertex -21.75 8.25 0
      vertex -5.3033 5.3033 0
      vertex -5.52958 5.06693 0
    endloop
  endfacet
  facet normal 0 0 -1
    outer loop
      vertex -5.52958 5.06693 0
      vertex -5.74533 4.82091 0
      vertex -21.75 8.25 0
    endloop
  endfacet
  facet normal 0 0 -1
    outer loop
      vertex -5.74533 4.82091 0
      vertex -5.95015 4.56571 0
      vertex -21.75 8.25 0
    endloop
  endfacet
  facet normal 0 0 -1
    outer loop
      vertex -21.75 8.25 0
      vertex -5.95015 4.56571 0
      vertex -6.14364 4.30182 0
    endloop
  endfacet
  facet normal 0 0 -1
    outer loop
      vertex -6.79731 3.16964 0
      vertex -6.9291 2.87013 0
      vertex -21.75 8.25 0
    endloop
  endfacet
  facet normal 0 0 -1
    outer loop
      vertex -6.9291 2.87013 0
      vertex -7.04769 2.56515 0
      vertex -21.75 8.25 0
    endloop
  endfacet
  facet normal 0 0 -1
    outer loop
      vertex -21.75 8.25 0
      vertex -7.04769 2.56515 0
      vertex -7.15288 2.25529 0
    endloop
  endfacet
  facet normal 0 0 -1
    outer loop
      vertex 0.327145 -7.49286 0
      vertex 0.653668 -7.47146 0
      vertex -21.75 -32 0
    endloop
  endfacet
  facet normal 0 0 -1
    outer loop
      vertex 0.653668 -7.47146 0
      vertex 0.978946 -7.43584 0
      vertex -21.75 -32 0
    endloop
  endfacet
  facet normal 0 0 -1
    outer loop
      vertex -21.75 -32 0
      vertex 0.978946 -7.43584 0
      vertex 1.30236 -7.38606 0
    endloop
  endfacet
  facet normal 0 0 -1
    outer loop
      vertex 1.30236 -7.38606 0
      vertex 1.6233 -7.32222 0
      vertex -21.75 -32 0
    endloop
  endfacet
  facet normal 0 0 -1
    outer loop
      vertex 1.6233 -7.32222 0
      vertex 1.94114 -7.24444 0
      vertex -21.75 -32 0
    endloop
  endfacet
  facet normal 0 0 -1
    outer loop
      vertex -21.75 -32 0
      vertex 1.94114 -7.24444 0
      vertex 36 -17 0
    endloop
  endfacet
  facet normal 0 0 -1
    outer loop
      vertex 1.94114 -7.24444 0
      vertex 2.25529 -7.15288 0
      vertex 36 -17 0
    endloop
  endfacet
  facet normal 0 0 -1
    outer loop
      vertex 36 -17 0
      vertex 2.25529 -7.15288 0
      vertex 2.56515 -7.04769 0
    endloop
  endfacet
  facet normal 0 0 -1
    outer loop
      vertex 5.06693 -5.52958 0
      vertex 5.3033 -5.3033 0
      vertex 36 -17 0
    endloop
  endfacet
  facet normal 0 0 -1
    outer loop
      vertex 5.3033 -5.3033 0
      vertex 5.52958 -5.06693 0
      vertex 36 -17 0
    endloop
  endfacet
  facet normal 0 0 -1
    outer loop
      vertex 36 -17 0
      vertex 5.52958 -5.06693 0
      vertex 5.74533 -4.82091 0
    endloop
  endfacet
  facet normal 0 0 -1
    outer loop
      vertex 6.49519 -3.75 0
      vertex 6.65258 -3.46311 0
      vertex 36 -17 0
    endloop
  endfacet
  facet normal 0 0 -1
    outer loop
      vertex 6.65258 -3.46311 0
      vertex 6.79731 -3.16964 0
      vertex 36 -17 0
    endloop
  endfacet
  facet normal 0 0 -1
    outer loop
      vertex 36 -17 0
      vertex 6.79731 -3.16964 0
      vertex 6.9291 -2.87013 0
    endloop
  endfacet
  facet normal 0 0 -1
    outer loop
      vertex 36 -4 0
      vertex 7.47146 -0.653668 0
      vertex 7.49286 -0.327145 0
    endloop
  endfacet
  facet normal 0 0 -1
    outer loop
      vertex 36 -4 0
      vertex 7.47146 0.653668 0
      vertex 7.43584 0.978946 0
    endloop
  endfacet
  facet normal 0 0 -1
    outer loop
      vertex 6.65258 3.46311 0
      vertex 6.49519 3.75 0
      vertex 36 -4 0
    endloop
  endfacet
  facet normal 0 0 -1
    outer loop
      vertex 6.49519 3.75 0
      vertex 6.32544 4.02975 0
      vertex 36 -4 0
    endloop
  endfacet
  facet normal 0 0 -1
    outer loop
      vertex 36 -4 0
      vertex 6.32544 4.02975 0
      vertex 6.14364 4.30182 0
    endloop
  endfacet
  facet normal 0 0 -1
    outer loop
      vertex 3.75 6.49519 0
      vertex 3.46311 6.65258 0
      vertex 36 -4 0
    endloop
  endfacet
  facet normal 0 0 -1
    outer loop
      vertex 3.46311 6.65258 0
      vertex 3.16964 6.79731 0
      vertex 36 -4 0
    endloop
  endfacet
  facet normal 0 0 -1
    outer loop
      vertex 36 -4 0
      vertex 3.16964 6.79731 0
      vertex 2.87013 6.9291 0
    endloop
  endfacet
  facet normal 0 0 -1
    outer loop
      vertex -7.24444 1.94114 0
      vertex -7.32222 1.6233 0
      vertex -21.75 8.25 0
    endloop
  endfacet
  facet normal 0 0 -1
    outer loop
      vertex -7.32222 1.6233 0
      vertex -7.38606 1.30236 0
      vertex -21.75 8.25 0
    endloop
  endfacet
  facet normal 0 0 -1
    outer loop
      vertex -21.75 8.25 0
      vertex -7.38606 1.30236 0
      vertex -7.43584 0.978946 0
    endloop
  endfacet
  facet normal 0 0 -1
    outer loop
      vertex -3.46311 -6.65258 0
      vertex -3.16964 -6.79731 0
      vertex -21.75 -32 0
    endloop
  endfacet
  facet normal 0 0 -1
    outer loop
      vertex -3.16964 -6.79731 0
      vertex -2.87013 -6.9291 0
      vertex -21.75 -32 0
    endloop
  endfacet
  facet normal 0 0 -1
    outer loop
      vertex -21.75 -32 0
      vertex -2.87013 -6.9291 0
      vertex -2.56515 -7.04769 0
    endloop
  endfacet
  facet normal 0 0 -1
    outer loop
      vertex -0.653668 -7.47146 0
      vertex -0.327145 -7.49286 0
      vertex -21.75 -32 0
    endloop
  endfacet
  facet normal 0 0 -1
    outer loop
      vertex -0.327145 -7.49286 0
      vertex -1.37773e-15 -7.5 0
      vertex -21.75 -32 0
    endloop
  endfacet
  facet normal 0 0 -1
    outer loop
      vertex -21.75 -32 0
      vertex -1.37773e-15 -7.5 0
      vertex 0.327145 -7.49286 0
    endloop
  endfacet
  facet normal 0 0 -1
    outer loop
      vertex 5.74533 -4.82091 0
      vertex 5.95015 -4.56571 0
      vertex 36 -17 0
    endloop
  endfacet
  facet normal 0 0 -1
    outer loop
      vertex 5.95015 -4.56571 0
      vertex 6.14364 -4.30182 0
      vertex 36 -17 0
    endloop
  endfacet
  facet normal 0 0 -1
    outer loop
      vertex 36 -17 0
      vertex 6.14364 -4.30182 0
      vertex 6.32544 -4.02975 0
    endloop
  endfacet
  facet normal 0 0 -1
    outer loop
      vertex 7.32222 -1.6233 0
      vertex 7.38606 -1.30236 0
      vertex 36 -4 0
    endloop
  endfacet
  facet normal 0 0 -1
    outer loop
      vertex 7.38606 -1.30236 0
      vertex 7.43584 -0.978946 0
      vertex 36 -4 0
    endloop
  endfacet
  facet normal 0 0 -1
    outer loop
      vertex 36 -4 0
      vertex 7.43584 -0.978946 0
      vertex 7.47146 -0.653668 0
    endloop
  endfacet
  facet normal 0 0 -1
    outer loop
      vertex 7.49286 -0.327145 0
      vertex 7.5 4.59243e-16 0
      vertex 36 -4 0
    endloop
  endfacet
  facet normal 0 0 -1
    outer loop
      vertex 7.5 4.59243e-16 0
      vertex 7.49286 0.327145 0
      vertex 36 -4 0
    endloop
  endfacet
  facet normal 0 0 -1
    outer loop
      vertex 36 -4 0
      vertex 7.49286 0.327145 0
      vertex 7.47146 0.653668 0
    endloop
  endfacet
  facet normal 0 0 -1
    outer loop
      vertex 7.43584 0.978946 0
      vertex 7.38606 1.30236 0
      vertex 36 -4 0
    endloop
  endfacet
  facet normal 0 0 -1
    outer loop
      vertex 7.38606 1.30236 0
      vertex 7.32222 1.6233 0
      vertex 36 -4 0
    endloop
  endfacet
  facet normal 0 0 -1
    outer loop
      vertex 36 -4 0
      vertex 7.32222 1.6233 0
      vertex 7.24444 1.94114 0
    endloop
  endfacet
  facet normal 0 0 -1
    outer loop
      vertex -2.56515 -7.04769 0
      vertex -2.25529 -7.15288 0
      vertex -21.75 -32 0
    endloop
  endfacet
  facet normal 0 0 -1
    outer loop
      vertex -2.25529 -7.15288 0
      vertex -1.94114 -7.24444 0
      vertex -21.75 -32 0
    endloop
  endfacet
  facet normal 0 0 -1
    outer loop
      vertex -21.75 -32 0
      vertex -1.94114 -7.24444 0
      vertex -1.6233 -7.32222 0
    endloop
  endfacet
  facet normal 0 0 -1
    outer loop
      vertex 6.9291 -2.87013 0
      vertex 7.04769 -2.56515 0
      vertex 36 -17 0
    endloop
  endfacet
  facet normal 0 0 -1
    outer loop
      vertex 7.04769 -2.56515 0
      vertex 7.15288 -2.25529 0
      vertex 36 -17 0
    endloop
  endfacet
  facet normal 0 0 -1
    outer loop
      vertex 36 -17 0
      vertex 7.15288 -2.25529 0
      vertex 36 -4 0
    endloop
  endfacet
  facet normal 0 0 -1
    outer loop
      vertex 7.15288 -2.25529 0
      vertex 7.24444 -1.94114 0
      vertex 36 -4 0
    endloop
  endfacet
  facet normal 0 0 -1
    outer loop
      vertex 36 -4 0
      vertex 7.24444 -1.94114 0
      vertex 7.32222 -1.6233 0
    endloop
  endfacet
  facet normal 0 0 -1
    outer loop
      vertex -1.6233 -7.32222 0
      vertex -1.30236 -7.38606 0
      vertex -21.75 -32 0
    endloop
  endfacet
  facet normal 0 0 -1
    outer loop
      vertex -1.30236 -7.38606 0
      vertex -0.978946 -7.43584 0
      vertex -21.75 -32 0
    endloop
  endfacet
  facet normal 0 0 -1
    outer loop
      vertex -21.75 -32 0
      vertex -0.978946 -7.43584 0
      vertex -0.653668 -7.47146 0
    endloop
  endfacet
  facet normal 0 0 -1
    outer loop
      vertex -42 8.25 0
      vertex -39 -4 0
      vertex -39 -17 0
    endloop
  endfacet
  facet normal 0 0 -1
    outer loop
      vertex -39 -4 0
      vertex -42 8.25 0
      vertex -36 -4 0
    endloop
  endfacet
  facet normal 0 0 -1
    outer loop
      vertex -42 8.25 0
      vertex -21.75 8.25 0
      vertex -36 -4 0
    endloop
  endfacet
  facet normal 0 0 -1
    outer loop
      vertex -36 -4 0
      vertex -21.75 8.25 0
      vertex -36 -17 0
    endloop
  endfacet
  facet normal 0 0 -1
    outer loop
      vertex -21.75 8.25 0
      vertex -21.75 -32 0
      vertex -36 -17 0
    endloop
  endfacet
  facet normal 0 0 -1
    outer loop
      vertex -36 -17 0
      vertex -21.75 -32 0
      vertex -39 -17 0
    endloop
  endfacet
  facet normal 0 0 -1
    outer loop
      vertex -21.75 -32 0
      vertex -42 -32 0
      vertex -39 -17 0
    endloop
  endfacet
  facet normal 0 0 -1
    outer loop
      vertex -39 -17 0
      vertex -42 -32 0
      vertex -42 8.25 0
    endloop
  endfacet
  facet normal 0.0218299 -0.999762 0
    outer loop
      vertex -30 -27.5 3
      vertex -30 -27.5 28
      vertex -30.0654 -27.5014 3
    endloop
  endfacet
  facet normal 0.0218299 -0.999762 0
    outer loop
      vertex -30 -27.5 28
      vertex -30.0654 -27.5014 28
      vertex -30.0654 -27.5014 3
    endloop
  endfacet
  facet normal 0.0654044 -0.997859 0
    outer loop
      vertex -30.0654 -27.5014 3
      vertex -30.0654 -27.5014 28
      vertex -30.1307 -27.5057 3
    endloop
  endfacet
  facet normal 0.0654044 -0.997859 0
    outer loop
      vertex -30.0654 -27.5014 28
      vertex -30.1307 -27.5057 28
      vertex -30.1307 -27.5057 3
    endloop
  endfacet
  facet normal 0.108863 -0.994057 0
    outer loop
      vertex -30.1307 -27.5057 3
      vertex -30.1307 -27.5057 28
      vertex -30.1958 -27.5128 3
    endloop
  endfacet
  facet normal 0.108863 -0.994057 0
    outer loop
      vertex -30.1307 -27.5057 28
      vertex -30.1958 -27.5128 28
      vertex -30.1958 -27.5128 3
    endloop
  endfacet
  facet normal 0.1521 -0.988365 0
    outer loop
      vertex -30.1958 -27.5128 3
      vertex -30.1958 -27.5128 28
      vertex -30.2605 -27.5228 3
    endloop
  endfacet
  facet normal 0.1521 -0.988365 0
    outer loop
      vertex -30.1958 -27.5128 28
      vertex -30.2605 -27.5228 28
      vertex -30.2605 -27.5228 3
    endloop
  endfacet
  facet normal 0.195098 -0.980784 0
    outer loop
      vertex -30.2605 -27.5228 3
      vertex -30.2605 -27.5228 28
      vertex -30.3247 -27.5356 3
    endloop
  endfacet
  facet normal 0.195098 -0.980784 0
    outer loop
      vertex -30.2605 -27.5228 28
      vertex -30.3247 -27.5356 28
      vertex -30.3247 -27.5356 3
    endloop
  endfacet
  facet normal 0.237684 -0.971343 0
    outer loop
      vertex -30.3247 -27.5356 3
      vertex -30.3247 -27.5356 28
      vertex -30.3882 -27.5511 3
    endloop
  endfacet
  facet normal 0.237684 -0.971343 0
    outer loop
      vertex -30.3247 -27.5356 28
      vertex -30.3882 -27.5511 28
      vertex -30.3882 -27.5511 3
    endloop
  endfacet
  facet normal 0.27983 -0.96005 0
    outer loop
      vertex -30.3882 -27.5511 3
      vertex -30.3882 -27.5511 28
      vertex -30.4511 -27.5694 3
    endloop
  endfacet
  facet normal 0.27983 -0.96005 0
    outer loop
      vertex -30.3882 -27.5511 28
      vertex -30.4511 -27.5694 28
      vertex -30.4511 -27.5694 3
    endloop
  endfacet
  facet normal 0.321449 -0.946927 0
    outer loop
      vertex -30.4511 -27.5694 3
      vertex -30.4511 -27.5694 28
      vertex -30.513 -27.5905 3
    endloop
  endfacet
  facet normal 0.321449 -0.946927 0
    outer loop
      vertex -30.4511 -27.5694 28
      vertex -30.513 -27.5905 28
      vertex -30.513 -27.5905 3
    endloop
  endfacet
  facet normal 0.362423 -0.932014 0
    outer loop
      vertex -30.513 -27.5905 3
      vertex -30.513 -27.5905 28
      vertex -30.574 -27.6142 3
    endloop
  endfacet
  facet normal 0.362423 -0.932014 0
    outer loop
      vertex -30.513 -27.5905 28
      vertex -30.574 -27.6142 28
      vertex -30.574 -27.6142 3
    endloop
  endfacet
  facet normal 0.402753 -0.915309 0
    outer loop
      vertex -30.574 -27.6142 3
      vertex -30.574 -27.6142 28
      vertex -30.6339 -27.6405 3
    endloop
  endfacet
  facet normal 0.402753 -0.915309 0
    outer loop
      vertex -30.574 -27.6142 28
      vertex -30.6339 -27.6405 28
      vertex -30.6339 -27.6405 3
    endloop
  endfacet
  facet normal 0.4423 -0.896867 0
    outer loop
      vertex -30.6339 -27.6405 3
      vertex -30.6339 -27.6405 28
      vertex -30.6926 -27.6695 3
    endloop
  endfacet
  facet normal 0.4423 -0.896867 0
    outer loop
      vertex -30.6339 -27.6405 28
      vertex -30.6926 -27.6695 28
      vertex -30.6926 -27.6695 3
    endloop
  endfacet
  facet normal 0.480984 -0.876729 0
    outer loop
      vertex -30.6926 -27.6695 3
      vertex -30.6926 -27.6695 28
      vertex -30.75 -27.701 3
    endloop
  endfacet
  facet normal 0.480984 -0.876729 0
    outer loop
      vertex -30.6926 -27.6695 28
      vertex -30.75 -27.701 28
      vertex -30.75 -27.701 3
    endloop
  endfacet
  facet normal 0.518775 -0.854911 0
    outer loop
      vertex -30.75 -27.701 3
      vertex -30.75 -27.701 28
      vertex -30.8059 -27.7349 3
    endloop
  endfacet
  facet normal 0.518775 -0.854911 0
    outer loop
      vertex -30.75 -27.701 28
      vertex -30.8059 -27.7349 28
      vertex -30.8059 -27.7349 3
    endloop
  endfacet
  facet normal 0.555567 -0.831472 0
    outer loop
      vertex -30.8059 -27.7349 3
      vertex -30.8059 -27.7349 28
      vertex -30.8604 -27.7713 3
    endloop
  endfacet
  facet normal 0.555567 -0.831472 0
    outer loop
      vertex -30.8059 -27.7349 28
      vertex -30.8604 -27.7713 28
      vertex -30.8604 -27.7713 3
    endloop
  endfacet
  facet normal 0.591308 -0.806446 0
    outer loop
      vertex -30.8604 -27.7713 3
      vertex -30.8604 -27.7713 28
      vertex -30.9131 -27.81 3
    endloop
  endfacet
  facet normal 0.591308 -0.806446 0
    outer loop
      vertex -30.8604 -27.7713 28
      vertex -30.9131 -27.81 28
      vertex -30.9131 -27.81 3
    endloop
  endfacet
  facet normal 0.62593 -0.779879 0
    outer loop
      vertex -30.9131 -27.81 3
      vertex -30.9131 -27.81 28
      vertex -30.9642 -27.8509 3
    endloop
  endfacet
  facet normal 0.62593 -0.779879 0
    outer loop
      vertex -30.9131 -27.81 28
      vertex -30.9642 -27.8509 28
      vertex -30.9642 -27.8509 3
    endloop
  endfacet
  facet normal 0.659342 -0.751843 0
    outer loop
      vertex -30.9642 -27.8509 3
      vertex -30.9642 -27.8509 28
      vertex -31.0134 -27.8941 3
    endloop
  endfacet
  facet normal 0.659342 -0.751843 0
    outer loop
      vertex -30.9642 -27.8509 28
      vertex -31.0134 -27.8941 28
      vertex -31.0134 -27.8941 3
    endloop
  endfacet
  facet normal 0.691513 -0.722364 0
    outer loop
      vertex -31.0134 -27.8941 3
      vertex -31.0134 -27.8941 28
      vertex -31.0607 -27.9393 3
    endloop
  endfacet
  facet normal 0.691513 -0.722364 0
    outer loop
      vertex -31.0134 -27.8941 28
      vertex -31.0607 -27.9393 28
      vertex -31.0607 -27.9393 3
    endloop
  endfacet
  facet normal 0.722365 -0.691512 0
    outer loop
      vertex -31.0607 -27.9393 3
      vertex -31.0607 -27.9393 28
      vertex -31.1059 -27.9866 3
    endloop
  endfacet
  facet normal 0.722365 -0.691512 0
    outer loop
      vertex -31.0607 -27.9393 28
      vertex -31.1059 -27.9866 28
      vertex -31.1059 -27.9866 3
    endloop
  endfacet
  facet normal 0.751829 -0.659359 0
    outer loop
      vertex -31.1059 -27.9866 3
      vertex -31.1059 -27.9866 28
      vertex -31.1491 -28.0358 3
    endloop
  endfacet
  facet normal 0.751829 -0.659359 0
    outer loop
      vertex -31.1059 -27.9866 28
      vertex -31.1491 -28.0358 28
      vertex -31.1491 -28.0358 3
    endloop
  endfacet
  facet normal 0.77989 -0.625916 0
    outer loop
      vertex -31.1491 -28.0358 3
      vertex -31.1491 -28.0358 28
      vertex -31.19 -28.0869 3
    endloop
  endfacet
  facet normal 0.77989 -0.625916 0
    outer loop
      vertex -31.1491 -28.0358 28
      vertex -31.19 -28.0869 28
      vertex -31.19 -28.0869 3
    endloop
  endfacet
  facet normal 0.806446 -0.591308 0
    outer loop
      vertex -31.19 -28.0869 3
      vertex -31.19 -28.0869 28
      vertex -31.2287 -28.1396 3
    endloop
  endfacet
  facet normal 0.806446 -0.591308 0
    outer loop
      vertex -31.19 -28.0869 28
      vertex -31.2287 -28.1396 28
      vertex -31.2287 -28.1396 3
    endloop
  endfacet
  facet normal 0.831472 -0.555567 0
    outer loop
      vertex -31.2287 -28.1396 3
      vertex -31.2287 -28.1396 28
      vertex -31.2651 -28.1941 3
    endloop
  endfacet
  facet normal 0.831472 -0.555567 0
    outer loop
      vertex -31.2287 -28.1396 28
      vertex -31.2651 -28.1941 28
      vertex -31.2651 -28.1941 3
    endloop
  endfacet
  facet normal 0.854898 -0.518796 0
    outer loop
      vertex -31.2651 -28.1941 3
      vertex -31.2651 -28.1941 28
      vertex -31.299 -28.25 3
    endloop
  endfacet
  facet normal 0.854898 -0.518796 0
    outer loop
      vertex -31.2651 -28.1941 28
      vertex -31.299 -28.25 28
      vertex -31.299 -28.25 3
    endloop
  endfacet
  facet normal 0.876747 -0.480953 0
    outer loop
      vertex -31.299 -28.25 3
      vertex -31.299 -28.25 28
      vertex -31.3305 -28.3074 3
    endloop
  endfacet
  facet normal 0.876747 -0.480953 0
    outer loop
      vertex -31.299 -28.25 28
      vertex -31.3305 -28.3074 28
      vertex -31.3305 -28.3074 3
    endloop
  endfacet
  facet normal 0.896873 -0.442289 0
    outer loop
      vertex -31.3305 -28.3074 3
      vertex -31.3305 -28.3074 28
      vertex -31.3595 -28.3661 3
    endloop
  endfacet
  facet normal 0.896873 -0.442289 0
    outer loop
      vertex -31.3305 -28.3074 28
      vertex -31.3595 -28.3661 28
      vertex -31.3595 -28.3661 3
    endloop
  endfacet
  facet normal 0.915298 -0.402777 0
    outer loop
      vertex -31.3595 -28.3661 3
      vertex -31.3595 -28.3661 28
      vertex -31.3858 -28.426 3
    endloop
  endfacet
  facet normal 0.915298 -0.402777 0
    outer loop
      vertex -31.3595 -28.3661 28
      vertex -31.3858 -28.426 28
      vertex -31.3858 -28.426 3
    endloop
  endfacet
  facet normal 0.93201 -0.362433 0
    outer loop
      vertex -31.3858 -28.426 3
      vertex -31.3858 -28.426 28
      vertex -31.4095 -28.487 3
    endloop
  endfacet
  facet normal 0.93201 -0.362433 0
    outer loop
      vertex -31.3858 -28.426 28
      vertex -31.4095 -28.487 28
      vertex -31.4095 -28.487 3
    endloop
  endfacet
  facet normal 0.94693 -0.32144 0
    outer loop
      vertex -31.4095 -28.487 3
      vertex -31.4095 -28.487 28
      vertex -31.4306 -28.5489 3
    endloop
  endfacet
  facet normal 0.94693 -0.32144 0
    outer loop
      vertex -31.4095 -28.487 28
      vertex -31.4306 -28.5489 28
      vertex -31.4306 -28.5489 3
    endloop
  endfacet
  facet normal 0.96005 -0.27983 0
    outer loop
      vertex -31.4306 -28.5489 3
      vertex -31.4306 -28.5489 28
      vertex -31.4489 -28.6118 3
    endloop
  endfacet
  facet normal 0.96005 -0.27983 0
    outer loop
      vertex -31.4306 -28.5489 28
      vertex -31.4489 -28.6118 28
      vertex -31.4489 -28.6118 3
    endloop
  endfacet
  facet normal 0.971349 -0.237657 0
    outer loop
      vertex -31.4489 -28.6118 3
      vertex -31.4489 -28.6118 28
      vertex -31.4644 -28.6753 3
    endloop
  endfacet
  facet normal 0.971349 -0.237657 0
    outer loop
      vertex -31.4489 -28.6118 28
      vertex -31.4644 -28.6753 28
      vertex -31.4644 -28.6753 3
    endloop
  endfacet
  facet normal 0.980777 -0.195131 0
    outer loop
      vertex -31.4644 -28.6753 3
      vertex -31.4644 -28.6753 28
      vertex -31.4772 -28.7395 3
    endloop
  endfacet
  facet normal 0.980777 -0.195131 0
    outer loop
      vertex -31.4644 -28.6753 28
      vertex -31.4772 -28.7395 28
      vertex -31.4772 -28.7395 3
    endloop
  endfacet
  facet normal 0.988366 -0.152096 0
    outer loop
      vertex -31.4772 -28.7395 3
      vertex -31.4772 -28.7395 28
      vertex -31.4872 -28.8042 3
    endloop
  endfacet
  facet normal 0.988366 -0.152096 0
    outer loop
      vertex -31.4772 -28.7395 28
      vertex -31.4872 -28.8042 28
      vertex -31.4872 -28.8042 3
    endloop
  endfacet
  facet normal 0.994053 -0.108894 0
    outer loop
      vertex -31.4872 -28.8042 3
      vertex -31.4872 -28.8042 28
      vertex -31.4943 -28.8693 3
    endloop
  endfacet
  facet normal 0.994053 -0.108894 0
    outer loop
      vertex -31.4872 -28.8042 28
      vertex -31.4943 -28.8693 28
      vertex -31.4943 -28.8693 3
    endloop
  endfacet
  facet normal 0.997859 -0.0654044 0
    outer loop
      vertex -31.4943 -28.8693 3
      vertex -31.4943 -28.8693 28
      vertex -31.4986 -28.9346 3
    endloop
  endfacet
  facet normal 0.997859 -0.0654044 0
    outer loop
      vertex -31.4943 -28.8693 28
      vertex -31.4986 -28.9346 28
      vertex -31.4986 -28.9346 3
    endloop
  endfacet
  facet normal 0.999762 -0.0218014 0
    outer loop
      vertex -31.4986 -28.9346 3
      vertex -31.4986 -28.9346 28
      vertex -31.5 -29 3
    endloop
  endfacet
  facet normal 0.999762 -0.0218014 0
    outer loop
      vertex -31.4986 -28.9346 28
      vertex -31.5 -29 28
      vertex -31.5 -29 3
    endloop
  endfacet
  facet normal 0.999762 0.0218014 0
    outer loop
      vertex -31.5 -29 3
      vertex -31.5 -29 28
      vertex -31.4986 -29.0654 3
    endloop
  endfacet
  facet normal 0.999762 0.0218014 0
    outer loop
      vertex -31.5 -29 28
      vertex -31.4986 -29.0654 28
      vertex -31.4986 -29.0654 3
    endloop
  endfacet
  facet normal 0.997859 0.0654026 0
    outer loop
      vertex -31.4986 -29.0654 3
      vertex -31.4986 -29.0654 28
      vertex -31.4943 -29.1307 3
    endloop
  endfacet
  facet normal 0.997859 0.0654026 0
    outer loop
      vertex -31.4986 -29.0654 28
      vertex -31.4943 -29.1307 28
      vertex -31.4943 -29.1307 3
    endloop
  endfacet
  facet normal 0.994053 0.108894 0
    outer loop
      vertex -31.4943 -29.1307 3
      vertex -31.4943 -29.1307 28
      vertex -31.4872 -29.1958 3
    endloop
  endfacet
  facet normal 0.994053 0.108894 0
    outer loop
      vertex -31.4943 -29.1307 28
      vertex -31.4872 -29.1958 28
      vertex -31.4872 -29.1958 3
    endloop
  endfacet
  facet normal 0.988365 0.1521 0
    outer loop
      vertex -31.4872 -29.1958 3
      vertex -31.4872 -29.1958 28
      vertex -31.4772 -29.2605 3
    endloop
  endfacet
  facet normal 0.988365 0.1521 0
    outer loop
      vertex -31.4872 -29.1958 28
      vertex -31.4772 -29.2605 28
      vertex -31.4772 -29.2605 3
    endloop
  endfacet
  facet normal 0.980778 0.195125 0
    outer loop
      vertex -31.4772 -29.2605 3
      vertex -31.4772 -29.2605 28
      vertex -31.4644 -29.3247 3
    endloop
  endfacet
  facet normal 0.980778 0.195125 0
    outer loop
      vertex -31.4772 -29.2605 28
      vertex -31.4644 -29.3247 28
      vertex -31.4644 -29.3247 3
    endloop
  endfacet
  facet normal 0.971349 0.237657 0
    outer loop
      vertex -31.4644 -29.3247 3
      vertex -31.4644 -29.3247 28
      vertex -31.4489 -29.3882 3
    endloop
  endfacet
  facet normal 0.971349 0.237657 0
    outer loop
      vertex -31.4644 -29.3247 28
      vertex -31.4489 -29.3882 28
      vertex -31.4489 -29.3882 3
    endloop
  endfacet
  facet normal 0.96005 0.27983 0
    outer loop
      vertex -31.4489 -29.3882 3
      vertex -31.4489 -29.3882 28
      vertex -31.4306 -29.4511 3
    endloop
  endfacet
  facet normal 0.96005 0.27983 0
    outer loop
      vertex -31.4489 -29.3882 28
      vertex -31.4306 -29.4511 28
      vertex -31.4306 -29.4511 3
    endloop
  endfacet
  facet normal 0.946927 0.321449 0
    outer loop
      vertex -31.4306 -29.4511 3
      vertex -31.4306 -29.4511 28
      vertex -31.4095 -29.513 3
    endloop
  endfacet
  facet normal 0.946927 0.321449 0
    outer loop
      vertex -31.4306 -29.4511 28
      vertex -31.4095 -29.513 28
      vertex -31.4095 -29.513 3
    endloop
  endfacet
  facet normal 0.932014 0.362423 0
    outer loop
      vertex -31.4095 -29.513 3
      vertex -31.4095 -29.513 28
      vertex -31.3858 -29.574 3
    endloop
  endfacet
  facet normal 0.932014 0.362423 0
    outer loop
      vertex -31.4095 -29.513 28
      vertex -31.3858 -29.574 28
      vertex -31.3858 -29.574 3
    endloop
  endfacet
  facet normal 0.915298 0.402777 0
    outer loop
      vertex -31.3858 -29.574 3
      vertex -31.3858 -29.574 28
      vertex -31.3595 -29.6339 3
    endloop
  endfacet
  facet normal 0.915298 0.402777 0
    outer loop
      vertex -31.3858 -29.574 28
      vertex -31.3595 -29.6339 28
      vertex -31.3595 -29.6339 3
    endloop
  endfacet
  facet normal 0.896873 0.442289 0
    outer loop
      vertex -31.3595 -29.6339 3
      vertex -31.3595 -29.6339 28
      vertex -31.3305 -29.6926 3
    endloop
  endfacet
  facet normal 0.896873 0.442289 0
    outer loop
      vertex -31.3595 -29.6339 28
      vertex -31.3305 -29.6926 28
      vertex -31.3305 -29.6926 3
    endloop
  endfacet
  facet normal 0.876747 0.480953 0
    outer loop
      vertex -31.3305 -29.6926 3
      vertex -31.3305 -29.6926 28
      vertex -31.299 -29.75 3
    endloop
  endfacet
  facet normal 0.876747 0.480953 0
    outer loop
      vertex -31.3305 -29.6926 28
      vertex -31.299 -29.75 28
      vertex -31.299 -29.75 3
    endloop
  endfacet
  facet normal 0.854898 0.518796 0
    outer loop
      vertex -31.299 -29.75 3
      vertex -31.299 -29.75 28
      vertex -31.2651 -29.8059 3
    endloop
  endfacet
  facet normal 0.854898 0.518796 0
    outer loop
      vertex -31.299 -29.75 28
      vertex -31.2651 -29.8059 28
      vertex -31.2651 -29.8059 3
    endloop
  endfacet
  facet normal 0.831472 0.555567 0
    outer loop
      vertex -31.2651 -29.8059 3
      vertex -31.2651 -29.8059 28
      vertex -31.2287 -29.8604 3
    endloop
  endfacet
  facet normal 0.831472 0.555567 0
    outer loop
      vertex -31.2651 -29.8059 28
      vertex -31.2287 -29.8604 28
      vertex -31.2287 -29.8604 3
    endloop
  endfacet
  facet normal 0.806446 0.591308 0
    outer loop
      vertex -31.2287 -29.8604 3
      vertex -31.2287 -29.8604 28
      vertex -31.19 -29.9131 3
    endloop
  endfacet
  facet normal 0.806446 0.591308 0
    outer loop
      vertex -31.2287 -29.8604 28
      vertex -31.19 -29.9131 28
      vertex -31.19 -29.9131 3
    endloop
  endfacet
  facet normal 0.779879 0.62593 0
    outer loop
      vertex -31.19 -29.9131 3
      vertex -31.19 -29.9131 28
      vertex -31.1491 -29.9642 3
    endloop
  endfacet
  facet normal 0.779879 0.62593 0
    outer loop
      vertex -31.19 -29.9131 28
      vertex -31.1491 -29.9642 28
      vertex -31.1491 -29.9642 3
    endloop
  endfacet
  facet normal 0.751841 0.659344 0
    outer loop
      vertex -31.1491 -29.9642 3
      vertex -31.1491 -29.9642 28
      vertex -31.1059 -30.0134 3
    endloop
  endfacet
  facet normal 0.751841 0.659344 0
    outer loop
      vertex -31.1491 -29.9642 28
      vertex -31.1059 -30.0134 28
      vertex -31.1059 -30.0134 3
    endloop
  endfacet
  facet normal 0.722365 0.691512 0
    outer loop
      vertex -31.1059 -30.0134 3
      vertex -31.1059 -30.0134 28
      vertex -31.0607 -30.0607 3
    endloop
  endfacet
  facet normal 0.722365 0.691512 0
    outer loop
      vertex -31.1059 -30.0134 28
      vertex -31.0607 -30.0607 28
      vertex -31.0607 -30.0607 3
    endloop
  endfacet
  facet normal 0.691513 0.722364 0
    outer loop
      vertex -31.0607 -30.0607 3
      vertex -31.0607 -30.0607 28
      vertex -31.0134 -30.1059 3
    endloop
  endfacet
  facet normal 0.691513 0.722364 0
    outer loop
      vertex -31.0607 -30.0607 28
      vertex -31.0134 -30.1059 28
      vertex -31.0134 -30.1059 3
    endloop
  endfacet
  facet normal 0.659342 0.751843 0
    outer loop
      vertex -31.0134 -30.1059 3
      vertex -31.0134 -30.1059 28
      vertex -30.9642 -30.1491 3
    endloop
  endfacet
  facet normal 0.659342 0.751843 0
    outer loop
      vertex -31.0134 -30.1059 28
      vertex -30.9642 -30.1491 28
      vertex -30.9642 -30.1491 3
    endloop
  endfacet
  facet normal 0.62593 0.779879 0
    outer loop
      vertex -30.9642 -30.1491 3
      vertex -30.9642 -30.1491 28
      vertex -30.9131 -30.19 3
    endloop
  endfacet
  facet normal 0.62593 0.779879 0
    outer loop
      vertex -30.9642 -30.1491 28
      vertex -30.9131 -30.19 28
      vertex -30.9131 -30.19 3
    endloop
  endfacet
  facet normal 0.591308 0.806446 0
    outer loop
      vertex -30.9131 -30.19 3
      vertex -30.9131 -30.19 28
      vertex -30.8604 -30.2287 3
    endloop
  endfacet
  facet normal 0.591308 0.806446 0
    outer loop
      vertex -30.9131 -30.19 28
      vertex -30.8604 -30.2287 28
      vertex -30.8604 -30.2287 3
    endloop
  endfacet
  facet normal 0.555567 0.831472 0
    outer loop
      vertex -30.8604 -30.2287 3
      vertex -30.8604 -30.2287 28
      vertex -30.8059 -30.2651 3
    endloop
  endfacet
  facet normal 0.555567 0.831472 0
    outer loop
      vertex -30.8604 -30.2287 28
      vertex -30.8059 -30.2651 28
      vertex -30.8059 -30.2651 3
    endloop
  endfacet
  facet normal 0.518775 0.854911 0
    outer loop
      vertex -30.8059 -30.2651 3
      vertex -30.8059 -30.2651 28
      vertex -30.75 -30.299 3
    endloop
  endfacet
  facet normal 0.518775 0.854911 0
    outer loop
      vertex -30.8059 -30.2651 28
      vertex -30.75 -30.299 28
      vertex -30.75 -30.299 3
    endloop
  endfacet
  facet normal 0.480984 0.876729 0
    outer loop
      vertex -30.75 -30.299 3
      vertex -30.75 -30.299 28
      vertex -30.6926 -30.3305 3
    endloop
  endfacet
  facet normal 0.480984 0.876729 0
    outer loop
      vertex -30.75 -30.299 28
      vertex -30.6926 -30.3305 28
      vertex -30.6926 -30.3305 3
    endloop
  endfacet
  facet normal 0.4423 0.896867 0
    outer loop
      vertex -30.6926 -30.3305 3
      vertex -30.6926 -30.3305 28
      vertex -30.6339 -30.3595 3
    endloop
  endfacet
  facet normal 0.4423 0.896867 0
    outer loop
      vertex -30.6926 -30.3305 28
      vertex -30.6339 -30.3595 28
      vertex -30.6339 -30.3595 3
    endloop
  endfacet
  facet normal 0.402753 0.915309 0
    outer loop
      vertex -30.6339 -30.3595 3
      vertex -30.6339 -30.3595 28
      vertex -30.574 -30.3858 3
    endloop
  endfacet
  facet normal 0.402753 0.915309 0
    outer loop
      vertex -30.6339 -30.3595 28
      vertex -30.574 -30.3858 28
      vertex -30.574 -30.3858 3
    endloop
  endfacet
  facet normal 0.362423 0.932014 0
    outer loop
      vertex -30.574 -30.3858 3
      vertex -30.574 -30.3858 28
      vertex -30.513 -30.4095 3
    endloop
  endfacet
  facet normal 0.362423 0.932014 0
    outer loop
      vertex -30.574 -30.3858 28
      vertex -30.513 -30.4095 28
      vertex -30.513 -30.4095 3
    endloop
  endfacet
  facet normal 0.321449 0.946927 0
    outer loop
      vertex -30.513 -30.4095 3
      vertex -30.513 -30.4095 28
      vertex -30.4511 -30.4306 3
    endloop
  endfacet
  facet normal 0.321449 0.946927 0
    outer loop
      vertex -30.513 -30.4095 28
      vertex -30.4511 -30.4306 28
      vertex -30.4511 -30.4306 3
    endloop
  endfacet
  facet normal 0.27983 0.96005 0
    outer loop
      vertex -30.4511 -30.4306 3
      vertex -30.4511 -30.4306 28
      vertex -30.3882 -30.4489 3
    endloop
  endfacet
  facet normal 0.27983 0.96005 0
    outer loop
      vertex -30.4511 -30.4306 28
      vertex -30.3882 -30.4489 28
      vertex -30.3882 -30.4489 3
    endloop
  endfacet
  facet normal 0.237684 0.971343 0
    outer loop
      vertex -30.3882 -30.4489 3
      vertex -30.3882 -30.4489 28
      vertex -30.3247 -30.4644 3
    endloop
  endfacet
  facet normal 0.237684 0.971343 0
    outer loop
      vertex -30.3882 -30.4489 28
      vertex -30.3247 -30.4644 28
      vertex -30.3247 -30.4644 3
    endloop
  endfacet
  facet normal 0.195071 0.980789 0
    outer loop
      vertex -30.3247 -30.4644 3
      vertex -30.3247 -30.4644 28
      vertex -30.2605 -30.4772 3
    endloop
  endfacet
  facet normal 0.195071 0.980789 0
    outer loop
      vertex -30.3247 -30.4644 28
      vertex -30.2605 -30.4772 28
      vertex -30.2605 -30.4772 3
    endloop
  endfacet
  facet normal 0.152128 0.988361 0
    outer loop
      vertex -30.2605 -30.4772 3
      vertex -30.2605 -30.4772 28
      vertex -30.1958 -30.4872 3
    endloop
  endfacet
  facet normal 0.152128 0.988361 0
    outer loop
      vertex -30.2605 -30.4772 28
      vertex -30.1958 -30.4872 28
      vertex -30.1958 -30.4872 3
    endloop
  endfacet
  facet normal 0.108863 0.994057 0
    outer loop
      vertex -30.1958 -30.4872 3
      vertex -30.1958 -30.4872 28
      vertex -30.1307 -30.4943 3
    endloop
  endfacet
  facet normal 0.108863 0.994057 0
    outer loop
      vertex -30.1958 -30.4872 28
      vertex -30.1307 -30.4943 28
      vertex -30.1307 -30.4943 3
    endloop
  endfacet
  facet normal 0.0654044 0.997859 0
    outer loop
      vertex -30.1307 -30.4943 3
      vertex -30.1307 -30.4943 28
      vertex -30.0654 -30.4986 3
    endloop
  endfacet
  facet normal 0.0654044 0.997859 0
    outer loop
      vertex -30.1307 -30.4943 28
      vertex -30.0654 -30.4986 28
      vertex -30.0654 -30.4986 3
    endloop
  endfacet
  facet normal 0.0218299 0.999762 0
    outer loop
      vertex -30.0654 -30.4986 3
      vertex -30.0654 -30.4986 28
      vertex -30 -30.5 3
    endloop
  endfacet
  facet normal 0.0218299 0.999762 0
    outer loop
      vertex -30.0654 -30.4986 28
      vertex -30 -30.5 28
      vertex -30 -30.5 3
    endloop
  endfacet
  facet normal -0.0218299 0.999762 0
    outer loop
      vertex -30 -30.5 3
      vertex -30 -30.5 28
      vertex -29.9346 -30.4986 3
    endloop
  endfacet
  facet normal -0.0218299 0.999762 0
    outer loop
      vertex -30 -30.5 28
      vertex -29.9346 -30.4986 28
      vertex -29.9346 -30.4986 3
    endloop
  endfacet
  facet normal -0.0654044 0.997859 0
    outer loop
      vertex -29.9346 -30.4986 3
      vertex -29.9346 -30.4986 28
      vertex -29.8693 -30.4943 3
    endloop
  endfacet
  facet normal -0.0654044 0.997859 0
    outer loop
      vertex -29.9346 -30.4986 28
      vertex -29.8693 -30.4943 28
      vertex -29.8693 -30.4943 3
    endloop
  endfacet
  facet normal -0.108866 0.994056 0
    outer loop
      vertex -29.8693 -30.4943 3
      vertex -29.8693 -30.4943 28
      vertex -29.8042 -30.4872 3
    endloop
  endfacet
  facet normal -0.108866 0.994056 0
    outer loop
      vertex -29.8693 -30.4943 28
      vertex -29.8042 -30.4872 28
      vertex -29.8042 -30.4872 3
    endloop
  endfacet
  facet normal -0.152123 0.988361 0
    outer loop
      vertex -29.8042 -30.4872 3
      vertex -29.8042 -30.4872 28
      vertex -29.7395 -30.4772 3
    endloop
  endfacet
  facet normal -0.152123 0.988361 0
    outer loop
      vertex -29.8042 -30.4872 28
      vertex -29.7395 -30.4772 28
      vertex -29.7395 -30.4772 3
    endloop
  endfacet
  facet normal -0.195076 0.980788 0
    outer loop
      vertex -29.7395 -30.4772 3
      vertex -29.7395 -30.4772 28
      vertex -29.6753 -30.4644 3
    endloop
  endfacet
  facet normal -0.195076 0.980788 0
    outer loop
      vertex -29.7395 -30.4772 28
      vertex -29.6753 -30.4644 28
      vertex -29.6753 -30.4644 3
    endloop
  endfacet
  facet normal -0.237684 0.971343 0
    outer loop
      vertex -29.6753 -30.4644 3
      vertex -29.6753 -30.4644 28
      vertex -29.6118 -30.4489 3
    endloop
  endfacet
  facet normal -0.237684 0.971343 0
    outer loop
      vertex -29.6753 -30.4644 28
      vertex -29.6118 -30.4489 28
      vertex -29.6118 -30.4489 3
    endloop
  endfacet
  facet normal -0.27983 0.96005 0
    outer loop
      vertex -29.6118 -30.4489 3
      vertex -29.6118 -30.4489 28
      vertex -29.5489 -30.4306 3
    endloop
  endfacet
  facet normal -0.27983 0.96005 0
    outer loop
      vertex -29.6118 -30.4489 28
      vertex -29.5489 -30.4306 28
      vertex -29.5489 -30.4306 3
    endloop
  endfacet
  facet normal -0.32144 0.94693 0
    outer loop
      vertex -29.5489 -30.4306 3
      vertex -29.5489 -30.4306 28
      vertex -29.487 -30.4095 3
    endloop
  endfacet
  facet normal -0.32144 0.94693 0
    outer loop
      vertex -29.5489 -30.4306 28
      vertex -29.487 -30.4095 28
      vertex -29.487 -30.4095 3
    endloop
  endfacet
  facet normal -0.362433 0.93201 0
    outer loop
      vertex -29.487 -30.4095 3
      vertex -29.487 -30.4095 28
      vertex -29.426 -30.3858 3
    endloop
  endfacet
  facet normal -0.362433 0.93201 0
    outer loop
      vertex -29.487 -30.4095 28
      vertex -29.426 -30.3858 28
      vertex -29.426 -30.3858 3
    endloop
  endfacet
  facet normal -0.402753 0.915309 0
    outer loop
      vertex -29.426 -30.3858 3
      vertex -29.426 -30.3858 28
      vertex -29.3661 -30.3595 3
    endloop
  endfacet
  facet normal -0.402753 0.915309 0
    outer loop
      vertex -29.426 -30.3858 28
      vertex -29.3661 -30.3595 28
      vertex -29.3661 -30.3595 3
    endloop
  endfacet
  facet normal -0.442289 0.896873 0
    outer loop
      vertex -29.3661 -30.3595 3
      vertex -29.3661 -30.3595 28
      vertex -29.3074 -30.3305 3
    endloop
  endfacet
  facet normal -0.442289 0.896873 0
    outer loop
      vertex -29.3661 -30.3595 28
      vertex -29.3074 -30.3305 28
      vertex -29.3074 -30.3305 3
    endloop
  endfacet
  facet normal -0.480996 0.876723 0
    outer loop
      vertex -29.3074 -30.3305 3
      vertex -29.3074 -30.3305 28
      vertex -29.25 -30.299 3
    endloop
  endfacet
  facet normal -0.480996 0.876723 0
    outer loop
      vertex -29.3074 -30.3305 28
      vertex -29.25 -30.299 28
      vertex -29.25 -30.299 3
    endloop
  endfacet
  facet normal -0.518775 0.854911 0
    outer loop
      vertex -29.25 -30.299 3
      vertex -29.25 -30.299 28
      vertex -29.1941 -30.2651 3
    endloop
  endfacet
  facet normal -0.518775 0.854911 0
    outer loop
      vertex -29.25 -30.299 28
      vertex -29.1941 -30.2651 28
      vertex -29.1941 -30.2651 3
    endloop
  endfacet
  facet normal -0.555567 0.831472 0
    outer loop
      vertex -29.1941 -30.2651 3
      vertex -29.1941 -30.2651 28
      vertex -29.1396 -30.2287 3
    endloop
  endfacet
  facet normal -0.555567 0.831472 0
    outer loop
      vertex -29.1941 -30.2651 28
      vertex -29.1396 -30.2287 28
      vertex -29.1396 -30.2287 3
    endloop
  endfacet
  facet normal -0.591308 0.806446 0
    outer loop
      vertex -29.1396 -30.2287 3
      vertex -29.1396 -30.2287 28
      vertex -29.0869 -30.19 3
    endloop
  endfacet
  facet normal -0.591308 0.806446 0
    outer loop
      vertex -29.1396 -30.2287 28
      vertex -29.0869 -30.19 28
      vertex -29.0869 -30.19 3
    endloop
  endfacet
  facet normal -0.625916 0.77989 0
    outer loop
      vertex -29.0869 -30.19 3
      vertex -29.0869 -30.19 28
      vertex -29.0358 -30.1491 3
    endloop
  endfacet
  facet normal -0.625916 0.77989 0
    outer loop
      vertex -29.0869 -30.19 28
      vertex -29.0358 -30.1491 28
      vertex -29.0358 -30.1491 3
    endloop
  endfacet
  facet normal -0.659342 0.751843 0
    outer loop
      vertex -29.0358 -30.1491 3
      vertex -29.0358 -30.1491 28
      vertex -28.9866 -30.1059 3
    endloop
  endfacet
  facet normal -0.659342 0.751843 0
    outer loop
      vertex -29.0358 -30.1491 28
      vertex -28.9866 -30.1059 28
      vertex -28.9866 -30.1059 3
    endloop
  endfacet
  facet normal -0.691527 0.722351 0
    outer loop
      vertex -28.9866 -30.1059 3
      vertex -28.9866 -30.1059 28
      vertex -28.9393 -30.0607 3
    endloop
  endfacet
  facet normal -0.691527 0.722351 0
    outer loop
      vertex -28.9866 -30.1059 28
      vertex -28.9393 -30.0607 28
      vertex -28.9393 -30.0607 3
    endloop
  endfacet
  facet normal -0.722351 0.691527 0
    outer loop
      vertex -28.9393 -30.0607 3
      vertex -28.9393 -30.0607 28
      vertex -28.8941 -30.0134 3
    endloop
  endfacet
  facet normal -0.722351 0.691527 0
    outer loop
      vertex -28.9393 -30.0607 28
      vertex -28.8941 -30.0134 28
      vertex -28.8941 -30.0134 3
    endloop
  endfacet
  facet normal -0.751855 0.659328 0
    outer loop
      vertex -28.8941 -30.0134 3
      vertex -28.8941 -30.0134 28
      vertex -28.8509 -29.9642 3
    endloop
  endfacet
  facet normal -0.751855 0.659328 0
    outer loop
      vertex -28.8941 -30.0134 28
      vertex -28.8509 -29.9642 28
      vertex -28.8509 -29.9642 3
    endloop
  endfacet
  facet normal -0.779879 0.62593 0
    outer loop
      vertex -28.8509 -29.9642 3
      vertex -28.8509 -29.9642 28
      vertex -28.81 -29.9131 3
    endloop
  endfacet
  facet normal -0.779879 0.62593 0
    outer loop
      vertex -28.8509 -29.9642 28
      vertex -28.81 -29.9131 28
      vertex -28.81 -29.9131 3
    endloop
  endfacet
  facet normal -0.806446 0.591308 0
    outer loop
      vertex -28.81 -29.9131 3
      vertex -28.81 -29.9131 28
      vertex -28.7713 -29.8604 3
    endloop
  endfacet
  facet normal -0.806446 0.591308 0
    outer loop
      vertex -28.81 -29.9131 28
      vertex -28.7713 -29.8604 28
      vertex -28.7713 -29.8604 3
    endloop
  endfacet
  facet normal -0.831472 0.555567 0
    outer loop
      vertex -28.7713 -29.8604 3
      vertex -28.7713 -29.8604 28
      vertex -28.7349 -29.8059 3
    endloop
  endfacet
  facet normal -0.831472 0.555567 0
    outer loop
      vertex -28.7713 -29.8604 28
      vertex -28.7349 -29.8059 28
      vertex -28.7349 -29.8059 3
    endloop
  endfacet
  facet normal -0.854911 0.518775 0
    outer loop
      vertex -28.7349 -29.8059 3
      vertex -28.7349 -29.8059 28
      vertex -28.701 -29.75 3
    endloop
  endfacet
  facet normal -0.854911 0.518775 0
    outer loop
      vertex -28.7349 -29.8059 28
      vertex -28.701 -29.75 28
      vertex -28.701 -29.75 3
    endloop
  endfacet
  facet normal -0.876723 0.480996 0
    outer loop
      vertex -28.701 -29.75 3
      vertex -28.701 -29.75 28
      vertex -28.6695 -29.6926 3
    endloop
  endfacet
  facet normal -0.876723 0.480996 0
    outer loop
      vertex -28.701 -29.75 28
      vertex -28.6695 -29.6926 28
      vertex -28.6695 -29.6926 3
    endloop
  endfacet
  facet normal -0.896873 0.442289 0
    outer loop
      vertex -28.6695 -29.6926 3
      vertex -28.6695 -29.6926 28
      vertex -28.6405 -29.6339 3
    endloop
  endfacet
  facet normal -0.896873 0.442289 0
    outer loop
      vertex -28.6695 -29.6926 28
      vertex -28.6405 -29.6339 28
      vertex -28.6405 -29.6339 3
    endloop
  endfacet
  facet normal -0.915309 0.402753 0
    outer loop
      vertex -28.6405 -29.6339 3
      vertex -28.6405 -29.6339 28
      vertex -28.6142 -29.574 3
    endloop
  endfacet
  facet normal -0.915309 0.402753 0
    outer loop
      vertex -28.6405 -29.6339 28
      vertex -28.6142 -29.574 28
      vertex -28.6142 -29.574 3
    endloop
  endfacet
  facet normal -0.932014 0.362423 0
    outer loop
      vertex -28.6142 -29.574 3
      vertex -28.6142 -29.574 28
      vertex -28.5905 -29.513 3
    endloop
  endfacet
  facet normal -0.932014 0.362423 0
    outer loop
      vertex -28.6142 -29.574 28
      vertex -28.5905 -29.513 28
      vertex -28.5905 -29.513 3
    endloop
  endfacet
  facet normal -0.946927 0.321449 0
    outer loop
      vertex -28.5905 -29.513 3
      vertex -28.5905 -29.513 28
      vertex -28.5694 -29.4511 3
    endloop
  endfacet
  facet normal -0.946927 0.321449 0
    outer loop
      vertex -28.5905 -29.513 28
      vertex -28.5694 -29.4511 28
      vertex -28.5694 -29.4511 3
    endloop
  endfacet
  facet normal -0.96005 0.27983 0
    outer loop
      vertex -28.5694 -29.4511 3
      vertex -28.5694 -29.4511 28
      vertex -28.5511 -29.3882 3
    endloop
  endfacet
  facet normal -0.96005 0.27983 0
    outer loop
      vertex -28.5694 -29.4511 28
      vertex -28.5511 -29.3882 28
      vertex -28.5511 -29.3882 3
    endloop
  endfacet
  facet normal -0.971343 0.237684 0
    outer loop
      vertex -28.5511 -29.3882 3
      vertex -28.5511 -29.3882 28
      vertex -28.5356 -29.3247 3
    endloop
  endfacet
  facet normal -0.971343 0.237684 0
    outer loop
      vertex -28.5511 -29.3882 28
      vertex -28.5356 -29.3247 28
      vertex -28.5356 -29.3247 3
    endloop
  endfacet
  facet normal -0.980784 0.195098 0
    outer loop
      vertex -28.5356 -29.3247 3
      vertex -28.5356 -29.3247 28
      vertex -28.5228 -29.2605 3
    endloop
  endfacet
  facet normal -0.980784 0.195098 0
    outer loop
      vertex -28.5356 -29.3247 28
      vertex -28.5228 -29.2605 28
      vertex -28.5228 -29.2605 3
    endloop
  endfacet
  facet normal -0.988361 0.152128 0
    outer loop
      vertex -28.5228 -29.2605 3
      vertex -28.5228 -29.2605 28
      vertex -28.5128 -29.1958 3
    endloop
  endfacet
  facet normal -0.988361 0.152128 0
    outer loop
      vertex -28.5228 -29.2605 28
      vertex -28.5128 -29.1958 28
      vertex -28.5128 -29.1958 3
    endloop
  endfacet
  facet normal -0.994056 0.108866 0
    outer loop
      vertex -28.5128 -29.1958 3
      vertex -28.5128 -29.1958 28
      vertex -28.5057 -29.1307 3
    endloop
  endfacet
  facet normal -0.994056 0.108866 0
    outer loop
      vertex -28.5128 -29.1958 28
      vertex -28.5057 -29.1307 28
      vertex -28.5057 -29.1307 3
    endloop
  endfacet
  facet normal -0.997859 0.0654026 0
    outer loop
      vertex -28.5057 -29.1307 3
      vertex -28.5057 -29.1307 28
      vertex -28.5014 -29.0654 3
    endloop
  endfacet
  facet normal -0.997859 0.0654026 0
    outer loop
      vertex -28.5057 -29.1307 28
      vertex -28.5014 -29.0654 28
      vertex -28.5014 -29.0654 3
    endloop
  endfacet
  facet normal -0.999762 0.0218014 0
    outer loop
      vertex -28.5014 -29.0654 3
      vertex -28.5014 -29.0654 28
      vertex -28.5 -29 3
    endloop
  endfacet
  facet normal -0.999762 0.0218014 0
    outer loop
      vertex -28.5014 -29.0654 28
      vertex -28.5 -29 28
      vertex -28.5 -29 3
    endloop
  endfacet
  facet normal 1 0 0
    outer loop
      vertex 42 32 0
      vertex 42 32 3
      vertex 42 8.25 0
    endloop
  endfacet
  facet normal 1 0 0
    outer loop
      vertex 42 32 3
      vertex 42 -32 3
      vertex 42 8.25 0
    endloop
  endfacet
  facet normal 1 0 0
    outer loop
      vertex 42 8.25 0
      vertex 42 -32 3
      vertex 42 -32 0
    endloop
  endfacet
  facet normal -1 0 0
    outer loop
      vertex -36 15 3
      vertex -36 28 3
      vertex -36 15 0
    endloop
  endfacet
  facet normal -1 0 0
    outer loop
      vertex -36 28 3
      vertex -36 28 0
      vertex -36 15 0
    endloop
  endfacet
  facet normal 0 -1 0
    outer loop
      vertex 39 22 3
      vertex 36 22 3
      vertex 39 22 0
    endloop
  endfacet
  facet normal 0 -1 0
    outer loop
      vertex 36 22 3
      vertex 36 22 0
      vertex 39 22 0
    endloop
  endfacet
  facet normal 1 0 0
    outer loop
      vertex 36 9 3
      vertex 36 9 0
      vertex 36 22 3
    endloop
  endfacet
  facet normal 1 0 0
    outer loop
      vertex 36 9 0
      vertex 36 22 0
      vertex 36 22 3
    endloop
  endfacet
  facet normal 0 1 0
    outer loop
      vertex 39 9 3
      vertex 39 9 0
      vertex 36 9 3
    endloop
  endfacet
  facet normal 0 1 0
    outer loop
      vertex 39 9 0
      vertex 36 9 0
      vertex 36 9 3
    endloop
  endfacet
  facet normal -1 0 0
    outer loop
      vertex 39 9 3
      vertex 39 22 3
      vertex 39 9 0
    endloop
  endfacet
  facet normal -1 0 0
    outer loop
      vertex 39 22 3
      vertex 39 22 0
      vertex 39 9 0
    endloop
  endfacet
  facet normal 1 0 0
    outer loop
      vertex -39 -17 3
      vertex -39 -17 0
      vertex -39 -4 3
    endloop
  endfacet
  facet normal 1 0 0
    outer loop
      vertex -39 -17 0
      vertex -39 -4 0
      vertex -39 -4 3
    endloop
  endfacet
  facet normal 0 1 0
    outer loop
      vertex -36 -17 3
      vertex -36 -17 0
      vertex -39 -17 3
    endloop
  endfacet
  facet normal 0 1 0
    outer loop
      vertex -36 -17 0
      vertex -39 -17 0
      vertex -39 -17 3
    endloop
  endfacet
  facet normal -1 0 0
    outer loop
      vertex -36 -17 3
      vertex -36 -4 3
      vertex -36 -17 0
    endloop
  endfacet
  facet normal -1 0 0
    outer loop
      vertex -36 -4 3
      vertex -36 -4 0
      vertex -36 -17 0
    endloop
  endfacet
  facet normal 0 -1 0
    outer loop
      vertex -36 28 3
      vertex -39 28 3
      vertex -36 28 0
    endloop
  endfacet
  facet normal 0 -1 0
    outer loop
      vertex -39 28 3
      vertex -39 28 0
      vertex -36 28 0
    endloop
  endfacet
  facet normal 1 0 0
    outer loop
      vertex -39 15 3
      vertex -39 15 0
      vertex -39 28 3
    endloop
  endfacet
  facet normal 1 0 0
    outer loop
      vertex -39 15 0
      vertex -39 28 0
      vertex -39 28 3
    endloop
  endfacet
  facet normal 0 1 0
    outer loop
      vertex -36 15 3
      vertex -36 15 0
      vertex -39 15 3
    endloop
  endfacet
  facet normal 0 1 0
    outer loop
      vertex -36 15 0
      vertex -39 15 0
      vertex -39 15 3
    endloop
  endfacet
  facet normal 0 -1 0
    outer loop
      vertex 39 -4 3
      vertex 36 -4 3
      vertex 39 -4 0
    endloop
  endfacet
  facet normal 0 -1 0
    outer loop
      vertex 36 -4 3
      vertex 36 -4 0
      vertex 39 -4 0
    endloop
  endfacet
  facet normal 1 0 0
    outer loop
      vertex 36 -17 3
      vertex 36 -17 0
      vertex 36 -4 3
    endloop
  endfacet
  facet normal 1 0 0
    outer loop
      vertex 36 -17 0
      vertex 36 -4 0
      vertex 36 -4 3
    endloop
  endfacet
  facet normal 0 1 0
    outer loop
      vertex 39 -17 3
      vertex 39 -17 0
      vertex 36 -17 3
    endloop
  endfacet
  facet normal 0 1 0
    outer loop
      vertex 39 -17 0
      vertex 36 -17 0
      vertex 36 -17 3
    endloop
  endfacet
  facet normal -0.999762 -0.0218014 0
    outer loop
      vertex -28.5 29 3
      vertex -28.5 29 28
      vertex -28.5014 29.0654 3
    endloop
  endfacet
  facet normal -0.999762 -0.0218014 0
    outer loop
      vertex -28.5 29 28
      vertex -28.5014 29.0654 28
      vertex -28.5014 29.0654 3
    endloop
  endfacet
  facet normal -0.997859 -0.0654026 0
    outer loop
      vertex -28.5014 29.0654 3
      vertex -28.5014 29.0654 28
      vertex -28.5057 29.1307 3
    endloop
  endfacet
  facet normal -0.997859 -0.0654026 0
    outer loop
      vertex -28.5014 29.0654 28
      vertex -28.5057 29.1307 28
      vertex -28.5057 29.1307 3
    endloop
  endfacet
  facet normal -0.994056 -0.108866 0
    outer loop
      vertex -28.5057 29.1307 3
      vertex -28.5057 29.1307 28
      vertex -28.5128 29.1958 3
    endloop
  endfacet
  facet normal -0.994056 -0.108866 0
    outer loop
      vertex -28.5057 29.1307 28
      vertex -28.5128 29.1958 28
      vertex -28.5128 29.1958 3
    endloop
  endfacet
  facet normal -0.988361 -0.152128 0
    outer loop
      vertex -28.5128 29.1958 3
      vertex -28.5128 29.1958 28
      vertex -28.5228 29.2605 3
    endloop
  endfacet
  facet normal -0.988361 -0.152128 0
    outer loop
      vertex -28.5128 29.1958 28
      vertex -28.5228 29.2605 28
      vertex -28.5228 29.2605 3
    endloop
  endfacet
  facet normal -0.980784 -0.195098 0
    outer loop
      vertex -28.5228 29.2605 3
      vertex -28.5228 29.2605 28
      vertex -28.5356 29.3247 3
    endloop
  endfacet
  facet normal -0.980784 -0.195098 0
    outer loop
      vertex -28.5228 29.2605 28
      vertex -28.5356 29.3247 28
      vertex -28.5356 29.3247 3
    endloop
  endfacet
  facet normal -0.971343 -0.237684 0
    outer loop
      vertex -28.5356 29.3247 3
      vertex -28.5356 29.3247 28
      vertex -28.5511 29.3882 3
    endloop
  endfacet
  facet normal -0.971343 -0.237684 0
    outer loop
      vertex -28.5356 29.3247 28
      vertex -28.5511 29.3882 28
      vertex -28.5511 29.3882 3
    endloop
  endfacet
  facet normal -0.96005 -0.27983 0
    outer loop
      vertex -28.5511 29.3882 3
      vertex -28.5511 29.3882 28
      vertex -28.5694 29.4511 3
    endloop
  endfacet
  facet normal -0.96005 -0.27983 0
    outer loop
      vertex -28.5511 29.3882 28
      vertex -28.5694 29.4511 28
      vertex -28.5694 29.4511 3
    endloop
  endfacet
  facet normal -0.946927 -0.321449 0
    outer loop
      vertex -28.5694 29.4511 3
      vertex -28.5694 29.4511 28
      vertex -28.5905 29.513 3
    endloop
  endfacet
  facet normal -0.946927 -0.321449 0
    outer loop
      vertex -28.5694 29.4511 28
      vertex -28.5905 29.513 28
      vertex -28.5905 29.513 3
    endloop
  endfacet
  facet normal -0.932014 -0.362423 0
    outer loop
      vertex -28.5905 29.513 3
      vertex -28.5905 29.513 28
      vertex -28.6142 29.574 3
    endloop
  endfacet
  facet normal -0.932014 -0.362423 0
    outer loop
      vertex -28.5905 29.513 28
      vertex -28.6142 29.574 28
      vertex -28.6142 29.574 3
    endloop
  endfacet
  facet normal -0.915309 -0.402753 0
    outer loop
      vertex -28.6142 29.574 3
      vertex -28.6142 29.574 28
      vertex -28.6405 29.6339 3
    endloop
  endfacet
  facet normal -0.915309 -0.402753 0
    outer loop
      vertex -28.6142 29.574 28
      vertex -28.6405 29.6339 28
      vertex -28.6405 29.6339 3
    endloop
  endfacet
  facet normal -0.896873 -0.442289 0
    outer loop
      vertex -28.6405 29.6339 3
      vertex -28.6405 29.6339 28
      vertex -28.6695 29.6926 3
    endloop
  endfacet
  facet normal -0.896873 -0.442289 0
    outer loop
      vertex -28.6405 29.6339 28
      vertex -28.6695 29.6926 28
      vertex -28.6695 29.6926 3
    endloop
  endfacet
  facet normal -0.876723 -0.480996 0
    outer loop
      vertex -28.6695 29.6926 3
      vertex -28.6695 29.6926 28
      vertex -28.701 29.75 3
    endloop
  endfacet
  facet normal -0.876723 -0.480996 0
    outer loop
      vertex -28.6695 29.6926 28
      vertex -28.701 29.75 28
      vertex -28.701 29.75 3
    endloop
  endfacet
  facet normal -0.854911 -0.518775 0
    outer loop
      vertex -28.701 29.75 3
      vertex -28.701 29.75 28
      vertex -28.7349 29.8059 3
    endloop
  endfacet
  facet normal -0.854911 -0.518775 0
    outer loop
      vertex -28.701 29.75 28
      vertex -28.7349 29.8059 28
      vertex -28.7349 29.8059 3
    endloop
  endfacet
  facet normal -0.831472 -0.555567 0
    outer loop
      vertex -28.7349 29.8059 3
      vertex -28.7349 29.8059 28
      vertex -28.7713 29.8604 3
    endloop
  endfacet
  facet normal -0.831472 -0.555567 0
    outer loop
      vertex -28.7349 29.8059 28
      vertex -28.7713 29.8604 28
      vertex -28.7713 29.8604 3
    endloop
  endfacet
  facet normal -0.806446 -0.591308 0
    outer loop
      vertex -28.7713 29.8604 3
      vertex -28.7713 29.8604 28
      vertex -28.81 29.9131 3
    endloop
  endfacet
  facet normal -0.806446 -0.591308 0
    outer loop
      vertex -28.7713 29.8604 28
      vertex -28.81 29.9131 28
      vertex -28.81 29.9131 3
    endloop
  endfacet
  facet normal -0.779879 -0.62593 0
    outer loop
      vertex -28.81 29.9131 3
      vertex -28.81 29.9131 28
      vertex -28.8509 29.9642 3
    endloop
  endfacet
  facet normal -0.779879 -0.62593 0
    outer loop
      vertex -28.81 29.9131 28
      vertex -28.8509 29.9642 28
      vertex -28.8509 29.9642 3
    endloop
  endfacet
  facet normal -0.751855 -0.659328 0
    outer loop
      vertex -28.8509 29.9642 3
      vertex -28.8509 29.9642 28
      vertex -28.8941 30.0134 3
    endloop
  endfacet
  facet normal -0.751855 -0.659328 0
    outer loop
      vertex -28.8509 29.9642 28
      vertex -28.8941 30.0134 28
      vertex -28.8941 30.0134 3
    endloop
  endfacet
  facet normal -0.722351 -0.691527 0
    outer loop
      vertex -28.8941 30.0134 3
      vertex -28.8941 30.0134 28
      vertex -28.9393 30.0607 3
    endloop
  endfacet
  facet normal -0.722351 -0.691527 0
    outer loop
      vertex -28.8941 30.0134 28
      vertex -28.9393 30.0607 28
      vertex -28.9393 30.0607 3
    endloop
  endfacet
  facet normal -0.691527 -0.722351 0
    outer loop
      vertex -28.9393 30.0607 3
      vertex -28.9393 30.0607 28
      vertex -28.9866 30.1059 3
    endloop
  endfacet
  facet normal -0.691527 -0.722351 0
    outer loop
      vertex -28.9393 30.0607 28
      vertex -28.9866 30.1059 28
      vertex -28.9866 30.1059 3
    endloop
  endfacet
  facet normal -0.659342 -0.751843 0
    outer loop
      vertex -28.9866 30.1059 3
      vertex -28.9866 30.1059 28
      vertex -29.0358 30.1491 3
    endloop
  endfacet
  facet normal -0.659342 -0.751843 0
    outer loop
      vertex -28.9866 30.1059 28
      vertex -29.0358 30.1491 28
      vertex -29.0358 30.1491 3
    endloop
  endfacet
  facet normal -0.625916 -0.77989 0
    outer loop
      vertex -29.0358 30.1491 3
      vertex -29.0358 30.1491 28
      vertex -29.0869 30.19 3
    endloop
  endfacet
  facet normal -0.625916 -0.77989 0
    outer loop
      vertex -29.0358 30.1491 28
      vertex -29.0869 30.19 28
      vertex -29.0869 30.19 3
    endloop
  endfacet
  facet normal -0.591308 -0.806446 0
    outer loop
      vertex -29.0869 30.19 3
      vertex -29.0869 30.19 28
      vertex -29.1396 30.2287 3
    endloop
  endfacet
  facet normal -0.591308 -0.806446 0
    outer loop
      vertex -29.0869 30.19 28
      vertex -29.1396 30.2287 28
      vertex -29.1396 30.2287 3
    endloop
  endfacet
  facet normal -0.555567 -0.831472 0
    outer loop
      vertex -29.1396 30.2287 3
      vertex -29.1396 30.2287 28
      vertex -29.1941 30.2651 3
    endloop
  endfacet
  facet normal -0.555567 -0.831472 0
    outer loop
      vertex -29.1396 30.2287 28
      vertex -29.1941 30.2651 28
      vertex -29.1941 30.2651 3
    endloop
  endfacet
  facet normal -0.518775 -0.854911 0
    outer loop
      vertex -29.1941 30.2651 3
      vertex -29.1941 30.2651 28
      vertex -29.25 30.299 3
    endloop
  endfacet
  facet normal -0.518775 -0.854911 0
    outer loop
      vertex -29.1941 30.2651 28
      vertex -29.25 30.299 28
      vertex -29.25 30.299 3
    endloop
  endfacet
  facet normal -0.480996 -0.876723 0
    outer loop
      vertex -29.25 30.299 3
      vertex -29.25 30.299 28
      vertex -29.3074 30.3305 3
    endloop
  endfacet
  facet normal -0.480996 -0.876723 0
    outer loop
      vertex -29.25 30.299 28
      vertex -29.3074 30.3305 28
      vertex -29.3074 30.3305 3
    endloop
  endfacet
  facet normal -0.442289 -0.896873 0
    outer loop
      vertex -29.3074 30.3305 3
      vertex -29.3074 30.3305 28
      vertex -29.3661 30.3595 3
    endloop
  endfacet
  facet normal -0.442289 -0.896873 0
    outer loop
      vertex -29.3074 30.3305 28
      vertex -29.3661 30.3595 28
      vertex -29.3661 30.3595 3
    endloop
  endfacet
  facet normal -0.402753 -0.915309 0
    outer loop
      vertex -29.3661 30.3595 3
      vertex -29.3661 30.3595 28
      vertex -29.426 30.3858 3
    endloop
  endfacet
  facet normal -0.402753 -0.915309 0
    outer loop
      vertex -29.3661 30.3595 28
      vertex -29.426 30.3858 28
      vertex -29.426 30.3858 3
    endloop
  endfacet
  facet normal -0.362433 -0.93201 0
    outer loop
      vertex -29.426 30.3858 3
      vertex -29.426 30.3858 28
      vertex -29.487 30.4095 3
    endloop
  endfacet
  facet normal -0.362433 -0.93201 0
    outer loop
      vertex -29.426 30.3858 28
      vertex -29.487 30.4095 28
      vertex -29.487 30.4095 3
    endloop
  endfacet
  facet normal -0.32144 -0.94693 0
    outer loop
      vertex -29.487 30.4095 3
      vertex -29.487 30.4095 28
      vertex -29.5489 30.4306 3
    endloop
  endfacet
  facet normal -0.32144 -0.94693 0
    outer loop
      vertex -29.487 30.4095 28
      vertex -29.5489 30.4306 28
      vertex -29.5489 30.4306 3
    endloop
  endfacet
  facet normal -0.27983 -0.96005 0
    outer loop
      vertex -29.5489 30.4306 3
      vertex -29.5489 30.4306 28
      vertex -29.6118 30.4489 3
    endloop
  endfacet
  facet normal -0.27983 -0.96005 0
    outer loop
      vertex -29.5489 30.4306 28
      vertex -29.6118 30.4489 28
      vertex -29.6118 30.4489 3
    endloop
  endfacet
  facet normal -0.237684 -0.971343 0
    outer loop
      vertex -29.6118 30.4489 3
      vertex -29.6118 30.4489 28
      vertex -29.6753 30.4644 3
    endloop
  endfacet
  facet normal -0.237684 -0.971343 0
    outer loop
      vertex -29.6118 30.4489 28
      vertex -29.6753 30.4644 28
      vertex -29.6753 30.4644 3
    endloop
  endfacet
  facet normal -0.195076 -0.980788 0
    outer loop
      vertex -29.6753 30.4644 3
      vertex -29.6753 30.4644 28
      vertex -29.7395 30.4772 3
    endloop
  endfacet
  facet normal -0.195076 -0.980788 0
    outer loop
      vertex -29.6753 30.4644 28
      vertex -29.7395 30.4772 28
      vertex -29.7395 30.4772 3
    endloop
  endfacet
  facet normal -0.152123 -0.988361 0
    outer loop
      vertex -29.7395 30.4772 3
      vertex -29.7395 30.4772 28
      vertex -29.8042 30.4872 3
    endloop
  endfacet
  facet normal -0.152123 -0.988361 0
    outer loop
      vertex -29.7395 30.4772 28
      vertex -29.8042 30.4872 28
      vertex -29.8042 30.4872 3
    endloop
  endfacet
  facet normal -0.108866 -0.994056 0
    outer loop
      vertex -29.8042 30.4872 3
      vertex -29.8042 30.4872 28
      vertex -29.8693 30.4943 3
    endloop
  endfacet
  facet normal -0.108866 -0.994056 0
    outer loop
      vertex -29.8042 30.4872 28
      vertex -29.8693 30.4943 28
      vertex -29.8693 30.4943 3
    endloop
  endfacet
  facet normal -0.0654044 -0.997859 0
    outer loop
      vertex -29.8693 30.4943 3
      vertex -29.8693 30.4943 28
      vertex -29.9346 30.4986 3
    endloop
  endfacet
  facet normal -0.0654044 -0.997859 0
    outer loop
      vertex -29.8693 30.4943 28
      vertex -29.9346 30.4986 28
      vertex -29.9346 30.4986 3
    endloop
  endfacet
  facet normal -0.0218299 -0.999762 0
    outer loop
      vertex -29.9346 30.4986 3
      vertex -29.9346 30.4986 28
      vertex -30 30.5 3
    endloop
  endfacet
  facet normal -0.0218299 -0.999762 0
    outer loop
      vertex -29.9346 30.4986 28
      vertex -30 30.5 28
      vertex -30 30.5 3
    endloop
  endfacet
  facet normal 0.0218299 -0.999762 0
    outer loop
      vertex -30 30.5 3
      vertex -30 30.5 28
      vertex -30.0654 30.4986 3
    endloop
  endfacet
  facet normal 0.0218299 -0.999762 0
    outer loop
      vertex -30 30.5 28
      vertex -30.0654 30.4986 28
      vertex -30.0654 30.4986 3
    endloop
  endfacet
  facet normal 0.0654044 -0.997859 0
    outer loop
      vertex -30.0654 30.4986 3
      vertex -30.0654 30.4986 28
      vertex -30.1307 30.4943 3
    endloop
  endfacet
  facet normal 0.0654044 -0.997859 0
    outer loop
      vertex -30.0654 30.4986 28
      vertex -30.1307 30.4943 28
      vertex -30.1307 30.4943 3
    endloop
  endfacet
  facet normal 0.108863 -0.994057 0
    outer loop
      vertex -30.1307 30.4943 3
      vertex -30.1307 30.4943 28
      vertex -30.1958 30.4872 3
    endloop
  endfacet
  facet normal 0.108863 -0.994057 0
    outer loop
      vertex -30.1307 30.4943 28
      vertex -30.1958 30.4872 28
      vertex -30.1958 30.4872 3
    endloop
  endfacet
  facet normal 0.152128 -0.988361 0
    outer loop
      vertex -30.1958 30.4872 3
      vertex -30.1958 30.4872 28
      vertex -30.2605 30.4772 3
    endloop
  endfacet
  facet normal 0.152128 -0.988361 0
    outer loop
      vertex -30.1958 30.4872 28
      vertex -30.2605 30.4772 28
      vertex -30.2605 30.4772 3
    endloop
  endfacet
  facet normal 0.195071 -0.980789 0
    outer loop
      vertex -30.2605 30.4772 3
      vertex -30.2605 30.4772 28
      vertex -30.3247 30.4644 3
    endloop
  endfacet
  facet normal 0.195071 -0.980789 0
    outer loop
      vertex -30.2605 30.4772 28
      vertex -30.3247 30.4644 28
      vertex -30.3247 30.4644 3
    endloop
  endfacet
  facet normal 0.237684 -0.971343 0
    outer loop
      vertex -30.3247 30.4644 3
      vertex -30.3247 30.4644 28
      vertex -30.3882 30.4489 3
    endloop
  endfacet
  facet normal 0.237684 -0.971343 0
    outer loop
      vertex -30.3247 30.4644 28
      vertex -30.3882 30.4489 28
      vertex -30.3882 30.4489 3
    endloop
  endfacet
  facet normal 0.27983 -0.96005 0
    outer loop
      vertex -30.3882 30.4489 3
      vertex -30.3882 30.4489 28
      vertex -30.4511 30.4306 3
    endloop
  endfacet
  facet normal 0.27983 -0.96005 0
    outer loop
      vertex -30.3882 30.4489 28
      vertex -30.4511 30.4306 28
      vertex -30.4511 30.4306 3
    endloop
  endfacet
  facet normal 0.321449 -0.946927 0
    outer loop
      vertex -30.4511 30.4306 3
      vertex -30.4511 30.4306 28
      vertex -30.513 30.4095 3
    endloop
  endfacet
  facet normal 0.321449 -0.946927 0
    outer loop
      vertex -30.4511 30.4306 28
      vertex -30.513 30.4095 28
      vertex -30.513 30.4095 3
    endloop
  endfacet
  facet normal 0.362423 -0.932014 0
    outer loop
      vertex -30.513 30.4095 3
      vertex -30.513 30.4095 28
      vertex -30.574 30.3858 3
    endloop
  endfacet
  facet normal 0.362423 -0.932014 0
    outer loop
      vertex -30.513 30.4095 28
      vertex -30.574 30.3858 28
      vertex -30.574 30.3858 3
    endloop
  endfacet
  facet normal 0.402753 -0.915309 0
    outer loop
      vertex -30.574 30.3858 3
      vertex -30.574 30.3858 28
      vertex -30.6339 30.3595 3
    endloop
  endfacet
  facet normal 0.402753 -0.915309 0
    outer loop
      vertex -30.574 30.3858 28
      vertex -30.6339 30.3595 28
      vertex -30.6339 30.3595 3
    endloop
  endfacet
  facet normal 0.4423 -0.896867 0
    outer loop
      vertex -30.6339 30.3595 3
      vertex -30.6339 30.3595 28
      vertex -30.6926 30.3305 3
    endloop
  endfacet
  facet normal 0.4423 -0.896867 0
    outer loop
      vertex -30.6339 30.3595 28
      vertex -30.6926 30.3305 28
      vertex -30.6926 30.3305 3
    endloop
  endfacet
  facet normal 0.480984 -0.876729 0
    outer loop
      vertex -30.6926 30.3305 3
      vertex -30.6926 30.3305 28
      vertex -30.75 30.299 3
    endloop
  endfacet
  facet normal 0.480984 -0.876729 0
    outer loop
      vertex -30.6926 30.3305 28
      vertex -30.75 30.299 28
      vertex -30.75 30.299 3
    endloop
  endfacet
  facet normal 0.518775 -0.854911 0
    outer loop
      vertex -30.75 30.299 3
      vertex -30.75 30.299 28
      vertex -30.8059 30.2651 3
    endloop
  endfacet
  facet normal 0.518775 -0.854911 0
    outer loop
      vertex -30.75 30.299 28
      vertex -30.8059 30.2651 28
      vertex -30.8059 30.2651 3
    endloop
  endfacet
  facet normal 0.555567 -0.831472 0
    outer loop
      vertex -30.8059 30.2651 3
      vertex -30.8059 30.2651 28
      vertex -30.8604 30.2287 3
    endloop
  endfacet
  facet normal 0.555567 -0.831472 0
    outer loop
      vertex -30.8059 30.2651 28
      vertex -30.8604 30.2287 28
      vertex -30.8604 30.2287 3
    endloop
  endfacet
  facet normal 0.591308 -0.806446 0
    outer loop
      vertex -30.8604 30.2287 3
      vertex -30.8604 30.2287 28
      vertex -30.9131 30.19 3
    endloop
  endfacet
  facet normal 0.591308 -0.806446 0
    outer loop
      vertex -30.8604 30.2287 28
      vertex -30.9131 30.19 28
      vertex -30.9131 30.19 3
    endloop
  endfacet
  facet normal 0.62593 -0.779879 0
    outer loop
      vertex -30.9131 30.19 3
      vertex -30.9131 30.19 28
      vertex -30.9642 30.1491 3
    endloop
  endfacet
  facet normal 0.62593 -0.779879 0
    outer loop
      vertex -30.9131 30.19 28
      vertex -30.9642 30.1491 28
      vertex -30.9642 30.1491 3
    endloop
  endfacet
  facet normal 0.659342 -0.751843 0
    outer loop
      vertex -30.9642 30.1491 3
      vertex -30.9642 30.1491 28
      vertex -31.0134 30.1059 3
    endloop
  endfacet
  facet normal 0.659342 -0.751843 0
    outer loop
      vertex -30.9642 30.1491 28
      vertex -31.0134 30.1059 28
      vertex -31.0134 30.1059 3
    endloop
  endfacet
  facet normal 0.691513 -0.722364 0
    outer loop
      vertex -31.0134 30.1059 3
      vertex -31.0134 30.1059 28
      vertex -31.0607 30.0607 3
    endloop
  endfacet
  facet normal 0.691513 -0.722364 0
    outer loop
      vertex -31.0134 30.1059 28
      vertex -31.0607 30.0607 28
      vertex -31.0607 30.0607 3
    endloop
  endfacet
  facet normal 0.722365 -0.691512 0
    outer loop
      vertex -31.0607 30.0607 3
      vertex -31.0607 30.0607 28
      vertex -31.1059 30.0134 3
    endloop
  endfacet
  facet normal 0.722365 -0.691512 0
    outer loop
      vertex -31.0607 30.0607 28
      vertex -31.1059 30.0134 28
      vertex -31.1059 30.0134 3
    endloop
  endfacet
  facet normal 0.751841 -0.659344 0
    outer loop
      vertex -31.1059 30.0134 3
      vertex -31.1059 30.0134 28
      vertex -31.1491 29.9642 3
    endloop
  endfacet
  facet normal 0.751841 -0.659344 0
    outer loop
      vertex -31.1059 30.0134 28
      vertex -31.1491 29.9642 28
      vertex -31.1491 29.9642 3
    endloop
  endfacet
  facet normal 0.779879 -0.62593 0
    outer loop
      vertex -31.1491 29.9642 3
      vertex -31.1491 29.9642 28
      vertex -31.19 29.9131 3
    endloop
  endfacet
  facet normal 0.779879 -0.62593 0
    outer loop
      vertex -31.1491 29.9642 28
      vertex -31.19 29.9131 28
      vertex -31.19 29.9131 3
    endloop
  endfacet
  facet normal 0.806446 -0.591308 0
    outer loop
      vertex -31.19 29.9131 3
      vertex -31.19 29.9131 28
      vertex -31.2287 29.8604 3
    endloop
  endfacet
  facet normal 0.806446 -0.591308 0
    outer loop
      vertex -31.19 29.9131 28
      vertex -31.2287 29.8604 28
      vertex -31.2287 29.8604 3
    endloop
  endfacet
  facet normal 0.831472 -0.555567 0
    outer loop
      vertex -31.2287 29.8604 3
      vertex -31.2287 29.8604 28
      vertex -31.2651 29.8059 3
    endloop
  endfacet
  facet normal 0.831472 -0.555567 0
    outer loop
      vertex -31.2287 29.8604 28
      vertex -31.2651 29.8059 28
      vertex -31.2651 29.8059 3
    endloop
  endfacet
  facet normal 0.854898 -0.518796 0
    outer loop
      vertex -31.2651 29.8059 3
      vertex -31.2651 29.8059 28
      vertex -31.299 29.75 3
    endloop
  endfacet
  facet normal 0.854898 -0.518796 0
    outer loop
      vertex -31.2651 29.8059 28
      vertex -31.299 29.75 28
      vertex -31.299 29.75 3
    endloop
  endfacet
  facet normal 0.876747 -0.480953 0
    outer loop
      vertex -31.299 29.75 3
      vertex -31.299 29.75 28
      vertex -31.3305 29.6926 3
    endloop
  endfacet
  facet normal 0.876747 -0.480953 0
    outer loop
      vertex -31.299 29.75 28
      vertex -31.3305 29.6926 28
      vertex -31.3305 29.6926 3
    endloop
  endfacet
  facet normal 0.896873 -0.442289 0
    outer loop
      vertex -31.3305 29.6926 3
      vertex -31.3305 29.6926 28
      vertex -31.3595 29.6339 3
    endloop
  endfacet
  facet normal 0.896873 -0.442289 0
    outer loop
      vertex -31.3305 29.6926 28
      vertex -31.3595 29.6339 28
      vertex -31.3595 29.6339 3
    endloop
  endfacet
  facet normal 0.915298 -0.402777 0
    outer loop
      vertex -31.3595 29.6339 3
      vertex -31.3595 29.6339 28
      vertex -31.3858 29.574 3
    endloop
  endfacet
  facet normal 0.915298 -0.402777 0
    outer loop
      vertex -31.3595 29.6339 28
      vertex -31.3858 29.574 28
      vertex -31.3858 29.574 3
    endloop
  endfacet
  facet normal 0.932014 -0.362423 0
    outer loop
      vertex -31.3858 29.574 3
      vertex -31.3858 29.574 28
      vertex -31.4095 29.513 3
    endloop
  endfacet
  facet normal 0.932014 -0.362423 0
    outer loop
      vertex -31.3858 29.574 28
      vertex -31.4095 29.513 28
      vertex -31.4095 29.513 3
    endloop
  endfacet
  facet normal 0.946927 -0.321449 0
    outer loop
      vertex -31.4095 29.513 3
      vertex -31.4095 29.513 28
      vertex -31.4306 29.4511 3
    endloop
  endfacet
  facet normal 0.946927 -0.321449 0
    outer loop
      vertex -31.4095 29.513 28
      vertex -31.4306 29.4511 28
      vertex -31.4306 29.4511 3
    endloop
  endfacet
  facet normal 0.96005 -0.27983 0
    outer loop
      vertex -31.4306 29.4511 3
      vertex -31.4306 29.4511 28
      vertex -31.4489 29.3882 3
    endloop
  endfacet
  facet normal 0.96005 -0.27983 0
    outer loop
      vertex -31.4306 29.4511 28
      vertex -31.4489 29.3882 28
      vertex -31.4489 29.3882 3
    endloop
  endfacet
  facet normal 0.971349 -0.237657 0
    outer loop
      vertex -31.4489 29.3882 3
      vertex -31.4489 29.3882 28
      vertex -31.4644 29.3247 3
    endloop
  endfacet
  facet normal 0.971349 -0.237657 0
    outer loop
      vertex -31.4489 29.3882 28
      vertex -31.4644 29.3247 28
      vertex -31.4644 29.3247 3
    endloop
  endfacet
  facet normal 0.980778 -0.195125 0
    outer loop
      vertex -31.4644 29.3247 3
      vertex -31.4644 29.3247 28
      vertex -31.4772 29.2605 3
    endloop
  endfacet
  facet normal 0.980778 -0.195125 0
    outer loop
      vertex -31.4644 29.3247 28
      vertex -31.4772 29.2605 28
      vertex -31.4772 29.2605 3
    endloop
  endfacet
  facet normal 0.988365 -0.1521 0
    outer loop
      vertex -31.4772 29.2605 3
      vertex -31.4772 29.2605 28
      vertex -31.4872 29.1958 3
    endloop
  endfacet
  facet normal 0.988365 -0.1521 0
    outer loop
      vertex -31.4772 29.2605 28
      vertex -31.4872 29.1958 28
      vertex -31.4872 29.1958 3
    endloop
  endfacet
  facet normal 0.994053 -0.108894 0
    outer loop
      vertex -31.4872 29.1958 3
      vertex -31.4872 29.1958 28
      vertex -31.4943 29.1307 3
    endloop
  endfacet
  facet normal 0.994053 -0.108894 0
    outer loop
      vertex -31.4872 29.1958 28
      vertex -31.4943 29.1307 28
      vertex -31.4943 29.1307 3
    endloop
  endfacet
  facet normal 0.997859 -0.0654026 0
    outer loop
      vertex -31.4943 29.1307 3
      vertex -31.4943 29.1307 28
      vertex -31.4986 29.0654 3
    endloop
  endfacet
  facet normal 0.997859 -0.0654026 0
    outer loop
      vertex -31.4943 29.1307 28
      vertex -31.4986 29.0654 28
      vertex -31.4986 29.0654 3
    endloop
  endfacet
  facet normal 0.999762 -0.0218014 0
    outer loop
      vertex -31.4986 29.0654 3
      vertex -31.4986 29.0654 28
      vertex -31.5 29 3
    endloop
  endfacet
  facet normal 0.999762 -0.0218014 0
    outer loop
      vertex -31.4986 29.0654 28
      vertex -31.5 29 28
      vertex -31.5 29 3
    endloop
  endfacet
  facet normal 0.999762 0.0218014 0
    outer loop
      vertex -31.5 29 3
      vertex -31.5 29 28
      vertex -31.4986 28.9346 3
    endloop
  endfacet
  facet normal 0.999762 0.0218014 0
    outer loop
      vertex -31.5 29 28
      vertex -31.4986 28.9346 28
      vertex -31.4986 28.9346 3
    endloop
  endfacet
  facet normal 0.997859 0.0654044 0
    outer loop
      vertex -31.4986 28.9346 3
      vertex -31.4986 28.9346 28
      vertex -31.4943 28.8693 3
    endloop
  endfacet
  facet normal 0.997859 0.0654044 0
    outer loop
      vertex -31.4986 28.9346 28
      vertex -31.4943 28.8693 28
      vertex -31.4943 28.8693 3
    endloop
  endfacet
  facet normal 0.994053 0.108894 0
    outer loop
      vertex -31.4943 28.8693 3
      vertex -31.4943 28.8693 28
      vertex -31.4872 28.8042 3
    endloop
  endfacet
  facet normal 0.994053 0.108894 0
    outer loop
      vertex -31.4943 28.8693 28
      vertex -31.4872 28.8042 28
      vertex -31.4872 28.8042 3
    endloop
  endfacet
  facet normal 0.988366 0.152096 0
    outer loop
      vertex -31.4872 28.8042 3
      vertex -31.4872 28.8042 28
      vertex -31.4772 28.7395 3
    endloop
  endfacet
  facet normal 0.988366 0.152096 0
    outer loop
      vertex -31.4872 28.8042 28
      vertex -31.4772 28.7395 28
      vertex -31.4772 28.7395 3
    endloop
  endfacet
  facet normal 0.980777 0.195131 0
    outer loop
      vertex -31.4772 28.7395 3
      vertex -31.4772 28.7395 28
      vertex -31.4644 28.6753 3
    endloop
  endfacet
  facet normal 0.980777 0.195131 0
    outer loop
      vertex -31.4772 28.7395 28
      vertex -31.4644 28.6753 28
      vertex -31.4644 28.6753 3
    endloop
  endfacet
  facet normal 0.971349 0.237657 0
    outer loop
      vertex -31.4644 28.6753 3
      vertex -31.4644 28.6753 28
      vertex -31.4489 28.6118 3
    endloop
  endfacet
  facet normal 0.971349 0.237657 0
    outer loop
      vertex -31.4644 28.6753 28
      vertex -31.4489 28.6118 28
      vertex -31.4489 28.6118 3
    endloop
  endfacet
  facet normal 0.96005 0.27983 0
    outer loop
      vertex -31.4489 28.6118 3
      vertex -31.4489 28.6118 28
      vertex -31.4306 28.5489 3
    endloop
  endfacet
  facet normal 0.96005 0.27983 0
    outer loop
      vertex -31.4489 28.6118 28
      vertex -31.4306 28.5489 28
      vertex -31.4306 28.5489 3
    endloop
  endfacet
  facet normal 0.94693 0.32144 0
    outer loop
      vertex -31.4306 28.5489 3
      vertex -31.4306 28.5489 28
      vertex -31.4095 28.487 3
    endloop
  endfacet
  facet normal 0.94693 0.32144 0
    outer loop
      vertex -31.4306 28.5489 28
      vertex -31.4095 28.487 28
      vertex -31.4095 28.487 3
    endloop
  endfacet
  facet normal 0.93201 0.362433 0
    outer loop
      vertex -31.4095 28.487 3
      vertex -31.4095 28.487 28
      vertex -31.3858 28.426 3
    endloop
  endfacet
  facet normal 0.93201 0.362433 0
    outer loop
      vertex -31.4095 28.487 28
      vertex -31.3858 28.426 28
      vertex -31.3858 28.426 3
    endloop
  endfacet
  facet normal 0.915298 0.402777 0
    outer loop
      vertex -31.3858 28.426 3
      vertex -31.3858 28.426 28
      vertex -31.3595 28.3661 3
    endloop
  endfacet
  facet normal 0.915298 0.402777 0
    outer loop
      vertex -31.3858 28.426 28
      vertex -31.3595 28.3661 28
      vertex -31.3595 28.3661 3
    endloop
  endfacet
  facet normal 0.896873 0.442289 0
    outer loop
      vertex -31.3595 28.3661 3
      vertex -31.3595 28.3661 28
      vertex -31.3305 28.3074 3
    endloop
  endfacet
  facet normal 0.896873 0.442289 0
    outer loop
      vertex -31.3595 28.3661 28
      vertex -31.3305 28.3074 28
      vertex -31.3305 28.3074 3
    endloop
  endfacet
  facet normal 0.876747 0.480953 0
    outer loop
      vertex -31.3305 28.3074 3
      vertex -31.3305 28.3074 28
      vertex -31.299 28.25 3
    endloop
  endfacet
  facet normal 0.876747 0.480953 0
    outer loop
      vertex -31.3305 28.3074 28
      vertex -31.299 28.25 28
      vertex -31.299 28.25 3
    endloop
  endfacet
  facet normal 0.854898 0.518796 0
    outer loop
      vertex -31.299 28.25 3
      vertex -31.299 28.25 28
      vertex -31.2651 28.1941 3
    endloop
  endfacet
  facet normal 0.854898 0.518796 0
    outer loop
      vertex -31.299 28.25 28
      vertex -31.2651 28.1941 28
      vertex -31.2651 28.1941 3
    endloop
  endfacet
  facet normal 0.831472 0.555567 0
    outer loop
      vertex -31.2651 28.1941 3
      vertex -31.2651 28.1941 28
      vertex -31.2287 28.1396 3
    endloop
  endfacet
  facet normal 0.831472 0.555567 0
    outer loop
      vertex -31.2651 28.1941 28
      vertex -31.2287 28.1396 28
      vertex -31.2287 28.1396 3
    endloop
  endfacet
  facet normal 0.806446 0.591308 0
    outer loop
      vertex -31.2287 28.1396 3
      vertex -31.2287 28.1396 28
      vertex -31.19 28.0869 3
    endloop
  endfacet
  facet normal 0.806446 0.591308 0
    outer loop
      vertex -31.2287 28.1396 28
      vertex -31.19 28.0869 28
      vertex -31.19 28.0869 3
    endloop
  endfacet
  facet normal 0.77989 0.625916 0
    outer loop
      vertex -31.19 28.0869 3
      vertex -31.19 28.0869 28
      vertex -31.1491 28.0358 3
    endloop
  endfacet
  facet normal 0.77989 0.625916 0
    outer loop
      vertex -31.19 28.0869 28
      vertex -31.1491 28.0358 28
      vertex -31.1491 28.0358 3
    endloop
  endfacet
  facet normal 0.751829 0.659359 0
    outer loop
      vertex -31.1491 28.0358 3
      vertex -31.1491 28.0358 28
      vertex -31.1059 27.9866 3
    endloop
  endfacet
  facet normal 0.751829 0.659359 0
    outer loop
      vertex -31.1491 28.0358 28
      vertex -31.1059 27.9866 28
      vertex -31.1059 27.9866 3
    endloop
  endfacet
  facet normal 0.722365 0.691512 0
    outer loop
      vertex -31.1059 27.9866 3
      vertex -31.1059 27.9866 28
      vertex -31.0607 27.9393 3
    endloop
  endfacet
  facet normal 0.722365 0.691512 0
    outer loop
      vertex -31.1059 27.9866 28
      vertex -31.0607 27.9393 28
      vertex -31.0607 27.9393 3
    endloop
  endfacet
  facet normal 0.691513 0.722364 0
    outer loop
      vertex -31.0607 27.9393 3
      vertex -31.0607 27.9393 28
      vertex -31.0134 27.8941 3
    endloop
  endfacet
  facet normal 0.691513 0.722364 0
    outer loop
      vertex -31.0607 27.9393 28
      vertex -31.0134 27.8941 28
      vertex -31.0134 27.8941 3
    endloop
  endfacet
  facet normal 0.659342 0.751843 0
    outer loop
      vertex -31.0134 27.8941 3
      vertex -31.0134 27.8941 28
      vertex -30.9642 27.8509 3
    endloop
  endfacet
  facet normal 0.659342 0.751843 0
    outer loop
      vertex -31.0134 27.8941 28
      vertex -30.9642 27.8509 28
      vertex -30.9642 27.8509 3
    endloop
  endfacet
  facet normal 0.62593 0.779879 0
    outer loop
      vertex -30.9642 27.8509 3
      vertex -30.9642 27.8509 28
      vertex -30.9131 27.81 3
    endloop
  endfacet
  facet normal 0.62593 0.779879 0
    outer loop
      vertex -30.9642 27.8509 28
      vertex -30.9131 27.81 28
      vertex -30.9131 27.81 3
    endloop
  endfacet
  facet normal 0.591308 0.806446 0
    outer loop
      vertex -30.9131 27.81 3
      vertex -30.9131 27.81 28
      vertex -30.8604 27.7713 3
    endloop
  endfacet
  facet normal 0.591308 0.806446 0
    outer loop
      vertex -30.9131 27.81 28
      vertex -30.8604 27.7713 28
      vertex -30.8604 27.7713 3
    endloop
  endfacet
  facet normal 0.555567 0.831472 0
    outer loop
      vertex -30.8604 27.7713 3
      vertex -30.8604 27.7713 28
      vertex -30.8059 27.7349 3
    endloop
  endfacet
  facet normal 0.555567 0.831472 0
    outer loop
      vertex -30.8604 27.7713 28
      vertex -30.8059 27.7349 28
      vertex -30.8059 27.7349 3
    endloop
  endfacet
  facet normal 0.518775 0.854911 0
    outer loop
      vertex -30.8059 27.7349 3
      vertex -30.8059 27.7349 28
      vertex -30.75 27.701 3
    endloop
  endfacet
  facet normal 0.518775 0.854911 0
    outer loop
      vertex -30.8059 27.7349 28
      vertex -30.75 27.701 28
      vertex -30.75 27.701 3
    endloop
  endfacet
  facet normal 0.480984 0.876729 0
    outer loop
      vertex -30.75 27.701 3
      vertex -30.75 27.701 28
      vertex -30.6926 27.6695 3
    endloop
  endfacet
  facet normal 0.480984 0.876729 0
    outer loop
      vertex -30.75 27.701 28
      vertex -30.6926 27.6695 28
      vertex -30.6926 27.6695 3
    endloop
  endfacet
  facet normal 0.4423 0.896867 0
    outer loop
      vertex -30.6926 27.6695 3
      vertex -30.6926 27.6695 28
      vertex -30.6339 27.6405 3
    endloop
  endfacet
  facet normal 0.4423 0.896867 0
    outer loop
      vertex -30.6926 27.6695 28
      vertex -30.6339 27.6405 28
      vertex -30.6339 27.6405 3
    endloop
  endfacet
  facet normal 0.402753 0.915309 0
    outer loop
      vertex -30.6339 27.6405 3
      vertex -30.6339 27.6405 28
      vertex -30.574 27.6142 3
    endloop
  endfacet
  facet normal 0.402753 0.915309 0
    outer loop
      vertex -30.6339 27.6405 28
      vertex -30.574 27.6142 28
      vertex -30.574 27.6142 3
    endloop
  endfacet
  facet normal 0.362423 0.932014 0
    outer loop
      vertex -30.574 27.6142 3
      vertex -30.574 27.6142 28
      vertex -30.513 27.5905 3
    endloop
  endfacet
  facet normal 0.362423 0.932014 0
    outer loop
      vertex -30.574 27.6142 28
      vertex -30.513 27.5905 28
      vertex -30.513 27.5905 3
    endloop
  endfacet
  facet normal 0.321449 0.946927 0
    outer loop
      vertex -30.513 27.5905 3
      vertex -30.513 27.5905 28
      vertex -30.4511 27.5694 3
    endloop
  endfacet
  facet normal 0.321449 0.946927 0
    outer loop
      vertex -30.513 27.5905 28
      vertex -30.4511 27.5694 28
      vertex -30.4511 27.5694 3
    endloop
  endfacet
  facet normal 0.27983 0.96005 0
    outer loop
      vertex -30.4511 27.5694 3
      vertex -30.4511 27.5694 28
      vertex -30.3882 27.5511 3
    endloop
  endfacet
  facet normal 0.27983 0.96005 0
    outer loop
      vertex -30.4511 27.5694 28
      vertex -30.3882 27.5511 28
      vertex -30.3882 27.5511 3
    endloop
  endfacet
  facet normal 0.237684 0.971343 0
    outer loop
      vertex -30.3882 27.5511 3
      vertex -30.3882 27.5511 28
      vertex -30.3247 27.5356 3
    endloop
  endfacet
  facet normal 0.237684 0.971343 0
    outer loop
      vertex -30.3882 27.5511 28
      vertex -30.3247 27.5356 28
      vertex -30.3247 27.5356 3
    endloop
  endfacet
  facet normal 0.195098 0.980784 0
    outer loop
      vertex -30.3247 27.5356 3
      vertex -30.3247 27.5356 28
      vertex -30.2605 27.5228 3
    endloop
  endfacet
  facet normal 0.195098 0.980784 0
    outer loop
      vertex -30.3247 27.5356 28
      vertex -30.2605 27.5228 28
      vertex -30.2605 27.5228 3
    endloop
  endfacet
  facet normal 0.1521 0.988365 0
    outer loop
      vertex -30.2605 27.5228 3
      vertex -30.2605 27.5228 28
      vertex -30.1958 27.5128 3
    endloop
  endfacet
  facet normal 0.1521 0.988365 0
    outer loop
      vertex -30.2605 27.5228 28
      vertex -30.1958 27.5128 28
      vertex -30.1958 27.5128 3
    endloop
  endfacet
  facet normal 0.108863 0.994057 0
    outer loop
      vertex -30.1958 27.5128 3
      vertex -30.1958 27.5128 28
      vertex -30.1307 27.5057 3
    endloop
  endfacet
  facet normal 0.108863 0.994057 0
    outer loop
      vertex -30.1958 27.5128 28
      vertex -30.1307 27.5057 28
      vertex -30.1307 27.5057 3
    endloop
  endfacet
  facet normal 0.0654044 0.997859 0
    outer loop
      vertex -30.1307 27.5057 3
      vertex -30.1307 27.5057 28
      vertex -30.0654 27.5014 3
    endloop
  endfacet
  facet normal 0.0654044 0.997859 0
    outer loop
      vertex -30.1307 27.5057 28
      vertex -30.0654 27.5014 28
      vertex -30.0654 27.5014 3
    endloop
  endfacet
  facet normal 0.0218299 0.999762 0
    outer loop
      vertex -30.0654 27.5014 3
      vertex -30.0654 27.5014 28
      vertex -30 27.5 3
    endloop
  endfacet
  facet normal 0.0218299 0.999762 0
    outer loop
      vertex -30.0654 27.5014 28
      vertex -30 27.5 28
      vertex -30 27.5 3
    endloop
  endfacet
endsolid Mesh
